TestCenter,Model,AUC
Chile,LogReg,0.5470383275261324
Chile,RF,0.6033681765389083
Chile,SVM,0.6062717770034843
Spain,LogReg,0.642089093701997
Spain,RF,0.6774193548387096
Spain,SVM,0.6129032258064516
Japan,LogReg,0.8571428571428572
Japan,RF,0.7901785714285714
Japan,SVM,0.75
