TestCenter,Model,AUC
Chile,LogReg,0.40534262485482
Chile,RF,0.4547038327526132
Chile,SVM,0.4581881533101045
Spain,LogReg,0.6251920122887864
Spain,RF,0.6536098310291858
Spain,SVM,0.511520737327189
Japan,LogReg,0.7886904761904763
Japan,RF,0.6190476190476191
Japan,SVM,0.6398809523809523
