TestCenter,Model,AUC
Chile,LogReg,0.3890824622531939
Chile,RF,0.45993031358885017
Chile,SVM,0.4465737514518002
Spain,LogReg,0.631336405529954
Spain,RF,0.6274961597542243
Spain,SVM,0.4961597542242704
Japan,LogReg,0.7113095238095238
Japan,RF,0.5758928571428572
Japan,SVM,0.6101190476190477
