Source,Target,Acc,AUC
Spain,Chile,0.5915492957746479,0.6470099667774086
Spain,Japan,0.54,0.6714975845410628
