Excluded,Acc,AUC
Chile,0.5774647887323944,0.5813953488372093
Spain,0.5531914893617021,0.6823308270676691
Japan,0.58,0.6215780998389693
