Model,Nagoya_Acc,Nagoya_AUC,Cruces_Acc,Cruces_AUC
MLP,0.46,0.5104669887278582,0.3076923076923077,0.3759398496240602
CNN,0.54,0.5056360708534622,0.7307692307692307,0.4887218045112782
LSTM,0.46,0.46698872785829304,0.5,0.40601503759398494
RCNN,0.46,0.42673107890499196,0.4230769230769231,0.43609022556390975
ResNet,0.48,0.5185185185185185,0.34615384615384615,0.4511278195488722
Transf,0.5,0.47826086956521735,0.5384615384615384,0.6165413533834587
