Phase,Chile_Acc,Chile_AUC,Spain_Acc,Spain_AUC
Day,0.5915492957746479,0.5755813953488371,0.723404255319149,0.7161654135338347
Night,0.5352112676056338,0.5124584717607974,0.6382978723404256,0.6334586466165414
