Subject,Group,clock,hours_in,n_beats,cx,HR,cx_HR,SDNN,RMSSD,drift
SUB-001,PD,17.066111111111113,0.0,1154,0.9471254490120394,76.93692372310709,0.0123104148590695,39.85134191048175,31.82159723055328,22.422488903658884
SUB-001,PD,17.316111111111113,0.25,1142,0.830814891095519,76.10855577017703,0.0109161825853627,48.74440113574881,11.109841197270615,34.809955967166985
SUB-001,PD,17.566111111111113,0.5,1123,0.9765592084652758,74.86001244333838,0.0130451382065216,30.60586565430141,9.905660169156285,17.744650309081138
SUB-001,PD,17.816111111111113,0.75,1231,0.5598215178607268,82.09156777555859,0.0068194765069087,59.949554766106885,12.181019488218451,50.37982469234302
SUB-001,PD,18.066111111111116,1.0,1270,0.9148381814587296,84.63441155204184,0.0108092933439514,37.45096126576843,29.63392354623149,18.42190840876215
SUB-001,PD,18.316111111111116,1.25,1209,1.0152715727739203,80.5893442978095,0.0125980870252783,55.25415365192378,34.00861791833405,19.96840430721712
SUB-001,PD,18.566111111111116,1.5,1222,0.7438897293289822,81.4970922477725,0.0091278070028236,61.26582736306044,12.936276757524029,46.28152342891944
SUB-001,PD,18.816111111111116,1.75,1343,0.8299342178560684,89.50588486197567,0.0092723983359963,38.59057807689586,11.619302763991971,25.746882265674707
SUB-001,PD,19.066111111111116,2.0,1253,0.7456574354590445,83.53416867502008,0.0089263764431527,48.51675678322187,10.267586020273026,39.32291183574834
SUB-001,PD,19.316111111111116,2.25,1227,0.6012915251008957,81.84119340067835,0.0073470522620203,55.37447900586164,14.833469276157922,43.14861709245183
SUB-001,PD,19.566111111111116,2.5,1173,0.7214031994473695,78.15701364249662,0.0092301786599369,39.136116285097096,12.84835416612404,24.791999436799923
SUB-001,PD,19.816111111111116,2.75,1199,0.9054991213902486,79.97749868538516,0.0113219234944105,31.094229326271144,14.240276534990054,17.506814596803384
SUB-001,PD,20.066111111111116,3.0,1203,0.9649333162548114,80.186546479424,0.0120336061174852,22.151359806764997,6.36278437151556,16.087390965252336
SUB-001,PD,20.316111111111116,3.25,1207,0.8113318872694537,80.44253390649472,0.0100858569200783,37.41948635151612,9.93373567584783,22.49390939513102
SUB-001,PD,20.566111111111116,3.5,1257,0.6609190932199234,83.83334704249023,0.007883725468875,67.61215670272685,16.91753603447343,58.15163833021096
SUB-001,PD,20.816111111111116,3.75,1111,0.8151972173364654,74.02998069845388,0.0110117172751537,32.80179911211714,18.888434900037986,16.151903664891222
SUB-001,PD,21.066111111111116,4.0,1102,0.8117390986966575,73.50235614403883,0.0110437153484703,34.60682995089998,8.81111716239261,25.673989911075463
SUB-001,PD,21.316111111111116,4.25,1093,1.001331311792614,72.88035197720461,0.0137393863315288,30.247089752703843,12.69016520933802,18.987674119903907
SUB-001,PD,21.566111111111116,4.5,1093,0.9676532995100776,72.85865221492303,0.0132812407324751,32.504368306839,10.123911780709555,19.9811022148106
SUB-001,PD,21.816111111111116,4.75,1209,1.0070586118856404,80.62571064328291,0.012490539355879,47.14464542364173,16.397887927316166,23.75120620905213
SUB-001,PD,22.066111111111116,5.0,1151,0.6513151515657422,76.72821811879207,0.0084885999901283,57.64996006255331,21.033658326803156,47.602264958712624
SUB-001,PD,22.316111111111116,5.25,975,0.7300670397667925,64.99407831730888,0.0112328239536303,87.74176759837837,66.89048329655586,68.04035143924145
SUB-001,PD,22.566111111111116,5.5,869,1.2381738075747062,57.90534574955438,0.0213827202229292,46.6643170027253,43.31547546485602,11.078955176928178
SUB-001,PD,22.816111111111116,5.75,917,0.9986953490692624,61.1323823851629,0.0163366011613453,90.88933927228295,45.50195542609409,46.00766101750165
SUB-001,PD,23.066111111111116,6.0,866,1.2832941416009471,57.73455217387922,0.0222274893158614,44.03054012086968,36.41537819089797,15.7429679437909
SUB-001,PD,23.316111111111116,6.25,944,1.1939837327737144,62.9232656108356,0.0189752346955131,56.75947190736834,29.76372136050656,28.92934760044029
SUB-001,PD,23.566111111111116,6.5,899,1.019163078296748,59.97038170247397,0.0169944404114857,67.66130373162449,29.769081582454078,43.12255335258452
SUB-001,PD,23.816111111111116,6.75,894,1.225060929006777,59.56856103723035,0.0205655618949921,36.62424324731367,29.078917219383104,16.94377255927295
SUB-001,PD,0.0661111111111125,7.0,1188,0.7892692501213634,79.25204217436116,0.0099589768095174,77.50412506181927,25.46679619639749,55.39874219999045
SUB-001,PD,0.3161111111111125,7.25,973,0.7346820175868588,64.87099139942663,0.0113252780902212,112.14411278079096,44.706254338232505,97.57316520101678
SUB-001,PD,0.5661111111111126,7.5,930,0.8728787149639802,61.9500957561964,0.0140900301171313,114.94616173131932,44.93678133188137,69.20720915644898
SUB-001,PD,0.8161111111111126,7.75,904,1.3316837873465044,60.30345177224773,0.0220830441410877,48.32494374459576,32.17487515690039,27.09679338621557
SUB-001,PD,1.0661111111111126,8.0,952,1.1251923489323492,63.49947472860978,0.017719711127396,46.96773193849716,21.5154799626486,36.30081329070283
SUB-001,PD,1.3161111111111126,8.25,967,1.1181499373803554,64.47110800966288,0.0173434267208928,43.24457573409072,21.01032478121193,22.53024617029636
SUB-001,PD,1.5661111111111126,8.5,934,1.3433388098147945,62.27047208440516,0.0215726453461594,38.777432808245095,23.70491150757567,14.922350475518815
SUB-001,PD,1.8161111111111128,8.75,931,1.166566859384672,62.07183931994333,0.0187938181334004,51.71172069256429,32.055781355000065,32.92896541451878
SUB-001,PD,2.066111111111113,9.0,919,1.4697774920025306,61.216401199459554,0.0240095376925801,29.728759116106318,25.296606504699287,8.41891033911956
SUB-001,PD,2.316111111111113,9.25,1017,0.5348194644886188,67.82532145334258,0.007885247766301,114.19850907040887,24.47940239736835,92.05430413605848
SUB-001,PD,2.566111111111113,9.5,1255,0.3878518428806931,83.65393267913662,0.0046363850503997,98.34014517328812,24.896372147212613,93.62859192472033
SUB-001,PD,2.816111111111113,9.75,1030,0.8122920007709247,68.68383762607318,0.0118265377830689,71.08707989369026,33.595330903317524,44.02481752270131
SUB-001,PD,3.066111111111113,10.0,948,1.1497026226289435,63.20393268914511,0.018190365278115,48.32342265897633,28.956089539786166,28.175403376401032
SUB-001,PD,3.316111111111113,10.25,970,0.9282811536690256,64.6326268165433,0.0143624234290199,93.9173403917137,30.86514828639205,69.46313124724138
SUB-001,PD,3.566111111111113,10.5,936,0.9181182882591564,62.42545571360766,0.0147074342952537,76.60381406324998,27.13369553074332,60.94957114677291
SUB-001,PD,3.816111111111113,10.75,915,1.3486536924317214,61.01606756445864,0.0221032548681865,50.99943666792339,29.524736504252058,24.935123455265277
SUB-001,PD,4.066111111111113,11.0,886,1.186355548763555,59.03642689688949,0.020095314217366,66.3815654412191,29.63756587060522,34.72740118145953
SUB-001,PD,4.316111111111113,11.25,890,1.3167365371242594,59.35865969480312,0.0221827201607037,47.85991442062174,40.12758056698323,27.062990203724784
SUB-001,PD,4.566111111111113,11.5,920,1.2931266675444508,61.29723607209088,0.0210960028609384,42.56462210483465,27.71122264928366,30.90444528958696
SUB-001,PD,4.816111111111113,11.75,962,0.7921007910223912,64.14046005111679,0.0123494716188678,81.47818663452549,27.55165425968773,41.5981015329702
SUB-001,PD,5.066111111111113,12.0,938,1.1758159301916558,62.53131843529486,0.0188036324775136,82.62650889923505,32.44341597501823,31.52522361200025
SUB-001,PD,5.316111111111113,12.25,1212,0.2554405257827207,80.80691348037554,0.0031611221711216,143.43928951827343,20.65616436664528,141.94242946318482
SUB-001,PD,5.566111111111113,12.5,1329,0.628347752104336,88.6037410468442,0.0070916616463421,58.82873819406832,12.134040537225683,52.55182348915589
SUB-001,PD,5.816111111111113,12.75,1282,0.8937151644397794,85.4811034752536,0.0104551196475663,49.8585000422578,13.605143216298297,32.21596570388159
SUB-002,PD,11.319166666666666,0.0,733,0.2821072229929749,78.01911628005989,0.0036158730891069,241.46577580796637,319.2062752748814,110.92465073515936
SUB-002,PD,11.569166666666666,0.25,944,0.6844187351951374,64.19017699897323,0.0106623593701273,62.860255757265485,49.38272202257011,39.29567372927597
SUB-002,PD,11.819166666666666,0.5,920,0.4180829937156908,62.2397515822089,0.0067172985606067,105.99068273823424,84.39602355659535,65.92646458736272
SUB-002,PD,12.069166666666666,0.75,1013,0.4664026136760099,67.83202032951763,0.0068758472976375,124.44143100179566,119.65559519909878,74.14222855964698
SUB-002,PD,12.319166666666666,1.0,1051,0.8243314247669205,70.23703048616812,0.011736421928163,69.06647720676716,74.83434403814232,28.71303402370033
SUB-002,PD,12.569166666666666,1.25,1095,0.3430364831982805,74.23359742566471,0.0046210408102852,136.12473558999005,166.60904549339264,70.15624135990291
SUB-002,PD,12.819166666666666,1.5,1055,0.6269899673737338,71.21545544140082,0.0088041277485004,107.52074752661493,144.92461234640967,29.96429054237454
SUB-002,PD,13.069166666666666,1.75,1113,0.2347394340884427,84.59418101482615,0.0027748886657736,174.94078822441207,210.34974088219988,97.06320403858976
SUB-002,PD,13.319166666666666,2.0,790,0.2713230282274079,68.87893002249463,0.0039391295442423,193.86111824314372,228.97230864060364,108.89258273641074
SUB-002,PD,13.569166666666666,2.25,848,0.4227642638903896,66.55034308480721,0.0063525482258092,161.47840976589043,197.11091873793876,49.21547986735405
SUB-002,PD,13.819166666666666,2.5,602,0.2583749903427582,71.47012382614477,0.0036151468125516,239.86744265863825,302.0839653635785,169.03305424694005
SUB-002,PD,14.069166666666666,2.75,972,1.106300480842774,64.78948970500342,0.0170753078297102,34.879849178839095,30.56885998567648,19.83065058086998
SUB-002,PD,14.319166666666666,3.0,1067,0.99863494509876,71.14621870405418,0.0140363741501535,38.17105302505235,29.03963132715808,25.671061363958017
SUB-002,PD,14.569166666666666,3.25,1011,1.1434745430806903,67.44893795164714,0.0169531882607317,37.06703702634074,33.76914931627024,24.925029276822464
SUB-002,PD,14.819166666666666,3.5,986,0.9653848198929912,66.33521484940023,0.0145531272052813,44.33628403580715,25.851744435440523,32.02719716227319
SUB-002,PD,15.069166666666666,3.75,1044,0.8490878043735204,70.12241196917032,0.012108650865387,35.449457323510025,21.01768419444472,29.020418126623376
SUB-002,PD,15.319166666666666,4.0,907,0.3572399663375955,72.32412691409084,0.0049394300571638,171.4575868960248,201.6557182367308,103.45058602834791
SUB-002,PD,15.569166666666666,4.25,1018,0.6803312056203585,69.68156165186828,0.0097634322407887,58.5944962429435,77.53489397476135,24.508148050098317
SUB-002,PD,15.819166666666666,4.5,863,0.3381184767841708,67.10696160206531,0.0050385007562876,128.82269064414345,152.69808177031598,60.47037013279272
SUB-002,PD,16.069166666666668,4.75,928,0.4038056637495607,66.08368701398581,0.006110519585024,112.38193191054197,119.20193539692738,82.66048064566564
SUB-002,PD,16.319166666666668,5.0,988,0.3482501448665148,68.28415330760006,0.0051000141027999,140.30618049662036,168.48315481054442,67.75033705933805
SUB-002,PD,16.569166666666668,5.25,1109,0.2890896377997988,74.21915956338522,0.0038950809939165,131.96290753977098,145.30469045626867,60.710205681908455
SUB-002,PD,16.819166666666668,5.5,1050,0.2410931479762917,70.2322345890411,0.0034327990471473,149.929802522131,78.82732634344306,128.22632977862924
SUB-002,PD,17.069166666666668,5.75,985,0.3525786874731381,66.29068296228498,0.0053186763466252,97.91998470130646,109.65343131886024,42.637325721348944
SUB-002,PD,17.319166666666668,6.0,1033,0.3426759669194577,69.18267776476773,0.0049532047326154,122.28370869303568,111.86632907803558,79.04422138230309
SUB-002,PD,17.569166666666668,6.25,1044,0.967734671352089,69.55239524947369,0.0139137504593619,44.8795619079643,46.939813772215565,19.12511766665199
SUB-002,PD,17.819166666666668,6.5,1013,0.5390205808581641,67.9050758988373,0.0079378540370263,116.92853503038396,128.5427367760062,57.88734796283296
SUB-002,PD,18.069166666666668,6.75,1126,0.7019150686897933,75.11933366615928,0.0093440001985268,85.81727557003929,83.34590305201303,43.78519268941689
SUB-002,PD,18.319166666666668,7.0,1195,0.7585629528760703,79.65675382619051,0.0095228956295562,61.9971685177173,71.72893559091077,28.53914007914098
SUB-002,PD,18.569166666666668,7.25,1286,0.3943127725611099,86.08907251185734,0.004580288311351,84.37453147427492,105.56508310245398,28.8608615388304
SUB-002,PD,18.819166666666668,7.5,1248,0.6774770212715868,83.66620669620161,0.0080973794321948,46.462271512319205,52.15586411889628,17.078947270642825
SUB-002,PD,19.069166666666668,7.75,1256,0.6046580486258074,83.7528756709899,0.007219549702402,77.92501096389037,91.21762428434366,31.175010441688094
SUB-002,PD,19.319166666666668,8.0,1233,0.7962322373176287,82.18118963881601,0.0096887407059577,50.984106630204295,49.87728447393168,25.15115170254275
SUB-002,PD,19.569166666666668,8.25,1162,1.000512960842826,77.53481115068911,0.0129040484653832,42.38953751343186,37.80846147132406,20.18213588930993
SUB-002,PD,19.819166666666668,8.5,1306,0.4189841100372679,87.6065174955895,0.0047825678044828,56.36726425591217,26.07754425125658,48.98931758740222
SUB-002,PD,20.069166666666668,8.75,1060,0.4281070063391222,71.69048646954788,0.0059716013577473,161.0686337870591,214.8751070150539,25.858707537971696
SUB-002,PD,20.319166666666668,9.0,1042,0.502865859845232,69.56955230457488,0.0072282463116003,100.29932862284348,103.72138564702048,40.3897120856005
SUB-002,PD,20.569166666666668,9.25,938,0.4661692426349867,62.624974546085774,0.0074438232672163,98.39860969032097,101.81874891559212,50.34438983829171
SUB-002,PD,20.819166666666668,9.5,907,0.7154050253525275,60.79142798416429,0.0117681891851411,55.46685943867946,68.04053460097056,19.56842778636345
SUB-002,PD,21.069166666666668,9.75,914,0.7331861148010536,60.92446543891944,0.0120343462928881,40.30466314266072,50.88671566652047,10.892532169588511
SUB-002,PD,21.319166666666668,10.0,898,1.0856936820625775,60.03289107172304,0.0180849807943693,29.87996127539907,31.97438355955244,12.435509275159651
SUB-002,PD,21.569166666666668,10.25,1088,0.2364399852917436,73.80774709992538,0.0032034575580749,136.03658226911168,125.98650648385866,96.7248802681772
SUB-002,PD,21.819166666666668,10.5,914,0.2446132311144584,61.261969766704055,0.0039929050934207,105.38276054961216,116.27854441155932,51.70131564831532
SUB-002,PD,22.069166666666668,10.75,906,0.6622717187728442,60.40865857439567,0.0109631919397321,55.08501640072891,43.321833011422925,22.39727938686337
SUB-002,PD,22.319166666666668,11.0,892,1.2185439054771137,59.50680069780397,0.0204773889906348,28.797932843646937,23.24137724321896,13.802998245537534
SUB-002,PD,22.569166666666668,11.25,893,1.4101063437434258,59.516272002026085,0.0236927868011528,22.31489495339024,23.64149749037576,6.486163517291525
SUB-002,PD,22.819166666666668,11.5,899,1.2511100415126983,60.20405088213333,0.0207811604564965,28.067603274023774,29.501500471447454,12.639958762030822
SUB-002,PD,23.069166666666668,11.75,915,1.3936476158692206,60.990309317519554,0.0228503123113181,22.92909670060061,22.85043176720044,6.206655271749836
SUB-002,PD,23.319166666666668,12.0,957,1.110405167194859,63.79312451880187,0.0174063455203168,35.86250039047362,17.925432483126116,23.63477130103521
SUB-002,PD,23.569166666666668,12.25,956,1.2070414165468517,63.755506081559474,0.0189323478195395,32.08265401841056,16.286473364718518,20.26458174867964
SUB-002,PD,23.819166666666668,12.5,942,1.322606754812376,62.97928101997018,0.0210006645581264,24.763792709879493,18.69820156496556,8.769367900367081
SUB-002,PD,0.0691666666666677,12.75,939,1.1929686235079973,62.61266167158248,0.0190531530150464,29.962204453920933,21.6990463862469,17.425914429957306
SUB-002,PD,0.3191666666666677,13.0,922,1.3588644556909637,61.4625008749407,0.0221088376871595,24.264339079749945,24.108490761942665,8.823176733425424
SUB-002,PD,0.5691666666666677,13.25,924,1.2733973901265574,61.64664596211133,0.0206563937137666,27.322793523722552,24.522481780522455,12.455356935738118
SUB-002,PD,0.8191666666666677,13.5,944,0.9296569109036674,62.90691243011269,0.0147782950234043,51.09588506070503,52.97265146051458,19.198333535639023
SUB-002,PD,1.0691666666666677,13.75,971,0.8478993810424637,64.69537871115612,0.013106027013584,48.41041289096588,16.856214247656162,36.58110152205515
SUB-002,PD,1.3191666666666677,14.0,922,1.289715206240226,61.4853855507121,0.0209759635511513,27.717923047780364,19.471826023416764,10.259118431053862
SUB-002,PD,1.5691666666666677,14.25,913,1.386507927590003,60.8814811604157,0.0227738862649664,25.02905840857872,23.214838532072,8.378762373358686
SUB-002,PD,1.819166666666668,14.5,905,1.314936002468155,60.58239428762691,0.0217049196871493,31.487577282187733,30.04946143849108,8.485125289403827
SUB-002,PD,2.069166666666668,14.75,946,0.9380632203573668,63.02702966800879,0.01488350673193,55.36437535669768,22.54282227181937,46.70567179143901
SUB-002,PD,2.319166666666668,15.0,970,0.8494260836998956,64.72830239461354,0.0131229470305184,52.341684464590216,50.09060933395453,23.464268798341543
SUB-002,PD,2.569166666666668,15.25,904,0.5361657130508115,61.715541871332654,0.008687693517601,94.39291338955668,123.86548718157404,39.59421276031653
SUB-002,PD,2.819166666666668,15.5,847,1.168485299927751,56.818499441541896,0.0205652263155938,37.990370972447565,35.45569605830246,22.0967536437444
SUB-002,PD,3.069166666666668,15.75,842,0.8805970595276216,56.090828949618185,0.0156994837840351,60.23231822354875,34.98882104469231,45.447754848929215
SUB-002,PD,3.319166666666668,16.0,814,1.342136059026391,54.286028683563806,0.02472341579543,32.523344588464035,38.327664161782685,6.693670526746993
SUB-002,PD,3.569166666666668,16.25,851,0.9776388319407444,56.90753361679363,0.0171794272182662,69.44404003869867,34.990486101897176,50.73985395823122
SUB-002,PD,3.819166666666668,16.5,848,0.9833849587613608,56.954543826342366,0.0172661370400886,72.26436544582496,34.750128468416186,56.95276476915404
SUB-002,PD,4.069166666666668,16.75,800,1.0303315017558252,53.314673197714136,0.0193254772084019,60.04815515158552,39.22715528992863,43.93372214311253
SUB-002,PD,4.319166666666668,17.0,869,0.7078344181530082,57.89370830631479,0.0122264480694148,85.16914019962445,65.0555151088895,52.65871735914992
SUB-002,PD,4.569166666666668,17.25,906,1.176310458813743,60.42725940813301,0.0194665531803916,35.814029767794985,25.815302327382167,18.567556980012736
SUB-002,PD,4.819166666666668,17.5,887,0.5955104359790055,59.72051874485918,0.009971621956654,109.41641350770192,108.39899960389003,46.85876659798213
SUB-002,PD,5.069166666666668,17.75,965,0.4483916068689049,64.91853788652598,0.0069069886886958,154.7393525321434,197.06987934333935,58.17074766168968
SUB-002,PD,5.319166666666668,18.0,893,0.9596690587770418,59.58411223787383,0.0161061233059211,43.48150007594399,44.31310579604503,16.7228213269125
SUB-002,PD,5.569166666666668,18.25,845,0.9565595447820008,56.97192531396363,0.0167900161265491,50.37847176688067,51.81975231374442,27.202954220548044
SUB-002,PD,5.819166666666668,18.5,860,0.7084557083941505,57.47715394520512,0.0123258661879734,65.36791334915225,50.26832541633928,44.47651574789052
SUB-002,PD,6.069166666666668,18.75,922,0.3069939282492507,61.847855616784784,0.0049636955911845,145.01075309545416,114.14581983915804,91.16778685219796
SUB-002,PD,6.319166666666668,19.0,951,0.9866578969160152,63.39859114241906,0.0155627732278715,41.71334403344037,51.868406365989,16.82209804203393
SUB-002,PD,6.569166666666668,19.25,953,0.7240059907181149,63.76835514892108,0.0113536877190467,66.85081142324356,85.6822594230097,14.993205682972748
SUB-002,PD,6.819166666666668,19.5,1084,0.3618902267159943,72.40060779108016,0.0049984418329783,140.72413115499242,156.5008090450769,72.85330974025382
SUB-002,PD,7.069166666666668,19.75,945,0.9277507752068852,63.02948379186264,0.0147193141906496,46.16933027089509,39.6521821700579,29.448055938736577
SUB-002,PD,7.319166666666668,20.0,1027,0.319992398922987,68.52247441527378,0.0046698897209068,130.870748074647,136.00802278251302,72.68699284629972
SUB-002,PD,7.569166666666668,20.25,1071,0.3403849449176379,71.9636351826696,0.004729957624481,118.5630807946036,104.49674680801284,92.81677098340072
SUB-002,PD,7.819166666666668,20.5,920,0.726019269544123,61.68335208790325,0.0117701007641331,93.04578717694936,94.31879933818232,42.46295611855864
SUB-002,PD,8.069166666666668,20.75,1008,0.6088034480473153,67.47951514718747,0.0090220483463667,119.66408048394524,123.70958158513116,59.99393936684866
SUB-002,PD,8.319166666666668,21.0,1067,0.7024707539949633,71.41582258712239,0.0098363461841806,96.49681875350876,122.50626204464037,27.544914915614573
SUB-002,PD,8.569166666666668,21.25,1169,0.53969105002911,78.13152697342258,0.0069074683541343,89.7727829488769,100.0182346388596,42.03314383249686
SUB-002,PD,8.819166666666668,21.5,1395,0.2770161873154118,93.00589037305696,0.0029784800317944,65.37845770222934,50.921832238886296,55.03754611796926
SUB-002,PD,9.069166666666668,21.75,1432,0.3765632267661876,95.4598784086465,0.00394472770177,56.02583830220304,45.4493367195384,42.73714682662645
SUB-002,PD,9.319166666666668,22.0,1298,0.4954411547050341,86.55102821021187,0.0057242665390609,59.51130805496048,36.56968084958149,47.6804916549864
SUB-002,PD,9.569166666666668,22.25,1439,0.0979406945636273,97.06347573581738,0.0010090375789776,80.14446999857374,36.11406939608057,81.39872412190039
SUB-002,PD,9.819166666666668,22.5,1225,0.7576066484668348,81.70815625267497,0.0092721055426095,41.96764742877084,54.62357071012644,10.792929862254512
SUB-002,PD,10.069166666666668,22.75,1204,0.619300832206604,80.31833813086418,0.0077105782641763,61.50729397044609,68.77338187745927,23.155595508071546
SUB-003,Control,22.968055555555555,0.0,1039,0.6470577362488596,69.8853852776582,0.0092588419406728,95.25552945417805,108.47083018916553,22.94294775737887
SUB-003,Control,23.218055555555555,0.25,969,0.5398133082284263,64.89512862384153,0.0083182408244754,114.16761133332128,72.54400203603988,96.39371214291938
SUB-003,Control,23.468055555555555,0.5,1028,0.6810156059356826,70.89826306152217,0.0096055330064254,156.76333921984366,201.11543140149428,32.2447404487386
SUB-003,Control,23.718055555555555,0.75,980,0.5227656802293857,69.42484819217931,0.0075299506422006,169.96135688077194,238.96214563819132,19.61094408623188
SUB-003,Control,23.968055555555555,1.0,934,0.5851749658781328,66.18136812618391,0.0088419895575808,165.76294829246876,117.91342855888944,128.48018698306848
SUB-003,Control,0.218055555555555,1.25,1114,0.5576752717864054,74.30059727275456,0.0075056633762875,122.50046651651463,23.274833610676403,105.7469792785578
SUB-003,Control,0.468055555555555,1.5,1152,0.4936139459692027,76.77543186180422,0.0064293216462488,136.28198777218557,22.42150125450228,127.83975824335006
SUB-003,Control,0.718055555555555,1.75,1035,0.9062874361386668,69.23385658223332,0.0130902347619796,101.25001032757602,23.9129425231621,84.82594474156609
SUB-003,Control,0.968055555555555,2.0,1202,0.8106590920637062,80.10049213155939,0.0101205257357502,83.35719517119082,19.898179616235417,62.571527423474016
SUB-003,Control,1.218055555555555,2.25,1115,0.8111497035944069,74.35663174461331,0.0109089086549858,85.63217345573634,31.858402497532637,67.61009467350378
SUB-003,Control,1.468055555555555,2.5,946,0.3093931908237856,63.09204368868368,0.0049038384673419,189.66955372686704,43.89241295877815,180.60048007350076
SUB-003,Control,1.718055555555555,2.75,752,1.101937420534714,50.1473188633719,0.0219740047027634,53.42525323307683,46.896137045322135,12.259437148060236
SUB-003,Control,1.968055555555555,3.0,744,0.7149931386921643,49.591238881131,0.0144177309303763,74.43671091583224,29.123582226826866,25.34938659994949
SUB-003,Control,2.218055555555555,3.25,714,1.0623736793231375,47.58186602217155,0.0223272807087495,74.54596396911404,34.90853607075332,38.5598525463246
SUB-003,Control,2.468055555555555,3.5,787,0.8495212378140395,52.451339219761344,0.016196368871626,70.88046447120698,21.43690071974476,42.13691368123122
SUB-003,Control,2.718055555555555,3.75,746,1.1571737534577982,49.759761295443575,0.0232552111049567,51.95788445656463,26.92006561815751,15.689624650049204
SUB-003,Control,2.968055555555555,4.0,734,0.7447842929617179,49.138404273836144,0.0151568677080195,98.85467425410572,55.25713179233443,57.769980058192814
SUB-003,Control,3.218055555555555,4.25,735,1.142545282627911,48.9971146143616,0.0233186237928593,39.03455000969759,25.27157669311233,15.799626234835753
SUB-003,Control,3.468055555555555,4.5,731,0.8260173874432691,48.7248876861344,0.0169526791475463,84.22201539824968,33.58210139712188,49.36626406109728
SUB-003,Control,3.718055555555555,4.75,704,0.8769357457793955,46.957855769123874,0.0186749529214237,86.03063522681944,55.423598303729285,36.75632207342718
SUB-003,Control,3.968055555555555,5.0,778,0.7423380210008896,51.86770402074708,0.0143121434622198,68.38035638536735,20.3495831432866,45.55587793770395
SUB-003,Control,4.218055555555555,5.25,731,0.7771603068102756,48.70611202849963,0.0159561146320924,111.20291316376468,32.04652012395097,78.7729775298007
SUB-003,Control,4.468055555555555,5.5,767,0.9501933427856308,51.158969661463686,0.0185733479206751,66.0841471507981,22.165941931784392,50.45215000762308
SUB-003,Control,4.718055555555555,5.75,756,0.6425953205047636,51.0413056492013,0.0125897116527782,109.30291308527934,88.41278862276079,47.12339189436918
SUB-003,Control,4.968055555555555,6.0,718,1.2141812956426603,47.836901483521366,0.0253816877345393,47.01658175659179,32.756252929741684,20.04872926501921
SUB-003,Control,5.218055555555555,6.25,735,1.3452781898346209,49.0068065009029,0.0274508437886038,32.557429116279295,21.93857538488441,10.592872262025224
SUB-003,Control,5.468055555555555,6.5,751,1.2918383690730175,50.09756016209996,0.0257864527712135,34.5406768570801,33.55238689969265,7.43028584535564
SUB-003,Control,5.718055555555555,6.75,757,0.7734664832098841,50.48029634668028,0.015322146246884,117.81008891447878,52.57485215732974,69.64065185189878
SUB-003,Control,5.968055555555555,7.0,762,0.777383001957976,50.80513696384857,0.015301267714545,94.22109471265176,29.215543178354693,39.65379692582624
SUB-003,Control,6.218055555555555,7.25,758,1.0571195698814662,50.52132048601777,0.0209242268355601,99.77836105282688,34.85630059092721,59.05434657674426
SUB-003,Control,6.468055555555555,7.5,747,0.9026544892345388,49.77522300010661,0.0181346146702869,120.8241130195169,35.36506281007178,74.4105819489568
SUB-003,Control,6.718055555555555,7.75,915,0.4276139313141875,61.29599153244445,0.0069762136254513,168.23066327673547,70.25481909539668,147.1654617345922
SUB-003,Control,6.968055555555555,8.0,1024,1.1701348381155117,68.2638602635225,0.0171413517137527,53.7640258867967,17.68746815726524,29.20689992754706
SUB-003,Control,7.218055555555555,8.25,1002,0.9803822082211132,66.81135793084825,0.0146738853779298,61.76467864939437,17.19082532993909,46.12322264055699
SUB-003,Control,7.468055555555555,8.5,998,0.8038350675784998,66.51123682243343,0.0120857031981605,85.15115105103057,36.27784787911517,62.00424055733494
SUB-003,Control,7.718055555555555,8.75,1053,0.9069832084252684,70.42818732693928,0.0128781279605408,89.14715841006081,64.3196257650426,35.950976375218794
SUB-003,Control,7.968055555555555,9.0,1075,0.5038111818226736,72.52585631109882,0.0069466423072839,193.9129032013504,256.3315419609862,79.94186594354507
SUB-003,Control,8.218055555555551,9.25,1057,0.5745671726284372,75.6922041326368,0.0075908368531799,184.14659442530905,221.41401214179572,74.27697442110865
SUB-003,Control,8.468055555555551,9.5,1069,0.5307827369957838,71.68474804722207,0.0074044026303354,121.05089156448356,114.27008219736808,77.51663568748012
SUB-003,Control,8.718055555555551,9.75,894,0.5010674591154823,65.91956191265044,0.0076011952230423,147.81408058355905,177.76151657464,71.3910224324292
SUB-003,Control,8.968055555555551,10.0,889,0.4680159808705249,69.72339393717574,0.0067124669991284,146.8792273023137,177.59106596817227,58.8793183243516
SUB-003,Control,9.218055555555551,10.25,1004,0.6174115027096518,71.86485970605078,0.0085912851598827,170.52293051185106,206.6873894776668,47.21211538353489
SUB-003,Control,9.468055555555551,10.5,892,0.6433842900899731,68.06519098822976,0.0094524716782361,165.21729033235852,216.62031102144093,65.50909732678474
SUB-003,Control,9.718055555555551,10.75,900,0.8471384947984666,62.87235863324807,0.0134739417005183,137.2673236602663,108.16949477350376,80.4967959186905
SUB-003,Control,9.968055555555551,11.0,810,0.5974293169858395,56.77490502469592,0.0105227708743144,158.4902159569331,133.6533946949101,105.94161518053778
SUB-003,Control,10.218055555555551,11.25,989,0.8349747241635826,65.99302035396458,0.0126524702110171,80.74032696941003,50.65569057721206,46.51528047780779
SUB-003,Control,10.468055555555551,11.5,1046,0.6439982297705112,70.69526017342642,0.0091094965658331,103.85319947447992,102.02785528270462,54.03159389434359
SUB-003,Control,10.718055555555551,11.75,999,0.8059490912581161,66.58527725536243,0.0121040134468045,62.64443023340964,26.24999284282753,41.25071927119158
SUB-003,Control,10.968055555555551,12.0,980,0.9931766123798732,65.29625956817851,0.0152103140202519,84.21413969365113,28.316322077846607,62.78151206485368
SUB-003,Control,11.218055555555551,12.25,1013,1.0779137936803918,67.58559953030344,0.0159488678234937,65.4022302262523,32.19034605975276,29.8535049266084
SUB-003,Control,11.468055555555551,12.5,1037,0.8668547435690268,69.08781214155562,0.0125471442313574,84.37543415703895,29.99382175764442,60.11262865242044
SUB-003,Control,11.718055555555551,12.75,1137,0.4077135054751361,81.24852616459793,0.0050181034010286,191.97814194741292,258.3020634565576,43.53372312075168
SUB-003,Control,11.968055555555551,13.0,1082,0.8391450528327831,72.13726080642168,0.0116326159803129,92.91875296397824,34.17661046758044,78.4819926628875
SUB-003,Control,12.218055555555551,13.25,1049,0.7177798479216818,69.98232095800394,0.0102565882082193,112.68800876185269,54.04744169892293,93.59870497454142
SUB-003,Control,12.468055555555551,13.5,1086,0.965525146544716,72.39774762562942,0.0133363975843208,79.56599351832448,24.097057969075333,54.63316092830958
SUB-003,Control,12.718055555555551,13.75,1149,1.1091693606979915,77.02079025073652,0.0144009085999657,58.16760502295026,25.666821273498485,28.10491450925864
SUB-003,Control,12.968055555555551,14.0,1070,0.7362999219957098,71.36711376718314,0.0103170757948499,80.96820632703006,26.120842439108245,56.61509444364228
SUB-003,Control,13.218055555555551,14.25,1160,0.7929472015626603,77.32267998631299,0.0102550403284394,79.22103982937097,20.903120961208057,63.677732728525854
SUB-003,Control,13.468055555555551,14.5,1131,0.8795809587011318,75.41759743940253,0.0116628079992586,71.2890114396229,20.174284867412386,44.811250089017584
SUB-003,Control,13.718055555555551,14.75,1193,0.9870377160007072,79.52979867561442,0.0124109168190734,74.4445938550638,29.24993546714616,52.27680044731852
SUB-003,Control,13.968055555555551,15.0,1254,0.7988887222058564,83.59990711121432,0.0095560958117223,79.88167245946838,93.00529895913056,42.12149689038543
SUB-003,Control,14.218055555555551,15.25,1219,0.7442167463150586,81.75638742735653,0.0091028575226164,67.79450502889358,61.78865137242959,32.97349449549111
SUB-003,Control,14.468055555555551,15.5,1235,0.718147351997558,83.17702562997337,0.0086339628828801,66.17801784182373,40.90852348050395,36.22465119915752
SUB-003,Control,14.718055555555551,15.75,981,0.3697049865506365,65.36963943412948,0.0056556069415554,161.46318851457514,23.750166487064156,139.0699954911115
SUB-003,Control,14.968055555555551,16.0,852,1.263428409288999,56.85426423664364,0.0222222277651901,47.98470088599729,25.50558105787599,23.791078565310823
SUB-003,Control,15.218055555555551,16.25,838,1.0466280278831264,55.83936742037227,0.0187435509432593,91.14754540776488,34.29757681510884,49.46072383549824
SUB-003,Control,15.468055555555551,16.5,972,0.8133749784853253,64.83032618591585,0.0125462114158239,132.91880918364265,66.13746879476705,92.926553904666
SUB-003,Control,15.718055555555551,16.75,1007,0.711382723058969,67.1399727306367,0.0105955170091148,94.44232794756302,20.8349330068422,69.0288116434303
SUB-003,Control,15.968055555555551,17.0,1136,0.6449039143539339,75.69968902709907,0.0085192412629736,113.13228514354591,30.28433537594965,90.9386382705894
SUB-003,Control,16.21805555555555,17.25,1056,0.6107629190113453,70.38717389275732,0.0086771905339161,100.7626770701068,30.32165634660969,86.93574651524806
SUB-003,Control,16.46805555555555,17.5,1184,0.930413500358269,78.97536577800851,0.0117810597164382,73.70841695273563,27.387161876909047,45.451844552302646
SUB-003,Control,16.71805555555555,17.75,1086,0.9047364583886528,72.42100209060627,0.0124927359781176,72.93272809308472,23.901988811068087,54.43270787468926
SUB-003,Control,16.96805555555555,18.0,1109,0.666597080859592,73.90877919446761,0.0090191867343073,75.98630417792607,19.43042758781925,65.010188440341
SUB-003,Control,17.21805555555555,18.25,1135,0.777712374111806,75.66321978665417,0.0102786053290449,62.35938557596297,24.207710084046106,40.82019920932648
SUB-003,Control,17.46805555555555,18.5,1114,0.6609339357098927,74.28870564934263,0.0088968293353989,95.51540830689366,25.463219779622783,70.54396824122173
SUB-003,Control,17.71805555555555,18.75,1015,0.8013165697600664,67.66854634850968,0.011841787846795,73.40916853506428,19.99918637398286,53.70224505299593
SUB-003,Control,17.96805555555555,19.0,967,0.8607556799067041,64.49217690553152,0.0133466680953806,81.88424540135921,59.48408280927307,25.79238551714324
SUB-003,Control,18.21805555555555,19.25,959,0.8013426237027031,64.54391880523082,0.0124154628125517,83.13177305247861,63.034677469424096,42.0298105757096
SUB-003,Control,18.46805555555555,19.5,1037,0.6157958368021734,71.19375984749752,0.0086495760038696,130.41958341623567,152.16806713752612,49.56879087628115
SUB-003,Control,18.71805555555555,19.75,1064,1.1229336902294602,71.83348673713489,0.0156324541830843,55.317345477064215,35.4471105756953,18.772057738324413
SUB-003,Control,18.96805555555555,20.0,995,1.0481693946539192,66.30364403494879,0.0158086242454702,51.48323934593719,33.78930753689601,28.01248865895505
SUB-003,Control,19.21805555555555,20.25,1029,0.780355076061537,68.67707093516057,0.0113626726567632,114.52617169739143,66.36278667485956,82.92785519063607
SUB-003,Control,19.46805555555555,20.5,1046,0.9356529962970108,69.7175306930429,0.0134206273084537,68.28651644434218,29.53831345426628,49.097689065062696
SUB-003,Control,19.71805555555555,20.75,1049,0.9022643077267036,69.97555191632284,0.0128939934451054,67.04500852882524,42.34671504153729,39.24115072917545
SUB-004,PD,13.361666666666666,0.0,1048,0.6562010268598456,69.8719458803554,0.0093914806377868,63.31348999552144,13.45713772961864,58.69454370423715
SUB-004,PD,13.611666666666666,0.25,920,1.0963569822345498,61.28226477935054,0.017890281734561,20.202960219888613,18.42586534200608,10.274527113770183
SUB-004,PD,13.861666666666666,0.5,942,0.4892325833029606,62.80781608377932,0.0077893582965912,50.548552616918855,15.228929626069966,40.95177147790944
SUB-004,PD,14.111666666666666,0.75,961,0.6068583639320453,64.05221933275051,0.0094744314912715,51.93155416993631,15.748842550062736,42.87968087383776
SUB-004,PD,14.361666666666666,1.0,977,0.305588195061512,65.15497926533371,0.0046901740819692,99.49764304001702,27.104420122259288,92.05152598536692
SUB-004,PD,14.611666666666666,1.25,1029,0.2425079050650081,68.596265314444,0.0035352931235156,99.5576828630866,29.012240808519383,92.5600618533936
SUB-004,PD,14.861666666666666,1.5,1045,0.2947253691640418,69.68741803114705,0.0042292479401706,92.06960988015648,30.751288793351527,85.303363874406
SUB-004,PD,15.111666666666666,1.75,1043,0.2915173642387295,69.52947058496751,0.0041927165817045,93.49750149346312,20.643556620466796,86.7936183518203
SUB-004,PD,15.361666666666666,2.0,973,0.7000096600764311,65.31187595442265,0.0107179536622853,60.69521305428173,30.36025125006508,53.21408002910359
SUB-004,PD,15.611666666666666,2.25,981,0.7215561333901197,65.392152941647,0.0110342923566686,51.45893526248502,38.00630989502578,21.798387319236888
SUB-004,PD,15.861666666666666,2.5,998,0.7668311512231276,66.503923820355,0.0115306151452739,61.41784405964819,28.19481944490143,49.93198735055547
SUB-004,PD,16.111666666666665,2.75,966,0.3738462992653344,64.44253207116697,0.0058012354147176,97.1897682907318,28.516225723852003,90.5646800928611
SUB-004,PD,16.361666666666665,3.0,992,0.6313339999974673,66.09463125480968,0.0095519709848071,65.12495919015647,18.30562380157759,51.20383559528833
SUB-004,PD,16.611666666666665,3.25,1048,0.8403560733050638,69.8751293212178,0.0120265405083105,52.99125051536135,17.725326556319796,38.36121353906966
SUB-004,PD,16.861666666666665,3.5,949,0.6903064001464847,63.277001910312016,0.010909277925729,58.64538380813026,21.950389979523464,52.43820653714254
SUB-004,PD,17.111666666666665,3.75,929,1.0583396980103763,61.91812899276955,0.0170925658644169,36.29663423394539,24.923784686588988,25.33171959964067
SUB-004,PD,17.361666666666665,4.0,915,0.7605926963156844,61.04646314139095,0.012459242635467,49.89160603104874,23.666307103215736,35.56735390634679
SUB-004,PD,17.611666666666665,4.25,889,0.9555024291976087,59.21278303410563,0.0161367593319715,37.43196207896293,43.09877613696826,15.803028247790811
SUB-004,PD,17.861666666666665,4.5,933,0.5264649518907172,62.20013822252938,0.0084640479416173,71.22023468517486,22.745772611055003,64.204236379813
SUB-004,PD,18.111666666666665,4.75,943,0.4823048806697315,62.88336569377868,0.0076698324803159,74.3125501336191,35.52151646023604,63.085053078356886
SUB-004,PD,18.361666666666665,5.0,998,1.0285001544883456,66.56476669538392,0.0154511193465907,42.32840260597919,25.637899791464037,24.53812100445384
SUB-004,PD,18.611666666666665,5.25,909,0.6804125477223227,60.60794637519142,0.0112264577240458,55.61390598683085,24.87253850748185,46.80316317606387
SUB-004,PD,18.861666666666665,5.5,952,0.71346391475851,63.42860950096609,0.0112482982107252,55.598636402192845,20.32522118436797,44.881093934738885
SUB-004,PD,19.111666666666665,5.75,955,0.3269389160819789,63.68202110953419,0.0051339280755495,76.7585016066787,20.06585071159143,73.51575516361522
SUB-004,PD,19.361666666666665,6.0,1008,0.8134466601966157,67.22733911790795,0.0120999383713512,46.06053575036271,15.332915959375732,37.11475803284903
SUB-004,PD,19.611666666666665,6.25,987,0.8387571650249137,65.79173948159843,0.0127486698426556,40.76064335851997,39.338276525541886,18.47405956271125
SUB-004,PD,19.861666666666665,6.5,981,0.8628583633642066,65.39062734341411,0.013195444032563,35.45266166133186,14.342494303890897,26.14087889237956
SUB-004,PD,20.111666666666665,6.75,974,0.6186737790478377,64.90809129782862,0.0095315355401389,51.47200508475209,28.55864307968656,38.59747503931301
SUB-004,PD,20.361666666666665,7.0,976,0.3223379395527848,65.1031967937565,0.0049511845105538,85.21285190190497,42.936195954892455,77.34975709930745
SUB-004,PD,20.611666666666665,7.25,878,0.8501921039346833,58.54302545643667,0.0145225173674587,21.539702069814588,11.171667617442717,12.2590625933929
SUB-004,PD,20.861666666666665,7.5,897,0.1581158788443106,59.79568142300834,0.0026442692027499,67.49285728106652,30.35563021441469,57.33632838127916
SUB-004,PD,21.111666666666665,7.75,990,0.3336114884345524,65.97155892792884,0.005056898667485,80.82293625796927,52.4436333742854,71.77050953605676
SUB-004,PD,21.361666666666665,8.0,880,1.1055163910071564,58.69105606107427,0.0188361986510644,14.467396771545694,10.398816332395892,9.106015252187484
SUB-004,PD,21.611666666666665,8.25,869,1.1826736314702122,57.91106974429831,0.020422237694662,21.136640618636807,12.984437689781403,10.411277906108062
SUB-004,PD,21.861666666666665,8.5,842,1.226130055086172,56.16590956087864,0.0218305029629612,18.78007988892364,13.856320647225072,11.314511450363028
SUB-004,PD,22.111666666666665,8.75,820,1.3446927715059973,54.61454012226109,0.024621515964352,19.661896119854863,17.26327770212705,9.01809296496488
SUB-004,PD,22.361666666666665,9.0,806,1.1601645178866662,53.72945287284808,0.0215927104382064,25.475339711847365,23.046267263542024,9.661551809929524
SUB-004,PD,22.611666666666665,9.25,797,0.9225181804835756,53.19089770484947,0.017343534707809,48.35580380855762,22.95475668072648,34.678049581558945
SUB-004,PD,22.861666666666665,9.5,821,1.0769678529965874,54.68672808839578,0.0196934044263129,36.9603184600355,17.39753977560915,11.154219568124944
SUB-004,PD,23.111666666666665,9.75,839,0.8147642259080501,55.96038085074453,0.0145596619165469,54.416514640368455,33.41517597859079,24.302555398198688
SUB-004,PD,23.361666666666665,10.0,823,1.1407799444331534,54.847226371985926,0.0207992275980581,24.144454596517637,23.81732996816923,7.642089943707562
SUB-004,PD,23.611666666666665,10.25,811,1.3381260578196217,54.05921850767228,0.0247529671119775,22.69635529544349,21.625345212401943,9.58256949215894
SUB-004,PD,23.861666666666665,10.5,826,0.7527529281393501,55.1052403349011,0.013660278470151,54.96671054136232,39.64276845666925,29.68863399064926
SUB-004,PD,0.1116666666666645,10.75,825,0.9645179660147444,54.98161170541852,0.017542555339819,41.593357527482,35.32882977954737,14.006521745913426
SUB-004,PD,0.3616666666666646,11.0,829,1.1753158484009645,55.26390347149309,0.0212673331880588,32.91186829622577,19.09169331471644,24.544142202890903
SUB-004,PD,0.6116666666666646,11.25,843,0.7672961273251827,56.17079118858194,0.0136600555393486,46.36016957692225,14.936842492908507,28.830789964303683
SUB-004,PD,0.8616666666666646,11.5,820,1.263041456325367,54.70721078843988,0.0230872939439321,20.974335882613023,15.528775133372791,6.424805662156298
SUB-004,PD,1.1116666666666646,11.75,820,0.9131438766315398,54.62873004857738,0.0167154512986032,36.07314099899948,16.498677195652665,16.43701240933006
SUB-004,PD,1.3616666666666646,12.0,807,1.0882962647082457,53.82326361060503,0.0202198118750609,25.146354808208997,16.149541551006713,13.483232812821628
SUB-004,PD,1.6116666666666646,12.25,790,1.2353888092266756,52.64169110877395,0.0234678784667837,29.797991510939536,19.856647212703976,15.068960872082789
SUB-004,PD,1.8616666666666648,12.5,810,0.662276972622281,54.04714111753029,0.0122536911098054,61.34016959934592,34.27726329127202,42.9297775944323
SUB-004,PD,2.1116666666666646,12.75,817,0.6400769810480236,54.438842369455614,0.0117577257926255,64.98578811385414,31.664312347982364,48.63484970404478
SUB-004,PD,2.3616666666666646,13.0,915,0.149948151955214,61.5277715515309,0.0024370808201566,131.79666033416797,113.84010245862366,99.70408138250508
SUB-004,PD,2.6116666666666646,13.25,815,1.1034124391272515,54.36595290507638,0.0202960194784743,18.162776503325784,13.250515728686452,9.650486219648574
SUB-004,PD,2.8616666666666646,13.5,810,0.7180026260882706,53.99880002666608,0.0132966404018922,46.88018367518971,33.193853214469286,22.423252703463927
SUB-004,PD,3.1116666666666646,13.75,791,1.2422177979939402,52.69615326963753,0.0235732158975194,25.106188473026663,18.80210060981943,8.978626791953982
SUB-004,PD,3.3616666666666646,14.0,805,0.7367009791026071,53.7034236766498,0.0137179518300045,59.767208082310525,45.454052575346765,35.940980003981416
SUB-004,PD,3.6116666666666646,14.25,805,1.1607502705610429,53.64187220129363,0.0216388843813145,32.13498744172069,17.326395473366713,20.11693839194383
SUB-004,PD,3.8616666666666646,14.5,836,0.6841666784777561,55.74826147890713,0.0122724307508067,53.38688882921125,20.57866460987565,31.538689480591717
SUB-004,PD,4.111666666666665,14.75,826,0.6682696012801387,55.06513707952557,0.0121359836136431,53.36362253027018,38.84417978320952,32.39915750076066
SUB-004,PD,4.361666666666665,15.0,816,1.242231630741368,54.43235701222394,0.0228215660487088,24.178743119732136,22.527311304308533,10.543725362659677
SUB-004,PD,4.611666666666665,15.25,810,1.468893398647996,53.9940006665926,0.027204752018993,19.271511092820376,15.75241068921299,7.000967920805701
SUB-004,PD,4.861666666666665,15.5,802,1.4080558298250636,53.438284999744575,0.0263491957092521,19.58689490220884,16.072518243779633,6.326277964717481
SUB-004,PD,5.111666666666665,15.75,821,1.1919193082707171,54.79116845559202,0.021753858183126,29.19834015222525,15.136291390997028,18.250389957507466
SUB-004,PD,5.361666666666665,16.0,900,0.5180828566152145,59.93340732519423,0.0086443084038945,75.21536663524552,13.462054776246648,63.88071672632589
SUB-004,PD,5.611666666666665,16.25,922,0.3635201321371863,61.49064801939423,0.0059117954330637,79.73128774437316,24.1267688926366,69.25810635050108
SUB-004,PD,5.861666666666665,16.5,1042,0.4225318776000183,69.48380600548134,0.0060810122802813,84.66887747314306,14.140199608095084,82.41989511900398
SUB-004,PD,6.111666666666665,16.75,1035,0.4170992789556999,68.97685443329017,0.0060469454918256,65.30596665815216,50.63982309196291,57.85844650036476
SUB-004,PD,6.361666666666665,17.0,1122,0.5445162281261007,74.82860115421894,0.0072768462823977,53.83922690980136,19.48615098693068,39.931451806037934
SUB-004,PD,6.611666666666665,17.25,1052,0.3731971258534839,70.14385491157007,0.0053204536067196,58.58490697371272,32.11379623554993,50.75811133531473
SUB-004,PD,6.861666666666665,17.5,986,0.506704852643223,66.52086648038726,0.0076172316966529,68.33332949184239,70.32554467263327,36.02906229637488
SUB-004,PD,7.111666666666665,17.75,936,0.5641730730948302,62.397504099836006,0.0090415967951563,51.06703638213176,11.752801463735752,45.68244442479308
SUB-004,PD,7.361666666666665,18.0,1059,0.638013604130671,70.80052281405894,0.0090114250399854,47.00850831481029,58.75163192038268,23.04159958972028
SUB-004,PD,7.611666666666665,18.25,942,0.6098319438972569,62.79881380018378,0.0097108831679153,67.5668767912565,42.94874982561683,51.91567269295778
SUB-004,PD,7.861666666666665,18.5,1012,0.7939861506075343,67.42374021872742,0.0117760620818688,43.572235993970246,15.982835748879724,35.60144798075785
SUB-004,PD,8.111666666666665,18.75,991,0.7520279480326404,66.08443603724557,0.0113798042796157,58.61336297028485,29.509508825311052,43.42444849633547
SUB-004,PD,8.361666666666665,19.0,960,0.7289651816371918,63.98336432527543,0.0113930423841315,59.23061592519529,43.2455582775891,41.95791720046798
SUB-004,PD,8.611666666666665,19.25,969,0.3978427560895533,64.63281910925882,0.0061554294176309,78.93089341084918,21.943155336361773,71.46803997918926
SUB-004,PD,8.861666666666665,19.5,937,0.5239650673499929,62.46430690396141,0.0083882315088453,75.01320425470918,58.190658853271096,43.39826160220174
SUB-004,PD,9.111666666666665,19.75,889,0.5682340125562151,59.2706839019089,0.0095871006566521,47.088908493982665,30.423271527737626,37.1312414438666
SUB-004,PD,9.361666666666665,20.0,872,0.604206110994914,58.12022399392137,0.0103957980454119,43.13139718993785,41.498786171782704,23.66417761357137
SUB-004,PD,9.611666666666665,20.25,908,0.6266369390566917,60.54968174740513,0.0103491367910211,51.64245503783727,15.846354343373246,43.30288742721381
SUB-004,PD,9.861666666666665,20.5,900,0.6204647438209083,60.00906803694781,0.0103395164117344,46.61800662393685,23.00401377174597,36.75050801277722
SUB-004,PD,10.111666666666665,20.75,985,0.3163307985490625,65.61308264916984,0.0048211543457037,109.2176165442581,36.496352418254055,105.98928045339036
SUB-004,PD,10.361666666666665,21.0,970,0.2643325505287526,64.71002238166238,0.0040848780575242,88.08103751684908,16.22077430617438,82.06893261215885
SUB-004,PD,10.611666666666665,21.25,913,0.281923093189691,61.24324457273949,0.0046033337253196,87.78754613592372,25.67441213731078,80.33022102231352
SUB-004,PD,10.861666666666665,21.5,838,1.0317295904112076,55.91307451851704,0.0184523852300328,22.10957702138321,14.116472325618473,16.403987938713946
SUB-004,PD,11.111666666666665,21.75,820,1.228845117710911,54.63054980318567,0.0224937351379036,23.71296746366584,16.120918239480183,9.517190221112344
SUB-004,PD,11.361666666666665,22.0,971,0.2048970210125292,64.72290575407295,0.00316575744901,143.67417746660723,29.88845241274405,138.24800969019702
SUB-004,PD,11.611666666666665,22.25,945,0.5973418894338506,63.01379301913863,0.0094795418719267,68.50639340335822,16.994858394950125,58.06347836129668
SUB-004,PD,11.861666666666665,22.5,994,0.4415533314625087,66.29259443693533,0.0066606735671291,88.53123935463303,43.55131478077255,78.88558023304928
SUB-004,PD,12.111666666666665,22.75,1058,0.8978266858266224,70.52588893394586,0.0127304554313029,43.539405947578864,13.634990326764976,34.96004123046655
SUB-004,PD,12.361666666666665,23.0,914,0.6196997494154848,60.96225653726824,0.0101653020182519,45.359275772020666,41.47776823062216,27.493018307964658
SUB-004,PD,12.611666666666665,23.25,1113,0.5327386798956943,74.19183889772125,0.0071805563497369,59.30276194674089,37.53942771398527,43.63582089752119
SUB-004,PD,12.861666666666665,23.5,1018,0.3818189024120813,68.11202130340627,0.0056057491042772,89.97744815681034,78.25034831114891,67.69594551092838
SUB-005,PD,11.422777777777776,0.0,1132,0.1909850236400661,75.89199915973522,0.002516536996714,33.232273562737134,30.56973012060019,24.422525273073344
SUB-005,PD,11.672777777777776,0.25,1217,0.2516772155363062,81.1584924659978,0.0031010582859427,28.973369813855854,15.798692484206606,24.0870693836969
SUB-005,PD,11.922777777777776,0.5,1216,0.23872668696878,81.08432503078448,0.0029441780131751,28.331618455155347,32.2975365035405,17.3226745963675
SUB-005,PD,12.172777777777776,0.75,1260,0.4793193045116364,83.93732679599232,0.0057104428126072,14.211238067681396,15.076848418048456,9.290679085888025
SUB-005,PD,12.422777777777776,1.0,1311,0.1921975499765477,87.40145669094485,0.0021990199849433,25.52953001026677,29.655541556986748,10.495903047188094
SUB-005,PD,12.672777777777776,1.25,1292,0.1123042106157982,87.62222973255552,0.00128168629078,72.72021856345609,98.29318763710776,13.934875958132702
SUB-005,PD,12.922777777777776,1.5,1312,0.2841921692874991,87.43781218864441,0.0032502204958463,15.371411814808786,2.726959508630192,13.911815237193702
SUB-005,PD,13.172777777777776,1.75,1278,0.1956256083500493,85.26451681772541,0.0022943378517965,22.9239003196056,11.686487991101975,20.3178677269902
SUB-005,PD,13.422777777777776,2.0,1226,0.8166960050171358,81.69239636582112,0.0099972095488537,9.428518357512552,3.342857142857143,8.000513163752716
SUB-005,PD,13.672777777777776,2.25,1246,0.3566770464983398,83.07146635138919,0.0042936168357689,16.5567635813251,4.193320372088435,16.424633828382422
SUB-005,PD,13.922777777777776,2.5,1198,0.3524007404105055,79.87811586327373,0.0044117307550631,19.813331409133763,3.114629827776787,18.635266479799117
SUB-005,PD,14.172777777777776,2.75,1223,0.1972538724033021,81.54574640806435,0.0024189351510282,42.35439658118309,45.485065263550624,26.38509508551879
SUB-005,PD,14.422777777777776,3.0,1251,0.3772756322633709,83.37276489680038,0.0045251663745392,18.84133615754039,3.8118761784716986,16.650129543913142
SUB-005,PD,14.672777777777776,3.25,1302,0.4694041741186083,86.80897026026022,0.0054073233758135,13.402367588043646,2.755331635432376,11.263474771308887
SUB-005,PD,14.922777777777776,3.5,1271,0.5134267331813873,84.75282648342451,0.006057930507861,11.112331745036055,2.819364981274648,8.101144429256589
SUB-005,PD,15.172777777777776,3.75,1321,0.4367729400883154,88.01845211456391,0.0049622883565347,17.463504814695998,12.565374501527456,14.556150861120702
SUB-005,PD,15.422777777777776,4.0,1260,0.4864897192773935,84.06818864189843,0.0057868466911981,12.404275224670078,2.3732357269615605,9.84721278157664
SUB-005,PD,15.672777777777776,4.25,1243,0.5414838024632951,82.82819757046173,0.006537433124784,16.979811330528424,4.347894524421118,14.31617763959503
SUB-005,PD,15.922777777777776,4.5,1242,0.2593323063803602,82.7775580842527,0.0031328818146146,17.617656345019363,3.2684115563268685,16.336353175762785
SUB-005,PD,16.172777777777775,4.75,1291,0.2727294442721978,87.34944174617691,0.0031222803353993,40.485350890732654,5.04184044162047,39.454068003162206
SUB-005,PD,16.422777777777775,5.0,1239,0.471118661789118,82.60100956789472,0.0057035460492995,16.539933013334956,3.225128518058896,14.915636047373994
SUB-005,PD,16.672777777777775,5.25,1278,0.6033710319982312,85.18684336530247,0.0070829133720899,14.7536898627449,3.891138055136915,11.319595242984226
SUB-005,PD,16.922777777777775,5.5,1238,0.1399885856404886,82.53562598961082,0.0016960989144022,38.00196670899511,28.860030739634414,31.83811447067616
SUB-005,PD,17.172777777777775,5.75,1204,0.2392093981684332,80.26381284221006,0.0029802894940798,38.63854641714703,48.7431389975553,18.283133028714676
SUB-005,PD,17.422777777777775,6.0,1136,0.2998186025000951,75.77627322149218,0.0039566290311445,25.686188479177414,3.4476576994148944,23.73926144301991
SUB-005,PD,17.672777777777775,6.25,1081,0.7144560871074347,72.06954944864462,0.0099134251923767,14.74673008638373,2.9234049148717487,10.738863669320722
SUB-005,PD,17.922777777777775,6.5,1049,0.6300928333950269,69.8846470292363,0.0090161839571347,14.062522628463542,3.3009078094385207,11.04369123554434
SUB-005,PD,18.17277777777777,6.75,1093,0.4538635800917081,72.88804716050042,0.0062268588303963,25.207081777513125,18.31773395617966,14.980018921213023
SUB-005,PD,18.42277777777777,7.0,1039,0.5450048930009483,69.25273917134443,0.0078697954697864,26.70937515934921,4.745244044352453,21.02763247032539
SUB-005,PD,18.67277777777777,7.25,1036,0.6183934604582111,69.09929689019815,0.0089493451929165,29.70010795015332,24.575173049945803,22.961322641481427
SUB-005,PD,18.92277777777777,7.5,1024,1.0623564547271962,68.21391457273042,0.0155738966365066,12.77615529741922,5.26576207631709,8.150020303373594
SUB-005,PD,19.17277777777777,7.75,991,0.3197408443133492,72.3325985723253,0.0044204252387482,50.20165142490275,33.80873116563683,48.60189585659311
SUB-005,PD,19.42277777777777,8.0,1057,0.2009255490358875,73.73561213812347,0.0027249458329512,82.9346218464705,102.60032045552175,42.427526323573176
SUB-005,PD,19.67277777777777,8.25,1016,0.3624329482171795,67.7425162077526,0.0053501547994714,42.79872235200174,54.40053064070376,13.672242867249436
SUB-005,PD,19.92277777777777,8.5,1065,0.3783539489757229,70.98304293974218,0.005330201880707,32.06863868763459,36.32806605723248,16.64782645617023
SUB-005,PD,20.17277777777777,8.75,1013,0.9442265319558556,67.57876127841493,0.0139722379353148,11.357602836987551,4.867615010385277,7.697122923877572
SUB-005,PD,20.42277777777777,9.0,1000,0.6165813250305698,66.63238800483751,0.0092534778280167,23.4812265224583,5.86151493705828,19.427556346306
SUB-005,PD,20.67277777777777,9.25,923,0.9485813522893708,61.580613559966594,0.0154038957628386,18.990432812413317,14.827679749977596,10.13056456829807
SUB-005,PD,20.92277777777777,9.5,899,0.879635232870801,60.32942955470976,0.014580532906798,20.744316530914528,7.656823674021472,12.046398990531571
SUB-005,PD,21.17277777777777,9.75,888,0.5962957767748134,59.24173250934548,0.0100654682352638,41.29534943310812,35.46400433054209,9.57322968489885
SUB-005,PD,21.42277777777777,10.0,890,0.9572617359195632,59.33854193868129,0.01613220858896,25.17296114838492,8.919651337216207,16.56939666302788
SUB-005,PD,21.67277777777777,10.25,992,0.2277482066884865,67.47335414668653,0.0033753799491479,85.69389648184824,76.82845503803773,68.26954642749739
SUB-005,PD,21.92277777777777,10.5,966,0.3832792186274141,65.4103722161657,0.0058596091971586,58.75371572733983,43.487738728164736,45.92280733004914
SUB-005,PD,22.17277777777777,10.75,969,0.5842692191963684,64.60093312458959,0.0090442845162862,39.05234274760655,11.586139838774448,34.39951271191897
SUB-005,PD,22.42277777777777,11.0,1006,0.2474397738753605,69.49113516002764,0.0035607386943031,82.41832971352535,85.59166626099373,44.97192738867755
SUB-005,PD,22.67277777777777,11.25,914,0.5923077066347149,60.906872680868645,0.0097248090496815,31.99448609341455,6.093826441652702,29.862277214582093
SUB-005,PD,22.92277777777777,11.5,909,1.208595931157739,60.59710480499265,0.0199447801185736,13.270547203378957,6.342118491509938,7.870446794844867
SUB-005,PD,23.17277777777777,11.75,901,1.0404399339939776,60.04511714129262,0.0173276360098642,17.238661676779362,10.15157349598792,11.23550635985462
SUB-005,PD,23.42277777777777,12.0,897,0.9482750601508452,59.81628332157087,0.0158531257292089,21.545928768661145,6.577236854702528,16.955896628657
SUB-005,PD,23.67277777777777,12.25,867,1.2397151593356337,58.18512084989201,0.0213063948519397,16.24381981748465,8.138523565110656,7.951367692030533
SUB-005,PD,23.92277777777777,12.5,864,1.1777744305483897,57.610882055499374,0.0204436104521673,19.343848974668944,8.360781370282842,12.547680982331125
SUB-005,PD,0.1727777777777746,12.75,857,0.8608053985576971,57.147493212207024,0.0150628724056407,37.3174494681716,29.70001888038671,16.819013904041796
SUB-005,PD,0.4227777777777746,13.0,869,0.6665463816186575,58.242731666776514,0.0114442843346043,58.94636955871011,47.45819164187623,44.13440867919574
SUB-005,PD,0.6727777777777746,13.25,864,0.9807688906944688,57.59776008710773,0.0170278998560223,37.11241442135265,12.010761879539483,23.970081813201723
SUB-005,PD,0.9227777777777746,13.5,862,1.1710656821659875,57.50896770735808,0.0203631838450849,27.34194727785689,13.651885721021747,9.6626591602006
SUB-005,PD,1.1727777777777746,13.75,857,0.8908650257165707,57.14266663555047,0.0155901899258291,37.727363540197416,29.912762568609093,13.503446242650607
SUB-005,PD,1.4227777777777746,14.0,848,1.3080251053111858,56.50288455665558,0.0231497049323141,20.32374439878209,12.151979350095507,8.621093600161695
SUB-005,PD,1.6727777777777746,14.25,856,1.29490477854323,57.07706737672199,0.0226869535884973,20.103013929361584,11.626346366101494,8.279730980214639
SUB-005,PD,1.9227777777777744,14.5,863,1.2585295927642306,57.50247367246244,0.0218865296114544,18.879208136720337,9.29698202160125,10.705235165757257
SUB-005,PD,2.1727777777777746,14.75,864,0.919612490196318,57.65419494324665,0.0159504870565196,35.96466698229195,36.273807461632906,7.576654524840929
SUB-005,PD,2.4227777777777746,15.0,868,0.663699663371575,57.8561239951831,0.0114715542200309,43.494227243229886,9.16200468637327,33.653405030014206
SUB-005,PD,2.6727777777777746,15.25,831,1.3493036908359366,55.37206786798659,0.02436794836799,13.651452424792254,9.371579697366736,5.124028408732744
SUB-005,PD,2.9227777777777746,15.5,841,1.1569645864345048,56.08548646323544,0.0206285914483938,24.60349430346092,14.011772261379429,16.20904435869143
SUB-005,PD,3.1727777777777746,15.75,858,0.907346568618555,57.210870065312406,0.0158596883351489,27.8197675406936,27.470170519639357,14.455479998590963
SUB-005,PD,3.4227777777777746,16.0,873,0.92069890396734,58.174597092602895,0.0158264766750642,18.775143927787283,7.261103487295242,12.810847710131023
SUB-005,PD,3.672777777777775,16.25,845,1.1517436238997727,56.31925351995335,0.0204502643752499,19.087026037165572,9.181941890038182,10.290513248539392
SUB-005,PD,3.922777777777775,16.5,835,0.8998627419170375,55.699900940894736,0.016155553721216,23.727676591982437,33.794271079485725,5.564776762761202
SUB-005,PD,4.172777777777775,16.75,853,0.7166374959417381,56.82758191865817,0.0126107335865094,38.0644525839022,29.140685947053285,18.837429186905737
SUB-005,PD,4.422777777777775,17.0,866,1.0374533730462785,57.75040178541658,0.0179644355878448,24.877413960191976,7.607419560530512,16.828828392236087
SUB-005,PD,4.672777777777775,17.25,869,0.6396875615577416,57.94073687193364,0.0110403767037282,35.674472274794496,24.02233503731811,29.844385571607063
SUB-005,PD,4.922777777777775,17.5,931,0.7558584385854833,62.05122280676809,0.0121812013429498,23.43497025777902,21.75560736023941,14.51892385314929
SUB-005,PD,5.172777777777775,17.75,999,0.2315582517727324,66.6176166586275,0.0034759311933856,48.648048085018594,34.115285509736275,40.62458866919428
SUB-005,PD,5.422777777777775,18.0,1090,0.2291437057774162,74.2022408169054,0.0030880968452533,51.4503460388153,47.44502400705792,39.93334215947009
SUB-005,PD,5.672777777777775,18.25,1157,0.4588757087370907,77.11859511293397,0.0059502602201856,20.390084598641028,4.416468081104933,17.28816820080917
SUB-005,PD,5.922777777777775,18.5,1105,0.2067717208816845,73.65561832391808,0.0028072769679613,49.28798098101468,3.550234734023465,48.23218020992583
SUB-005,PD,6.172777777777775,18.75,1130,0.4316653770008409,75.55656099520695,0.0057131421985739,26.683959535883996,24.822273491628035,10.146922750535508
SUB-005,PD,6.422777777777775,19.0,1118,0.307235747592929,74.72670945145826,0.0041114582703859,39.58681899610978,47.518276180568506,21.193604007145407
SUB-005,PD,6.672777777777775,19.25,1068,0.4947802919982445,71.21677550711945,0.0069475244908944,15.46647358965863,9.591418767022224,12.689493351970128
SUB-005,PD,6.922777777777775,19.5,1060,0.9364470561754236,70.67318430477478,0.0132503871926449,9.722325239746844,3.314203844051306,7.410321280447562
SUB-005,PD,7.172777777777775,19.75,1064,0.3880219746717097,70.94839015835582,0.0054690736999902,25.172434963851845,18.782610399879943,15.467482939780265
SUB-005,PD,7.422777777777775,20.0,1096,0.3090056474218352,73.06147118427134,0.0042293926253206,19.34091844304999,3.298539873459718,19.23714081650161
SUB-005,PD,7.672777777777775,20.25,1109,0.3746519214338174,73.90221229060207,0.0050695630052398,18.55001032893833,24.313034492004206,9.997373781826084
SUB-005,PD,7.922777777777775,20.5,1096,0.3821044431800297,73.0750296978432,0.0052289331220252,18.90096790752304,4.032403002255943,17.045033097495082
SUB-005,PD,8.172777777777775,20.75,1122,0.5753703249204138,74.81388213146217,0.0076906893283438,13.447651574849688,12.497992702344964,8.860815014861664
SUB-005,PD,8.422777777777775,21.0,1072,0.3651922112991403,71.46253772004285,0.0051102608856376,33.79002443142872,4.960346965365097,31.490560655739444
SUB-005,PD,8.672777777777775,21.25,1058,0.2021417016775683,70.54015221471408,0.0028656261055728,51.94751946379807,4.856795023440476,50.53928252193671
SUB-005,PD,8.922777777777775,21.5,1124,0.2308284462452773,75.07204979868357,0.0030747588065635,45.91248008289819,53.1475541406272,27.130641291762974
SUB-005,PD,9.172777777777776,21.75,1151,0.4676779608053195,76.91759370224672,0.0060802469018431,22.69963495886037,6.632397428696046,21.42271126766657
SUB-005,PD,9.422777777777776,22.0,1166,0.2230276744857167,78.4103632587598,0.0028443647652761,40.52583567564817,37.308446385152784,28.243209517361294
SUB-005,PD,9.672777777777776,22.25,1228,0.3313920282831167,81.86148210613328,0.0040482045982684,28.106262219069457,30.414214602349187,16.451933141966247
SUB-005,PD,9.922777777777776,22.5,1218,0.2208089612175878,81.15166967228406,0.0027209416899157,41.42632981856485,46.72761504952855,21.84294903177457
SUB-005,PD,10.172777777777776,22.75,1190,0.1733796776637317,80.0566002406183,0.0021657137218245,41.05632565516655,42.55817766449584,26.416368738563023
SUB-005,PD,10.422777777777776,23.0,1285,0.2840026201380953,86.21634375608043,0.0032940694045386,29.934566830535665,4.852978659458424,29.750390287851005
SUB-006,PD,20.121666666666663,0.0,1420,0.6982311279279362,94.65341518854028,0.0073767135241462,59.524278620640544,30.266353420935708,52.59771054741204
SUB-006,PD,20.371666666666663,0.25,1429,0.4000912890658348,95.25936344880226,0.0042000206024982,88.19372745763904,48.18234651203864,77.65356506289912
SUB-006,PD,20.621666666666663,0.5,1232,0.5104520822205643,82.16674781077639,0.0062123924314991,91.26899860838124,24.98763300938807,84.94543589751665
SUB-006,PD,20.871666666666663,0.75,1067,0.9042573484803236,71.10899825393088,0.0127164967962452,61.75032959684259,41.56813615877938,35.4192772180524
SUB-006,PD,21.121666666666663,1.0,995,1.201732088089019,66.34298992408895,0.018113927175487,46.32069254599512,25.49180244611413,13.590802327707983
SUB-006,PD,21.371666666666663,1.25,1206,0.5311449360143694,80.3808872112631,0.0066078511253349,76.51061270287066,38.61001955397726,55.63947979032758
SUB-006,PD,21.621666666666663,1.5,1431,1.1183848503173983,95.43287132234435,0.0117190736778716,40.624703136314416,17.573064257908676,23.06749355673334
SUB-006,PD,21.871666666666663,1.75,1356,0.7321099388661965,90.48767250046711,0.0080907146646126,77.95443188463776,46.56867325158925,57.076127304351424
SUB-006,PD,22.121666666666663,2.0,1128,0.457636325323976,75.17068343346095,0.0060879628123783,123.86191403082928,44.64692403835853,99.44404637064092
SUB-006,PD,22.371666666666663,2.25,1278,0.892216881356165,85.21893754167593,0.0104697020063155,71.72666259680909,51.38294967807337,46.70606797139653
SUB-006,PD,22.621666666666663,2.5,1312,0.9904656833766726,87.50701712456299,0.0113187000988364,41.07497847864639,16.85974357665718,26.809852916900898
SUB-006,PD,22.871666666666663,2.75,1347,0.6412648326337195,89.81716505821113,0.0071396690400783,59.59131018423822,60.282001976199695,34.033817295216394
SUB-006,PD,23.121666666666663,3.0,1193,0.9176452258282244,79.50285723805874,0.011542292411963,67.03295572891625,39.37566447718862,40.58321087743386
SUB-006,PD,23.371666666666663,3.25,1183,1.1247459929473833,78.84730527281634,0.0142648628137093,77.94824798884888,47.02317893360674,44.48674294001098
SUB-006,PD,23.621666666666663,3.5,1189,0.988785479019528,79.32157482346113,0.0124655301060295,75.54852491816982,39.2086707925666,42.58853434435752
SUB-006,PD,23.871666666666663,3.75,1161,1.1587713795546708,77.40318213082092,0.0149705909712627,38.15742750128337,34.07343742464259,19.24578793350189
SUB-006,PD,0.1216666666666661,4.0,1122,1.2930537998661027,74.78255073816109,0.0172908490965161,23.27308709805696,26.131520779199207,7.079345058009847
SUB-006,PD,0.3716666666666661,4.25,1165,0.6853178476750588,77.70776544038847,0.0088191681203442,69.52213052719138,66.68724124095925,16.676681611404227
SUB-006,PD,0.6216666666666661,4.5,742,0.3724108487693674,71.51221345721073,0.0052076537805978,288.0893145084061,403.0909338408263,91.03083967918168
SUB-006,PD,0.8716666666666661,4.75,1151,0.9376803562713868,76.78238874836701,0.0122121800526989,45.29155770405367,28.869933208759956,17.425962994878592
SUB-006,PD,1.121666666666666,5.0,1199,0.5997872475652017,79.91566309227181,0.0075052527171385,79.6178155646202,74.05161084302901,49.298508559220245
SUB-006,PD,1.371666666666666,5.25,1165,1.2698738579716524,77.72772611373601,0.0163374631095407,43.54164676009633,38.24302824858399,13.44983719996704
SUB-006,PD,1.621666666666666,5.5,1314,0.6838684548496531,87.53007319707923,0.007812954221001,47.60031219175875,19.96094816479096,39.30003710348346
SUB-006,PD,1.871666666666666,5.75,1164,0.4480260412259918,77.6497821381041,0.005769829983929,91.3832478517404,42.018144956542216,81.57983570784981
SUB-006,PD,2.121666666666666,6.0,1054,0.7699124258153244,70.22094502912547,0.0109641421871492,41.47975647247082,22.832413107665342,27.65892863948005
SUB-006,PD,2.371666666666666,6.25,1073,0.6656622245122268,71.5933922345968,0.0092978165126048,50.70747889616269,29.61736708142405,32.6386131763244
SUB-006,PD,2.621666666666666,6.5,1092,0.8920423360054682,72.78908163775434,0.0122551667906025,54.36964059300881,32.07170014988486,25.689581988658013
SUB-006,PD,2.871666666666666,6.75,1023,0.9676171839733734,68.19340797056284,0.0141893067492838,33.06682608862535,26.559371146446903,12.072399057255597
SUB-006,PD,3.121666666666666,7.0,1023,1.0220324861271997,68.19128666892564,0.014987728433535,29.281174971733197,24.49407852080111,10.32756852573784
SUB-006,PD,3.371666666666666,7.25,1023,1.093089353039602,68.21568960860998,0.0160240167520293,29.92347845589886,25.290233103136057,15.963029559261262
SUB-006,PD,3.621666666666666,7.5,1071,0.6657172803572047,71.34997573923172,0.0093303084333238,77.60048670405936,33.2529810342404,50.59154430195791
SUB-006,PD,3.871666666666666,7.75,1251,0.3552554316260504,83.50503077203771,0.0042542997510637,114.5693720683983,84.32618573136105,93.66502043121766
SUB-006,PD,4.121666666666666,8.0,1290,0.8606620886048958,86.03393560793424,0.0100037512235523,59.45697768049597,30.68515509512364,41.48219404319449
SUB-006,PD,4.371666666666666,8.25,1266,0.972964786742368,84.37084518571915,0.011532002371206,42.10953124141075,27.921884258648443,27.413044781624077
SUB-006,PD,4.621666666666666,8.5,1184,0.8933868086312172,78.99451019289383,0.0113094796897871,69.41322383033481,78.11791269628029,30.108628294724937
SUB-006,PD,4.871666666666666,8.75,1187,0.8259067847853936,79.0822813272765,0.0104436388394947,79.38054659001399,63.34132889383597,50.70631621072961
SUB-006,PD,5.121666666666666,9.0,1377,0.6835678955834165,92.12253121762971,0.007420203141928,69.02378188322123,79.2336568872151,25.940570861353063
SUB-006,PD,5.371666666666663,9.249999999999998,1252,0.9202045009791708,83.46295720190213,0.0110253043006029,68.38209352792336,44.96146320418443,48.44982825922368
SUB-006,PD,5.621666666666663,9.499999999999998,1299,0.748115052863436,86.66779347400633,0.0086319845339989,76.02445731977787,85.58046610492676,31.017184821032405
SUB-006,PD,5.871666666666663,9.749999999999998,1359,0.8133688871812612,90.61429692240333,0.0089761650733524,52.68519175708593,45.24675433237326,36.800815972794645
SUB-006,PD,6.121666666666663,9.999999999999998,1383,0.464979469922496,92.20225383287148,0.0050430380017101,99.90388968825364,107.56838433410122,20.930063297883148
SUB-006,PD,6.371666666666663,10.249999999999998,1162,0.7434681882513854,77.46692488974963,0.00959723377828,56.645487950665554,20.15333127332986,42.71588341138014
SUB-006,PD,6.621666666666663,10.499999999999998,1120,0.7810070021411374,74.67853225568062,0.0104582532429422,50.92325839029644,32.31587009864271,32.510109217739995
SUB-006,PD,6.871666666666663,10.749999999999998,1099,0.7619792165644383,73.27627400036893,0.010398716732794,67.04191499669086,43.74878608776483,38.0948828936039
SUB-006,PD,7.121666666666663,10.999999999999998,1099,0.9162196766352608,73.4552016843231,0.0124731762438384,72.98404837606103,51.76689555507299,48.80805476591489
SUB-006,PD,7.371666666666663,11.249999999999998,1099,0.4945111210193761,75.49079319140363,0.0065506149838108,128.9290501104262,148.8455789576153,67.34976896183177
SUB-006,PD,7.621666666666663,11.499999999999998,1166,0.6160682713300096,78.51464125228384,0.0078465399765434,89.23256247858431,100.53604823996294,43.54958007920961
SUB-007,Control,1.498888888888889,0.0,1060,0.5097698821783763,71.54886416178144,0.0071247795216667,118.98344541918688,165.69206737137932,52.34650537538799
SUB-007,Control,1.748888888888889,0.25,930,0.4062667330976676,62.01157549409224,0.0065514660748519,131.94952473982332,131.97252788460952,93.88592815065928
SUB-007,Control,1.998888888888889,0.5,881,0.5612673992354379,58.849856048308986,0.0095372773516166,94.72137710829548,132.2615435759424,23.06851640453281
SUB-007,Control,2.2488888888888887,0.75,894,0.666073343392183,59.589075336188365,0.0111777761214508,106.49600471717446,108.59616779414672,24.19678748890619
SUB-007,Control,2.4988888888888887,1.0,881,0.7297165686535871,58.87797689657592,0.0123937099594198,96.2501662472918,106.52261283621682,24.56016285018838
SUB-007,Control,2.7488888888888887,1.25,889,0.5669134946104663,59.55989990720983,0.0095183755428346,118.76984583493504,134.7438845158266,60.82053561788146
SUB-007,Control,2.9988888888888887,1.5,873,0.5744388771877345,58.50056289201408,0.0098193735032616,111.7161850432135,116.39778265645548,45.60118942282264
SUB-007,Control,3.2488888888888887,1.75,824,0.6150766018201862,55.843457595568665,0.0110143001222222,90.894476318656,134.69785728882883,17.408518333873754
SUB-007,Control,3.4988888888888887,2.0,864,0.4187860905484857,57.89093410551024,0.0072340530865371,118.2070476233914,155.27072011089,48.90222628083052
SUB-007,Control,3.7488888888888887,2.25,887,0.2858727070429783,59.109164252838845,0.0048363517003921,110.70625177526844,149.5731134021809,32.39131149625113
SUB-007,Control,3.9988888888888887,2.5,868,0.5270009136406311,58.15160955347872,0.0090625335684987,93.34515172449828,92.1169458816877,51.09928262157683
SUB-007,Control,4.248888888888889,2.75,871,0.3614738670217795,58.50008731356316,0.0061790312394623,100.93398776745651,99.28005205292844,36.764571964412426
SUB-007,Control,4.498888888888889,3.0,853,0.4243695177677622,57.6124923875639,0.0073659288147611,111.28430926489874,126.00039123569933,44.47319738938437
SUB-007,Control,4.748888888888889,3.25,862,0.8186713325859039,57.73642407023929,0.0141794602933834,88.47310171790652,74.98929850094068,33.69614383169798
SUB-007,Control,4.998888888888889,3.5,810,0.6500597573434577,54.70324054793287,0.0118833866299721,96.45098925436064,130.63975888197916,37.6260839321238
SUB-007,Control,5.248888888888889,3.75,850,0.3476486297274485,57.44330008379964,0.0060520309456505,153.28223059813968,134.58610372859206,110.9243265269398
SUB-007,Control,5.498888888888889,4.0,1025,0.7140721896699894,68.51237901716486,0.0104225280148436,92.58918865788932,110.87528625244896,55.27183096394944
SUB-007,Control,5.748888888888889,4.25,1063,0.6833404130980434,70.87674691511681,0.0096412496741198,101.91766760783489,116.31043677352524,58.47768772780392
SUB-007,Control,5.998888888888889,4.5,1081,0.4585393059412109,72.0246522861664,0.0063664216540658,110.1841030856505,127.06346474921136,62.40500474655634
SUB-007,Control,6.248888888888889,4.75,1013,0.6021021609122699,67.69783908230333,0.0088939642546088,105.71042878897768,94.549728639329,76.12731481455792
SUB-007,Control,6.498888888888889,5.0,893,0.6615544464072398,59.797572160536056,0.0110632325444784,85.51776809635575,131.97747463737588,20.244206199876466
SUB-007,Control,6.748888888888889,5.25,909,0.5868872449770756,60.7637921775809,0.0096585026040163,114.35731550811174,139.713875332239,61.61029888419727
SUB-007,Control,6.998888888888889,5.5,942,0.6496043420199109,62.89987101742656,0.0103275941828233,109.59802415509422,141.5882544345976,55.73049693342485
SUB-007,Control,7.248888888888889,5.75,992,0.5788895987753302,66.3120812322995,0.0087297757515317,133.14123486278427,136.98058669085756,101.38144005817789
SUB-007,Control,7.498888888888889,6.0,1075,0.6714707993967678,71.67885207151883,0.0093677672003842,98.0141135738094,123.354653650688,53.45120155159356
SUB-007,Control,7.748888888888889,6.25,1147,0.6289047175853797,76.44271461608696,0.0082271374158268,73.29263030815066,98.36277992561308,30.25856999033182
SUB-007,Control,7.998888888888889,6.5,978,0.4272809107144537,65.21528936228383,0.0065518517956858,105.24924912916782,162.77750102932245,21.17387874155514
SUB-007,Control,8.248888888888889,6.75,1100,0.3281330634973833,73.7246473783627,0.0044507919015654,136.1587566913733,147.09462578692606,99.27410808786377
SUB-007,Control,8.498888888888889,7.0,1016,0.5464450891798325,67.72678641064697,0.0080683746880677,112.28542625602708,140.45960799401553,61.99280768979492
SUB-007,Control,8.748888888888889,7.25,1019,0.5017543453093246,68.10693033131115,0.0073671554843024,128.95898714219138,146.419999680656,81.89676223806894
SUB-007,Control,8.998888888888889,7.5,1134,0.6530598022729714,75.5642329297466,0.008642445995318,76.39216425363921,98.42191720550748,34.70145174423988
SUB-007,Control,9.248888888888889,7.75,1110,0.5986920396790427,74.04928391229274,0.0080850483360265,94.70139763322256,133.21998864363786,33.22079378939678
SUB-007,Control,9.498888888888889,8.0,1107,0.5398280340695878,73.77909592282187,0.0073168155195922,92.27013881948533,121.37545056559009,46.42401875385096
SUB-007,Control,9.748888888888889,8.25,1193,0.5589016385455613,79.54225974248222,0.0070264742333823,82.4910502782776,110.8007500338048,32.76521284768242
SUB-007,Control,9.998888888888889,8.5,1218,0.3759200105290475,81.21588221696688,0.0046286514443663,105.26544507296428,125.57663545511475,63.92689384742032
SUB-007,Control,10.248888888888889,8.75,1155,0.4201451577926858,76.98879385333912,0.0054572248344745,90.5351938000215,115.16129145793722,48.52631959721218
SUB-007,Control,10.498888888888889,9.0,1062,0.372251207467475,70.81975084162362,0.0052563190782745,112.34756139508173,114.50876107059544,82.83290995897241
SUB-007,Control,10.748888888888889,9.25,1158,0.5157135349633288,77.16578983317396,0.0066831887041946,82.9392785449295,109.43336811523292,41.62016524743009
SUB-007,Control,10.998888888888889,9.5,1065,0.2970976640428561,78.0975963295352,0.0038041844820581,137.44434847200776,192.31113916806876,43.44711780499014
SUB-007,Control,11.248888888888889,9.75,1039,0.3131825681983854,80.93223969652358,0.0038696886354899,214.1670373736616,281.6266865173946,43.50653805079235
SUB-007,Control,11.498888888888889,10.0,1032,0.2541730080908382,76.8749441315813,0.0033063179552467,169.49056968140263,237.5788255529424,36.0626035435877
SUB-007,Control,11.748888888888889,10.25,1044,0.2798476607706011,74.41126717731359,0.0037608237486905,141.88450413371564,196.08600897226,29.200948322681715
SUB-007,Control,11.998888888888889,10.5,1078,0.4942792664681046,75.98907392721826,0.0065046096882496,126.69896220016707,153.2974787517507,50.15636200575163
SUB-007,Control,12.248888888888889,10.75,994,0.3954601266336502,70.96460218057898,0.0055726392381845,119.66452955259966,160.46413672288128,48.77358689613118
SUB-007,Control,12.498888888888889,11.0,988,0.368779044470228,71.99635645969333,0.0051221903802407,160.76114449637436,193.21305520361324,70.65112861866304
SUB-007,Control,12.748888888888889,11.25,970,0.316228743749033,74.88776485756527,0.0042227023913785,162.5203983354,219.7240529453352,29.613979656269624
SUB-007,Control,12.998888888888889,11.5,1014,0.288354931324075,70.20402323056206,0.0041073847061024,158.37414967329184,211.037455212263,58.38523218841426
SUB-007,Control,13.248888888888889,11.75,1022,0.4070888175608372,71.88804597458595,0.0056628165648674,154.92791894644986,198.75093554008927,57.88935516694326
SUB-008,Control,1.4561111111111111,0.0,829,0.3908116499019093,57.858536227888656,0.0067546065867033,147.86669753797955,156.73842790652424,95.89308981466898
SUB-008,Control,1.7061111111111111,0.25,833,0.946379958037702,55.5249428975177,0.0170442310906007,52.78645138971353,48.22237900123201,21.220604816411612
SUB-008,Control,1.9561111111111111,0.5,837,1.1079440252662212,55.79981400062,0.0198556938783686,33.95845851731423,17.76790827850317,18.43475664147356
SUB-008,Control,2.206111111111111,0.7499999999999999,834,1.0666424861798711,55.598023181398,0.0191848994828425,43.25066447451875,36.39878498823069,25.71718449905404
SUB-008,Control,2.456111111111111,1.0,833,1.3367090868331195,55.5002182031388,0.0240847537200767,30.573938649756176,19.032076920900597,16.29879146086557
SUB-008,Control,2.706111111111112,1.25,842,1.3829391067824333,56.19158527673689,0.024611142397418,29.465604527816105,18.67237399301646,12.576157580872694
SUB-008,Control,2.956111111111112,1.5,856,0.9785862886082056,57.01978373337478,0.0171622237850653,46.71708142755512,36.19151462696957,25.04894499120946
SUB-008,Control,3.206111111111112,1.75,881,0.6389461787267108,58.76741843602623,0.0108724561284287,85.55878096071764,54.81892713951334,66.73196946890829
SUB-008,Control,3.456111111111112,2.0,821,0.7682076910621874,54.70725620787425,0.014042153533403,70.74612204565265,32.52177506930605,38.194174616587176
SUB-008,Control,4.456111111111111,3.0,804,0.9474179466557396,53.603514008140536,0.0176745492191399,73.57240446810697,20.264932688925345,45.203816233728126
SUB-008,Control,4.706111111111111,3.25,769,0.954617223603454,51.30006871140543,0.0186084979529708,61.175508999598776,56.58992198999159,20.95307968287081
SUB-008,Control,4.956111111111111,3.5,620,0.8018114556971743,50.57543148864433,0.0158537738996295,90.24843152010496,60.87070170724824,52.09475992612101
SUB-008,Control,5.456111111111111,4.0,634,0.455282715493346,51.22052698974378,0.0088886769084689,110.95340682558196,106.48115038374544,47.50641438053525
SUB-008,Control,5.706111111111111,4.25,788,0.4676733762817635,52.69833768399276,0.0088745375439768,86.93489175384718,15.92413717768958,67.38723091451654
SUB-008,Control,5.956111111111111,4.5,771,1.1088563430506162,51.38435631818757,0.021579648408637,29.11317641751101,12.06099218420825,17.97444328645282
SUB-008,Control,6.206111111111111,4.75,973,0.1800060985225196,64.86118949955338,0.0027752512698484,183.4072867868859,33.15925222664788,170.32379198947245
SUB-008,Control,6.456111111111111,5.0,1070,0.746067240788266,71.29879302915477,0.0104639533025922,60.8083572879662,23.78552436498129,44.14156457780269
SUB-008,Control,6.706111111111111,5.25,1025,0.9028156296432904,68.95113550748036,0.01309355709661,57.76643644450427,15.92346195476976,36.3564397673819
SUB-008,Control,6.956111111111111,5.5,1102,0.6368098459976197,75.04894866774495,0.0084852600509687,77.03643980879532,16.480660507208444,60.24820749350713
SUB-008,Control,7.206111111111111,5.75,1072,1.0019505242744904,71.43110984754256,0.0140268088569949,54.42740773001468,16.13707621467315,36.750826218309626
SUB-008,Control,7.456111111111111,6.0,1116,0.6289667208352169,74.40115735133658,0.0084537222702748,59.10068065917195,17.525842546099536,49.04899627387334
SUB-008,Control,7.706111111111111,6.25,1138,0.627369599393185,76.5361024426988,0.0081970413879238,72.953488156602,80.23082903647692,20.09569250948898
SUB-008,Control,7.956111111111111,6.5,1066,0.8287784474448976,71.07219450401698,0.0116610786149012,69.61097861650389,39.25591968158367,56.02405887137208
SUB-009,Control,17.75583333333333,0.0,1226,0.4889733621786445,81.92020241729189,0.0059688983638965,46.15769479614095,53.262905880707855,20.675112105581395
SUB-009,Control,18.00583333333333,0.25,1251,0.645777612590978,83.37869211201583,0.0077451156432557,42.98007048427135,18.31875541623939,35.80771921794524
SUB-009,Control,18.25583333333333,0.5,1290,1.0270643324087687,86.00611599047043,0.0119417592642198,24.940960639312863,25.445754529669063,11.43243571842258
SUB-009,Control,18.50583333333333,0.75,1254,0.8545157070339615,83.60557370491367,0.0102207983172267,30.0333570474813,40.4374720531524,11.750050224308271
SUB-009,Control,18.75583333333333,1.0,1227,0.6810465445525848,82.72830348544389,0.0082323281858719,34.65132057412898,37.67256109831614,19.912934033966405
SUB-009,Control,19.00583333333333,1.25,1184,1.0567180984599072,78.97238078827866,0.0133808565464541,29.874722899206223,34.623857326937326,11.968865974151916
SUB-009,Control,19.25583333333333,1.5,1178,0.8599845792096431,78.5404019695106,0.0109495820958936,30.831199320057014,24.725923297678587,19.166949230889205
SUB-009,Control,19.50583333333333,1.75,1096,0.500863271290067,73.23119274637017,0.0068394799061209,63.89375928382305,99.94887734332876,16.99596357598698
SUB-009,Control,19.75583333333333,2.0,1186,0.4807729998589021,79.03689610246808,0.006082893225407,69.04904417764547,95.07844862220388,31.304468073689836
SUB-009,Control,20.00583333333333,2.25,1134,0.7016404876630089,75.6612856413695,0.0092734412548677,37.86836643089116,51.0176145965037,12.788728391692706
SUB-009,Control,20.25583333333333,2.5,1101,0.9514913590757714,73.35215809244416,0.0129715523553734,26.71550668461245,30.39086286130332,12.49239077298074
SUB-009,Control,20.50583333333333,2.75,1127,0.9355165013023296,75.3459764223475,0.0124162768302098,29.22512965136613,24.703445369904824,20.74720361382342
SUB-009,Control,20.75583333333333,3.0,1096,0.3880199720653493,73.08128292325132,0.0053094302199489,69.39593230484013,38.170107120960125,64.21138673971565
SUB-009,Control,21.00583333333333,3.25,1012,0.6090999237832488,67.44366088456493,0.0090312405316456,45.80118218524239,70.31057990014841,8.737807826884376
SUB-009,Control,21.25583333333333,3.5,1022,0.4067075218602441,68.153930965803,0.0059674844296848,75.68092132298293,125.83721975866908,5.325928206766644
SUB-009,Control,21.50583333333333,3.75,1030,0.4962394875462548,68.86407702079295,0.0072060718594459,113.51842064856596,189.4946376208964,11.306356661229277
SUB-009,Control,21.75583333333333,4.0,1056,0.4803379838586982,70.4100921132029,0.0068220047644083,124.11109936447608,201.9388908551556,28.98516810506573
SUB-009,Control,22.00583333333333,4.25,1092,0.5181568438589335,72.78051099649983,0.0071194449827901,121.22934800744544,202.02746407847584,19.99119619609887
SUB-009,Control,22.25583333333333,4.5,1105,0.5477217721810062,73.67313353060992,0.0074344845391086,119.65347357243762,201.8494627586163,15.433212916260253
SUB-009,Control,22.50583333333333,4.75,1118,0.5200904325788045,74.56581088651946,0.0069749182151364,119.31840702058066,202.3396565578175,8.293353157348095
SUB-009,Control,22.75583333333333,5.0,1130,0.5029514251592181,75.30103755500419,0.0066792097624396,115.56878862332157,195.62361277265325,4.07587071391333
SUB-009,Control,23.00583333333333,5.25,1121,0.4914888176810835,74.77362801065019,0.006573023547969,99.49211840715508,166.79365192185395,6.424390335871992
SUB-009,Control,23.25583333333333,5.5,1167,0.4809016325700158,77.7999135556516,0.0061812617854134,79.85190507548543,125.03340548483636,25.664433525536214
SUB-009,Control,23.50583333333333,5.75,1155,0.8865624156106193,76.99982888926914,0.0115138231915496,30.163388327961595,35.345999604503966,14.144838001900348
SUB-009,Control,23.75583333333333,6.0,1114,1.2233811210974008,74.27046271253865,0.0164719738697799,26.5094465297526,19.77923984487196,13.425345687569964
SUB-009,Control,0.0058333333333315,6.25,1090,1.4003008145964009,72.61180441444242,0.0192847543989401,26.11414417760376,21.54830991606421,7.560284095496436
SUB-009,Control,0.2558333333333316,6.5,1078,1.3476235163910404,71.92012729462233,0.0187377799106288,31.71177637260016,22.50806107532307,17.414623026479582
SUB-009,Control,0.5058333333333316,6.75,1042,1.3254105926474409,69.64751805521671,0.0190302630970518,32.71408636663848,37.07188540929894,12.42750680659097
SUB-009,Control,0.7558333333333316,7.0,1043,1.3935948689034514,69.5283118441446,0.0200435596944644,30.22887968168685,25.164907168179845,13.301352991670496
SUB-009,Control,1.0058333333333316,7.25,1027,1.3616573840608992,68.50068867537543,0.0198780101396321,33.44148327708932,28.73358502488101,11.655177546824593
SUB-009,Control,1.2558333333333316,7.5,995,1.3791634945666886,66.35360804690322,0.0207850565351593,40.41560590378741,30.129282133019807,21.5785846700097
SUB-009,Control,1.5058333333333316,7.75,1007,1.2589988960406422,67.13176692543841,0.0187541450747003,29.13936522669911,22.82076414894883,12.0039523228478
SUB-009,Control,1.7558333333333316,8.0,969,1.3789357121837953,64.58916337370064,0.0213493354017536,35.627193567679804,27.971096356863782,17.021138949689973
SUB-009,Control,2.005833333333332,8.25,1130,0.3053950893230286,75.33207779870335,0.0040539846801927,104.95763919870048,81.17463596143871,87.53247433052519
SUB-009,Control,2.255833333333332,8.5,981,0.9052550916030152,65.4186079595974,0.0138378837434465,60.67747262812461,42.57549117719714,35.20146935082532
SUB-009,Control,2.505833333333332,8.75,1045,0.6853555290474407,69.68695331307559,0.0098347753268594,60.09539792395069,46.78490767551964,46.448482947581326
SUB-009,Control,2.755833333333332,9.0,1050,0.4510545695050466,70.02466424284998,0.0064413671151747,78.89616469555344,52.493269803304464,58.3366258914217
SUB-009,Control,3.005833333333332,9.25,977,0.7215132107417691,65.29395646624027,0.0110502296045549,42.68331885438292,34.23782241332759,30.6838397426732
SUB-009,Control,3.255833333333332,9.5,944,0.9126519460329586,62.952638809234834,0.0144974374910409,43.65842828645563,33.88247732018909,31.38221686668073
SUB-009,Control,3.505833333333332,9.75,969,0.8946444728179644,64.62506016221846,0.0138436153184581,48.00139700206888,56.44834177596538,18.02141586808028
SUB-009,Control,3.755833333333332,10.0,967,0.9528149198083348,64.43187345500097,0.014787943741443,50.246698111958594,59.69571739202269,15.898193362157144
SUB-009,Control,4.005833333333332,10.25,984,1.2540116849859213,65.6226762803591,0.019109426132339,31.48322936807238,31.743375883996904,12.752253826136078
SUB-009,Control,4.255833333333332,10.5,1016,1.2147756940776726,67.7331828151493,0.0179347203776458,29.57458969209156,33.43188059912407,8.975401468822717
SUB-009,Control,4.505833333333332,10.75,1037,1.171356127648365,69.10116290304846,0.0169513229363711,28.921015904307637,32.16596981127126,5.086257324846882
SUB-009,Control,4.755833333333332,11.0,1047,1.3423786205060348,69.80023266744223,0.0192317212881179,29.769415040388427,24.64481918803032,13.386548172359948
SUB-009,Control,5.005833333333332,11.25,1045,1.1487359961047263,69.71515743172473,0.0164775643980971,36.84436156383175,27.680580907686405,24.90614804266249
SUB-009,Control,5.255833333333332,11.5,1031,1.3946141744806757,68.72081087446287,0.0202939132518141,28.5023096615232,26.77894042872938,11.960297787567184
SUB-009,Control,5.505833333333332,11.75,1053,0.8492271859642841,70.17762113637096,0.0121011110409975,52.85045311938691,32.42068414540745,42.35039110758556
SUB-009,Control,5.755833333333332,12.0,1197,0.3936135415780746,79.77580134026012,0.0049339967128532,67.48142998457311,20.216656763726814,60.96223756277959
SUB-009,Control,6.005833333333332,12.25,1081,0.5149411085295247,72.6303589525372,0.0070898879746144,51.571633112582255,30.622386509799583,43.8711593890916
SUB-009,Control,6.255833333333332,12.5,1219,0.5365072296289435,81.30596454953228,0.0065986208096959,44.54891902308368,24.124642131312022,33.899192484356654
SUB-009,Control,6.505833333333332,12.75,1199,0.9941426592398704,79.92791599680466,0.0124379904923282,23.322741809337785,15.488376814908689,13.120210834211475
SUB-009,Control,6.755833333333332,13.0,1179,0.9523409228498488,78.60655054587882,0.0121152870369755,29.64196771389172,16.59476567709707,15.593452644621223
SUB-009,Control,7.005833333333332,13.25,1113,0.9310937664524572,74.17684034207097,0.0125523514099368,28.347303010963348,18.147279162651195,19.07774263044264
SUB-009,Control,7.255833333333332,13.5,1112,0.8466524614332533,74.11900365929253,0.0114228796885224,32.90306946567105,40.72111026092103,9.260167662393762
SUB-009,Control,7.505833333333332,13.75,1116,0.6142335185342641,74.39950400330665,0.0082558819008654,55.29353334731267,35.06977030488891,45.12306700884084
SUB-009,Control,7.755833333333332,14.0,1122,0.6017026589076967,74.81978567665672,0.0080420259623307,57.35586213818725,20.61070281365466,49.03190398142574
SUB-009,Control,8.005833333333328,14.25,1229,0.9875894752510296,81.94708223268572,0.0120515514200591,24.29506557654417,15.237051960369392,10.762715668261068
SUB-009,Control,8.255833333333328,14.5,1323,0.5787734959503356,88.20813475020475,0.0065614526096641,42.4407659100093,26.324806958876028,33.225724451284385
SUB-009,Control,8.505833333333328,14.75,1432,0.64721136275674,95.44577464710504,0.0067809325782068,29.560442761950544,37.78125831789959,14.65090277061609
SUB-009,Control,8.755833333333328,15.0,1394,0.7479192641787619,92.95202701876713,0.0080462932134632,23.3713191755713,21.00632318572676,14.836070409165602
SUB-009,Control,9.005833333333328,15.25,1361,0.3780317310956446,90.7310146518478,0.0041665105647305,49.037435136164525,61.59873112711485,22.01654164824492
SUB-009,Control,9.255833333333328,15.5,1305,1.090736366079288,87.04178005442613,0.0125311817542939,28.047586229368186,17.721970870468734,15.632778448541195
SUB-009,Control,9.505833333333328,15.75,1260,0.673777840153307,84.01773707782755,0.0080194714067241,54.49270023831593,60.45439533901729,23.62211193896384
SUB-009,Control,9.755833333333328,16.0,1318,0.8741350913233358,87.87623541230045,0.0099473434111286,28.956298179918477,24.46220334636367,16.973274209596298
SUB-009,Control,10.005833333333328,16.25,1298,0.8067742011484104,86.512089809058,0.0093255659749874,40.66577680907307,40.52538540210575,22.735740580317827
SUB-009,Control,10.255833333333328,16.5,1220,0.9563823090795432,81.33179706605542,0.011759020992771,26.698151186531067,24.758903072999395,14.273747464683863
SUB-009,Control,10.505833333333328,16.75,1208,0.9270271840337844,80.56806712227049,0.0115061365767522,21.737107966660208,14.272818182008397,10.70873324272258
SUB-009,Control,10.755833333333328,17.0,1209,1.007099822007902,80.59973133422889,0.0124950766626216,30.72825224459184,17.879679723637878,17.920601301956943
SUB-009,Control,11.005833333333328,17.25,1130,0.510850999588836,75.30112118704777,0.0067841088092152,76.12612605024708,48.75296089211864,64.36230681784744
SUB-009,Control,11.255833333333328,17.5,1125,0.4410931406562494,74.99400047996161,0.0058817123747666,74.49935746934463,34.222230085552134,67.93200818212208
SUB-009,Control,11.505833333333328,17.75,1148,0.8249997228960808,76.55766165692653,0.0107761875825453,46.11837912959864,42.43610510597022,30.021581668041325
SUB-009,Control,11.755833333333328,18.0,1153,1.0497701573276697,76.84540610431114,0.0136608056427302,27.357464644218418,19.928104282088093,17.41759554308946
SUB-009,Control,12.005833333333328,18.25,1198,0.9621043427652592,79.89986950132611,0.0120413756464181,28.996466134295456,16.633325046080074,18.53130164065507
SUB-009,Control,12.255833333333328,18.5,1150,0.7073298649931503,76.65235822646439,0.0092277639117558,36.801526445709406,32.05163371300688,22.607740645888452
SUB-009,Control,12.505833333333328,18.75,1192,1.1870837884565444,79.48468319485751,0.0149347489446035,29.08329963369384,17.48582249267023,19.44529667345034
SUB-009,Control,12.755833333333328,19.0,1243,1.2139431275327506,82.81596489260464,0.0146583225723082,24.75283202411481,15.117894186614787,14.212474541226763
SUB-009,Control,13.005833333333328,19.25,1246,1.1113904948138127,83.10785122405103,0.0133728700531265,28.17839469948155,27.58050647376508,12.280758524373123
SUB-009,Control,13.255833333333328,19.5,1199,0.8089355742575745,81.45564890509296,0.0099309941683737,39.574177833753616,38.87309733170573,25.845006957198112
SUB-009,Control,13.505833333333328,19.75,1197,0.5793002279524743,80.90698738067289,0.0071600766102787,46.04179656767141,65.37263907629347,14.836070966945137
SUB-009,Control,13.755833333333328,20.0,1239,0.8965495038440034,82.64720073464179,0.0108479113130834,29.69880258503983,26.177226225470317,15.837240507731936
SUB-009,Control,14.005833333333328,20.25,1251,0.7448460892809757,83.37026460562399,0.0089341936577076,27.616686854250915,16.922032974793545,21.31583037188915
SUB-009,Control,14.255833333333328,20.5,1287,0.9172247706090572,85.80152536045085,0.0106900753425514,28.729879061412717,15.117708195644171,20.261821398952428
SUB-009,Control,14.505833333333328,20.75,1251,0.9626281015846349,83.40296543877115,0.0115418929833056,26.24957079166444,21.611589483423007,15.01487745484422
SUB-009,Control,14.755833333333328,21.0,1148,0.7167827010678496,76.53188773100953,0.0093658045334927,45.14568883715797,35.22712456536658,32.5290350746376
SUB-009,Control,15.005833333333328,21.25,1158,0.7426454576266067,77.19553981325524,0.0096203156221609,35.967157837227006,28.799773719460624,27.04389371495964
SUB-009,Control,15.255833333333328,21.5,1137,0.6102559064264585,75.83142791401325,0.0080475328397935,39.707807633450834,22.159075970972346,32.669924281080405
SUB-009,Control,15.505833333333328,21.75,1183,0.6852426681854082,78.82226345825185,0.0086935167568278,43.93349528794238,18.793404358373355,40.81889391809643
SUB-009,Control,15.755833333333328,22.0,1137,1.241155673347634,75.81895473868467,0.0163699918790144,19.2554545424647,14.326640947726387,8.105344323940084
SUB-009,Control,16.005833333333328,22.25,1144,1.17976919102239,76.27488740453137,0.0154673344159181,21.43216752714536,14.604347439358042,9.777715312544093
SUB-009,Control,16.255833333333328,22.5,1173,0.7859184920025913,78.2020853889437,0.0100498405904876,40.80355161794096,24.267687332421357,29.14256937306568
SUB-009,Control,16.505833333333328,22.75,1144,0.7064202204573335,76.2426078881775,0.0092654257248573,43.60799596480857,40.54987316223463,28.945088191258662
SUB-009,Control,16.755833333333328,23.0,1143,1.0996807733780616,76.23718680556405,0.0144244668442802,23.61968164071826,20.60565018665296,12.035801419792662
SUB-009,Control,17.005833333333328,23.25,1183,0.625740567663481,78.84283860877602,0.0079365555414417,48.2720096257444,24.428700770196457,43.03636026323074
SUB-009,Control,17.255833333333328,23.5,1199,0.7201180678566119,79.94594702719762,0.009007561916949,35.97172059533513,20.05333039921716,26.48009953206727
SUB-010,Control,17.41583333333333,0.0,977,0.9362235294922576,65.11813910087646,0.0143773078042344,54.47029679218904,20.350363512280737,47.14287808217354
SUB-010,Control,17.66583333333333,0.25,953,0.8236354239624729,63.54018155290071,0.0129624342240311,48.60209665655109,20.40181961731548,38.03277649693862
SUB-010,Control,17.91583333333333,0.5,908,0.9719299685584568,60.54349118574339,0.0160534179566328,60.64421260888533,22.776900811663204,49.51078284741424
SUB-010,Control,18.16583333333333,0.75,1010,0.993965926105412,67.2678592836306,0.0147762384100022,44.53962371242395,14.83156171793997,36.03262568660043
SUB-010,Control,18.41583333333333,1.0,1006,0.680776650717862,67.09879953622234,0.0101458842099008,55.56713680031748,19.109425665198085,48.47418982328221
SUB-010,Control,18.66583333333333,1.25,969,0.7832366163487492,64.59555008432753,0.0121252410626778,56.21704784012587,21.69932112279282,51.23392813155635
SUB-010,Control,18.91583333333333,1.5,820,1.0809196144532236,54.6799721265508,0.0197681083661043,49.23190456152207,29.198763082839072,27.47988980882337
SUB-010,Control,19.16583333333333,1.75,817,1.1841647513349387,54.43872145631909,0.0217522513324472,36.71718800214474,34.80240089193757,17.51166368970312
SUB-010,Control,19.41583333333333,2.0,848,0.8812681919216289,56.558721915170814,0.0155814728848256,69.91514044071971,31.222362040392557,58.48017630508623
SUB-010,Control,19.66583333333333,2.25,869,1.2300805730716644,57.90270923378302,0.0212439208691461,33.38770950684064,23.739222633528676,20.000153374756398
SUB-010,Control,19.91583333333333,2.5,888,0.6073598731701747,59.20282857958769,0.0102589671429919,85.41057361620089,25.182177266078547,72.26343169125632
SUB-010,Control,20.16583333333333,2.75,858,0.9254425487870822,57.22091742425842,0.0161731511909445,58.68831282410593,25.23361096871433,47.52989708269112
SUB-010,Control,20.41583333333333,3.0,854,1.1677686465883304,56.96301739462009,0.020500470305118,40.69735421706797,25.3898328231098,26.79198551159006
SUB-010,Control,20.66583333333333,3.25,902,0.3891182639712975,60.12064119796932,0.0064722906512254,123.89867311140416,22.44715090597875,120.44807115662228
SUB-010,Control,20.91583333333333,3.5,888,0.9042957456333104,59.16042824688375,0.0152854834292201,84.86302681456513,26.644323127153587,73.57193009735033
SUB-010,Control,21.16583333333333,3.75,808,0.9937031589482588,53.90925497809937,0.0184328861408296,64.44713616614906,43.93809715566288,39.91599531092932
SUB-010,Control,21.41583333333333,4.0,771,1.1562611097613886,51.40742551701913,0.0224921030013182,60.52137583512319,38.712392726998296,29.0235827630814
SUB-010,Control,21.66583333333333,4.25,812,0.6749873592152598,54.0745122805304,0.0124825417881446,103.31505093374685,33.90906821960135,85.19927228367723
SUB-010,Control,21.91583333333333,4.5,851,0.8900497671052616,56.755404879675424,0.0156822027609919,78.60639826242853,28.0281790976405,58.63416520668208
SUB-010,Control,22.16583333333333,4.75,842,1.0527259532435895,56.11450379983606,0.0187603183126902,54.11682627093306,40.44927534997003,29.39476972931193
SUB-010,Control,22.41583333333333,5.0,837,1.1120360681844303,55.85486188656413,0.0199093871262786,44.83740089311684,29.33711417202762,24.62382509064121
SUB-010,Control,22.66583333333333,5.25,844,1.0916439864785443,56.23979654165232,0.0194105251726871,62.99488297931274,28.61836256945152,40.94604264968339
SUB-010,Control,22.91583333333333,5.5,897,0.5353102233964366,59.781135730502825,0.0089545007276149,114.51348452709485,24.45394724199522,107.80898615297669
SUB-010,Control,23.16583333333333,5.75,987,0.6084323384018699,65.79561362575829,0.0092473085191149,89.75824444193414,29.472061924423937,79.31730802932643
SUB-010,Control,23.41583333333333,6.0,938,0.8913450841143005,62.54466086635691,0.0142513377124051,39.29998768217494,16.726023793230024,25.931684302396228
SUB-010,Control,23.66583333333333,6.25,925,0.7414660859991875,61.67009278293239,0.0120231063800895,67.36070217837843,49.87616700020195,47.19637638950874
SUB-010,Control,23.91583333333333,6.5,865,1.1111054511070175,57.69307727537496,0.0192589042495271,48.62885985734682,25.83138433508098,22.82818987146625
SUB-010,Control,0.1658333333333317,6.75,860,0.948291543691686,57.320277048005735,0.0165437362226545,63.52145054908856,36.49978072557607,49.10162759566252
SUB-010,Control,0.4158333333333317,7.0,814,1.1246949730433873,54.28240856515056,0.0207193269932654,37.37085353917871,32.11556622723537,25.05277730708351
SUB-010,Control,0.6658333333333317,7.25,834,1.2463846899175608,55.60661100819764,0.0224143256947238,25.530786472797324,27.914098207742637,10.38705018103285
SUB-010,Control,0.9158333333333316,7.5,853,0.85550900944748,56.87393389155281,0.0150421986120876,54.45059509519681,22.163551265418544,35.56727110543403
SUB-010,Control,1.1658333333333315,7.75,843,0.6567283718700312,56.14971481095819,0.0116960232849101,105.16111611295142,28.47789491539625,87.01793757490118
SUB-010,Control,1.4158333333333315,8.0,764,0.883682692302374,51.66176420867566,0.0171051590250178,92.61791350888846,72.57588788272537,68.55590839784027
SUB-010,Control,1.6658333333333315,8.25,774,1.194799937277207,51.62214016233629,0.0231451066058074,80.90242961838487,37.0533861907628,47.125825119868736
SUB-010,Control,1.915833333333332,8.5,764,1.1836487209258078,50.923940695382846,0.0232434627949585,73.63327332575582,34.469143988312574,44.85346818595348
SUB-010,Control,2.165833333333332,8.75,769,1.0503106537620903,52.06570163441617,0.0201727936202019,88.85938802231212,35.56837605233053,58.138633771724
SUB-010,Control,2.415833333333332,9.0,765,1.091910243795604,51.344579175802046,0.0212663198593359,65.36503348298018,32.21126270462209,44.87196832282685
SUB-010,Control,2.665833333333332,9.25,748,1.350799835973416,49.84661724950631,0.0270991274936875,40.3633642734146,31.954640710205773,18.7539862024532
SUB-010,Control,2.915833333333332,9.5,758,1.1731491012533666,50.55451005587896,0.023205626955076,36.481931991318,25.550142375911065,16.745261485627204
SUB-010,Control,3.165833333333332,9.75,776,0.8062534150874928,51.87200449200864,0.0155431320417105,73.64671558412206,25.882987313253945,50.33701977163625
SUB-010,Control,3.415833333333332,10.0,764,1.0292344123671964,51.094337267210896,0.020143805897404,66.79938037904117,35.69930485279058,48.10904969926169
SUB-010,Control,3.665833333333332,10.25,740,1.0791185616553691,49.29756521101912,0.021889895718707,45.4841017987528,39.99631241459517,31.61022501140257
SUB-010,Control,3.915833333333332,10.5,763,1.1631696744308777,50.91271438834679,0.0228463496477239,33.81116760401209,37.970011650997726,10.201741075939324
SUB-010,Control,4.165833333333332,10.75,776,0.7758906135623123,51.99678370410078,0.0149218962845411,93.48681274365426,35.55303172046132,70.51249414208387
SUB-010,Control,4.415833333333332,11.0,751,0.9909748892888536,50.31432495505656,0.0196956809054686,67.10453279948395,33.37126508440058,42.55288240654576
SUB-010,Control,4.665833333333332,11.25,737,1.0996250299797468,49.11979810007909,0.0223865950698599,104.02888291395638,44.95615315528831,43.27090423537513
SUB-010,Control,4.915833333333332,11.5,740,0.903161008104776,49.35669550253787,0.0182986522681271,93.8478628328856,40.95310695022858,66.83067384711758
SUB-010,Control,5.165833333333332,11.75,730,0.7743950227562861,48.61491878644732,0.0159291641760835,99.6900953258403,56.69891360370918,74.81427844923503
SUB-010,Control,5.415833333333332,12.0,839,0.4322338183820385,55.97407001762394,0.0077220366188477,141.71815734394994,26.38979425933668,127.43074077597228
SUB-010,Control,5.665833333333332,12.25,754,0.9171614264700996,50.24779582778912,0.0182527693277019,75.27113365402947,33.934708029251475,62.51213067563304
SUB-010,Control,5.915833333333332,12.5,741,0.681993966597092,49.38364852526608,0.0138101170521688,106.55529341161711,36.21663422509876,87.47120038751005
SUB-010,Control,6.165833333333332,12.75,818,0.6840572515235774,54.56771099125783,0.0125359345132356,92.02136641571032,27.8978289780604,64.2343898138916
SUB-010,Control,6.415833333333332,13.0,807,0.8285804730844454,53.78894338385999,0.015404289821634,90.93261668000176,60.4379488199942,56.19265199663629
SUB-010,Control,6.665833333333332,13.25,787,1.0738724880384247,52.43800055969404,0.0204788984434285,64.50948038352094,29.15567586447798,40.85015326824339
SUB-010,Control,6.915833333333332,13.5,791,0.9135743934031152,52.77572983630184,0.0173105023130293,70.34090370418316,45.18675732971645,38.58661307042096
SUB-010,Control,7.165833333333332,13.75,842,0.718223573133462,56.1185554470656,0.0127983261046506,86.17220028291207,26.786223765043168,76.26392632845744
SUB-010,Control,7.415833333333332,14.0,816,0.8664262248873502,54.38440980252327,0.0159315183898005,69.8610360862608,32.68060718361228,44.13107472399901
SUB-010,Control,7.665833333333332,14.25,799,0.9962828546207448,53.26779120892552,0.0187032882725163,76.96851096928606,35.876319149115936,56.17369460071078
SUB-010,Control,7.915833333333332,14.5,864,0.576780799126366,57.58573153540845,0.0100160366769277,118.62799146558288,32.60979315331114,100.3525474017755
SUB-010,Control,8.165833333333332,14.75,1071,0.5682240859253913,71.44103890790598,0.0079537489181517,72.98861763175843,17.099379668477127,68.66364658380348
SUB-010,Control,8.415833333333332,15.0,1098,1.058481892652638,73.15269459083126,0.0144694860329219,31.198793813519515,10.430216953950296,19.282138776449983
SUB-010,Control,8.665833333333332,15.25,1078,0.3578836824627953,71.85756470847026,0.0049804593839875,87.95531364424421,39.94820230277915,84.41530672337456
SUB-010,Control,8.915833333333332,15.5,923,1.0108547405844228,61.585886623251845,0.0164137401604408,49.66965369027771,40.14472192557275,26.12288388655972
SUB-010,Control,9.165833333333332,15.75,894,1.013692618065395,59.59437164267819,0.0170098717399588,46.07022151679142,23.55121174097174,30.216938892887963
SUB-010,Control,9.415833333333332,16.0,1026,0.6229256013526818,68.34304746044963,0.0091146886845098,80.67085834139247,17.03660334862958,75.06329687097934
SUB-010,Control,9.665833333333332,16.25,1080,0.5144707234916253,72.01832466260859,0.0071436086010306,88.04555391718038,14.855404398794214,83.2866639007161
SUB-010,Control,9.915833333333332,16.5,1012,0.6169941834353567,67.49636506729628,0.0091411468279838,81.60666533119651,16.93888473376387,74.32734810007256
SUB-010,Control,10.165833333333332,16.75,1018,0.7094557322619366,67.82017217085621,0.0104608364967673,66.00468356837233,16.95296866360996,56.4395303672735
SUB-010,Control,10.415833333333332,17.0,942,0.5902843566730869,62.80544313840532,0.0093986178136227,67.91337126218917,16.847537873895025,61.91436242237022
SUB-010,Control,10.665833333333332,17.25,847,1.183428778901377,56.46691763074502,0.0209579135634813,41.181798831998606,24.94179986718395,27.897607374349217
SUB-010,Control,10.915833333333332,17.5,838,0.8366617209736897,55.9141937313383,0.0149633154864712,64.73126655159622,25.49350422101961,45.76337182478735
SUB-010,Control,11.165833333333332,17.75,858,1.1256699815637812,57.18805405093158,0.0196836559705504,54.463642890826776,22.574730040602205,36.68773805304297
SUB-010,Control,11.415833333333332,18.0,905,0.8207385734408881,60.307066255586456,0.0136093268069537,84.39619866668401,22.46169305433713,72.82167865104344
SUB-010,Control,11.665833333333332,18.25,803,0.6792949261152252,53.56708059410762,0.0126812011888874,93.43840813209418,29.37870791581877,77.7869758995117
SUB-010,Control,11.915833333333332,18.5,822,0.5976259053003457,54.78399090043688,0.010908769066979,125.16949088927991,30.182231747776573,112.9371833631777
SUB-010,Control,12.165833333333332,18.75,998,1.0227054637890904,66.49388029769004,0.0153804449253147,48.91020498330215,14.79315762565967,35.47380102084193
SUB-010,Control,12.415833333333332,19.0,929,0.6748194471464337,61.94737473827401,0.0108934309161207,95.88876704635516,22.12898123151691,86.6300224203816
SUB-010,Control,12.665833333333332,19.25,866,1.1393742994355898,57.75232743213324,0.0197286299980638,45.584709202376025,25.59475199097989,24.055990285892616
SUB-010,Control,12.915833333333332,19.5,896,1.0658383879019593,59.7255026563184,0.0178456160349988,48.14275496216608,32.354029737012105,24.89163202976088
SUB-010,Control,13.165833333333332,19.75,958,0.477996972329015,63.83949941302757,0.0074874799571418,96.03947838632186,20.73833093346608,89.87557346849697
SUB-010,Control,13.415833333333332,20.0,909,0.910528014159056,60.62067838696089,0.0150200894874001,43.01763285788393,21.84748899371267,27.265099869899835
SUB-010,Control,13.665833333333332,20.25,903,0.9944105629637534,60.220608830577575,0.0165127949098188,57.55908616273378,26.15583098386979,39.47456768495415
SUB-010,Control,13.915833333333332,20.5,861,0.8705982937862953,57.370231224464646,0.0151750877625022,47.27611324447949,39.75136387889802,15.756943561086104
SUB-010,Control,14.165833333333332,20.75,863,1.2181529305707304,57.57472316209541,0.0211577731279949,34.883261289612,24.317242982388063,15.23886904291092
SUB-010,Control,14.415833333333332,21.0,836,1.3209634365567275,55.679695226931386,0.0237243295095803,37.97465129782368,37.835604054008925,10.972637516159097
SUB-010,Control,14.665833333333332,21.25,965,0.4480717549271268,64.36401351310792,0.0069615260216157,121.50947743996484,24.4634751876601,112.09911179405768
SUB-010,Control,14.915833333333332,21.5,930,0.937153238964893,62.03253261710586,0.0151074476476633,47.39165195304175,31.86205466458291,29.2082085193236
SUB-010,Control,15.165833333333332,21.75,894,1.2121112899600162,59.55678824142039,0.0203521936919529,43.10873872316135,26.83959652769238,18.806673312266422
SUB-010,Control,15.415833333333332,22.0,855,1.2356249089082736,57.00133003103406,0.0216771241694806,34.90955121001564,23.307410044826053,18.4335125036901
SUB-010,Control,15.665833333333332,22.25,926,0.6298064355402335,61.75577126355909,0.0101983413477643,82.9125822725772,24.12149428386406,78.8556268904375
SUB-010,Control,15.915833333333332,22.5,944,0.7897632154265158,62.89294208830329,0.0125572630124007,68.40432471121206,34.05589255332171,58.287371363070434
SUB-010,Control,16.16583333333333,22.75,998,1.102843047378123,66.59363757180114,0.0165607869999448,63.818266539397655,23.43988662205011,46.41354858204948
SUB-011,PD,17.59722222222222,0.0,1132,0.5499135748859065,75.97026511295991,0.0072385369995516,39.18746507209087,9.56664926045176,34.255408501165896
SUB-011,PD,17.84722222222222,0.25,1028,0.6013395315198234,68.53478017869266,0.0087742242690781,30.884745711823665,14.828654594361232,24.645433358639377
SUB-011,PD,18.09722222222222,0.5,1083,0.366275726046827,72.23001558425389,0.0050709628550415,46.31998944716651,35.46714915427005,41.28631293263022
SUB-011,PD,18.34722222222222,0.75,1136,0.5765490240234634,75.68338230101466,0.0076179077426846,25.659189691719888,5.411115985769825,21.84035449317669
SUB-011,PD,18.59722222222222,1.0,1145,0.6892886521676121,76.34953640161413,0.0090280659798877,19.37823651226346,5.08244957734887,14.62156988686586
SUB-011,PD,18.84722222222222,1.25,1195,0.6340633763807565,79.67543096407272,0.0079580790302429,23.88067690253031,7.221489891144777,18.43803368498488
SUB-011,PD,19.09722222222222,1.5,1080,0.6771043929249243,72.6882772205259,0.0093151800925297,29.85091843726782,36.83560654007427,11.54202386040449
SUB-011,PD,19.34722222222222,1.75,1075,0.9169729917425122,72.73941134080727,0.0126062745744009,19.034605949084284,10.350019566548314,13.792604317925454
SUB-011,PD,19.59722222222222,2.0,1133,0.6540119885645905,75.5386210368059,0.0086579815674147,25.87452648562948,5.722607204373519,21.49135369473388
SUB-011,PD,19.84722222222222,2.25,1110,0.8183174670357903,74.48298075073477,0.0109866369308497,18.7088740791437,5.210968524817302,14.79829888410077
SUB-011,PD,20.09722222222222,2.5,1029,0.5037848747143308,68.58887336054373,0.0073449941664173,36.20827179566907,10.95227531750139,33.933652031839216
SUB-011,PD,20.34722222222222,2.75,979,0.9314996590995278,65.30744753946352,0.0142632991212318,20.065902344650933,23.98502003530682,8.2115946053341
SUB-011,PD,20.59722222222222,3.0,976,1.026129106910237,65.01573767215682,0.0157827803490366,21.626385787066067,24.205233593860097,7.724550550920787
SUB-011,PD,20.84722222222222,3.25,955,1.0403350654974433,63.68803754148615,0.0163348582505744,24.85205471976111,16.9235238758764,17.750828094616544
SUB-011,PD,21.09722222222222,3.5,985,0.5813662154337467,65.67746696123362,0.0088518367460319,41.66534836757309,12.443000121856477,38.50942294314994
SUB-011,PD,21.34722222222222,3.75,964,0.4841745919150792,64.32284194863514,0.007527257460137,49.9584804970326,53.86633007821801,26.260883542020853
SUB-011,PD,21.59722222222222,4.0,945,0.6551947857628938,62.99034148097292,0.0104015118883075,44.76801741616093,50.8966737450011,21.48703620946221
SUB-011,PD,21.84722222222222,4.25,925,0.5514484991881731,61.772916082328265,0.00892702715302,59.01634201853436,79.3668396630182,10.53318536980246
SUB-011,PD,22.09722222222222,4.5,909,0.5980147959775653,60.913773616093565,0.0098173986025973,66.26757101291264,95.69059791136412,17.061936011444686
SUB-011,PD,22.34722222222222,4.75,923,0.4211119049636121,61.63798092761934,0.0068320197810846,71.6129302960075,75.69197769955159,46.70334776900734
SUB-011,PD,22.59722222222222,5.0,947,0.4581948900767016,63.16779487475945,0.0072536154061598,61.0380604786345,80.07980295578675,19.200545045013826
SUB-011,PD,22.84722222222222,5.25,944,0.6205865513724405,62.936130494688655,0.0098605768498082,42.48652751214932,51.71417900005813,14.470113674131172
SUB-011,PD,23.09722222222222,5.5,961,0.4063067284795963,64.4700341805228,0.0063022570663123,64.11823476513106,62.2763163918141,35.69324796982828
SUB-011,PD,23.34722222222222,5.75,971,0.5008733425654904,64.72944956635935,0.0077379515185279,48.88221602765794,47.94535119311285,32.254126132333894
SUB-011,PD,23.59722222222222,6.0,963,1.218588207922611,64.19407987930002,0.0189828752155002,14.220360074175384,11.305528241306057,7.358068228589989
SUB-011,PD,23.84722222222222,6.25,941,0.4182480223817834,62.73382126305427,0.0066670260787716,48.098851105765725,66.16883627219858,8.835162912680618
SUB-011,PD,0.0972222222222214,6.5,918,0.6538748585636395,61.37163600870434,0.0106543494859889,36.44614429424706,49.28606988634695,9.1934987815141
SUB-011,PD,0.3472222222222214,6.75,937,0.5476822119362433,62.598122724387885,0.0087491794977242,45.77462706916375,53.10948617118717,26.16408661057633
SUB-011,PD,0.5972222222222214,7.0,968,0.5647097737224667,64.5062407122342,0.0087543432617886,60.68006804681213,78.50850473298087,19.137210907450505
SUB-011,PD,0.8472222222222214,7.25,939,0.3383347646929612,62.65673915823773,0.005399814437175,110.81306238533465,156.34451938588785,22.044610102912262
SUB-011,PD,1.0972222222222214,7.5,970,0.2456874741586502,66.33756244792444,0.0037035951441766,140.13576385010668,188.55943212346725,58.97500155435915
SUB-011,PD,1.3472222222222214,7.75,960,0.6992110190063056,63.967092484644006,0.0109307925661019,42.714498262203634,51.49750188824626,18.162477079151465
SUB-011,PD,1.5972222222222214,8.0,993,0.3707406354521181,67.73464118716385,0.0054734273180497,61.65778529177828,63.59365711929494,40.11786867609285
SUB-011,PD,1.8472222222222212,8.25,992,0.4788785618819409,68.53660755307499,0.006987193836682,48.01396692404081,48.55417148003884,28.656960835397825
SUB-011,PD,2.097222222222221,8.5,937,1.0944682119485374,62.45500839843229,0.0175241063929792,18.593028498716137,16.203236460499852,11.078664356533686
SUB-011,PD,2.347222222222221,8.75,927,0.5492401762517048,61.82802870634688,0.0088833525464693,56.65651565913505,77.00027348412907,9.947008964957012
SUB-011,PD,2.597222222222221,9.0,912,0.3938746607861957,60.815609339730536,0.0064765389192422,76.64065583778587,106.683277155271,14.6383443186809
SUB-011,PD,2.847222222222221,9.25,887,1.092177432658999,59.39042789676199,0.0183897889161116,21.711432641793124,28.831964328551894,6.665918509342204
SUB-011,PD,3.097222222222221,9.5,891,0.7141050311307617,59.816455455426336,0.0119382705928286,42.52402921222451,40.08855366350177,24.54034205179359
SUB-011,PD,3.347222222222221,9.75,896,0.5366548572581988,60.24602702330163,0.0089077219490446,63.28308944864815,75.03401835577331,19.076655151469797
SUB-011,PD,3.597222222222221,10.0,937,0.9630072221679012,62.63892370686053,0.0153739426730032,39.79202576827876,26.61674012160119,24.90766210936628
SUB-011,PD,3.847222222222221,10.25,946,0.3417671657903679,63.483115907016696,0.0053835915409532,79.79558021574366,70.88035227497348,60.60030937476671
SUB-011,PD,4.097222222222221,10.5,1050,0.391048442149649,70.63231619060859,0.0055363955656553,54.65591759091041,40.95096931101773,43.61985626366562
SUB-011,PD,4.347222222222221,10.75,738,0.1264511275887251,60.69852653915589,0.0020832651927251,220.7824326483092,270.47892094526026,154.95026031300185
SUB-011,PD,4.597222222222221,11.0,930,0.3683046931428847,61.98973725461007,0.005941381742435,72.39461064826445,92.54587783820476,19.55747878893124
SUB-011,PD,4.847222222222221,11.25,921,1.1735569321469792,61.43474476120384,0.0191024954479518,20.003440139862693,19.73842533695655,9.782590087863603
SUB-011,PD,5.097222222222221,11.5,913,0.7391832191444052,61.100137079350986,0.0120978978849822,38.65026742119622,52.72422875913514,9.19700307605838
SUB-011,PD,5.347222222222221,11.75,900,0.600689409957018,60.518576961698464,0.009925702819106,51.84067670007586,58.198759968288805,26.45441606681026
SUB-011,PD,5.597222222222221,12.0,889,0.514218754449578,59.230338725581646,0.0086816784356407,59.60964395981867,84.8471930659534,11.88253874653798
SUB-011,PD,5.847222222222221,12.25,889,0.6108575362484281,59.56076448597296,0.0102560392150824,52.28758255972548,40.5021409733291,41.64623996712646
SUB-011,PD,6.097222222222221,12.5,1110,0.3649039037983367,73.97189068154101,0.00493300766597,60.58506679072577,54.46867714476653,47.02604705999348
SUB-011,PD,6.347222222222221,12.75,1157,0.7990839747853058,77.17655220256677,0.0103539734800271,20.949247276958936,11.537249736739223,13.86704492456524
SUB-011,PD,6.597222222222221,13.0,1114,0.6554031750665208,74.25519836380826,0.0088263608408318,35.49855856255659,7.844799583363788,33.03644634251062
SUB-011,PD,6.847222222222221,13.25,1101,0.726323430525373,74.03870724785818,0.0098100501416626,31.945083156483715,6.795653691213899,27.11070389605865
SUB-011,PD,7.097222222222221,13.5,1191,0.4997147103062874,79.3526529170928,0.006297391352856,35.735822331871894,6.300260098672465,33.04024603668714
SUB-011,PD,7.347222222222221,13.75,1045,0.1759845298060693,73.19174369115186,0.0024044314417302,156.45845203311276,217.0147734081591,39.00007324619351
SUB-011,PD,7.597222222222221,14.0,1129,0.8159066462565242,75.22019730033446,0.0108469091486003,29.231195512411244,7.828050127223652,23.22377526873437
SUB-011,PD,7.847222222222221,14.25,1079,0.5959472635883084,72.99368831221545,0.008164367048275,31.336640437337493,6.695123249401412,28.748298466180064
SUB-011,PD,8.097222222222221,14.5,1103,0.586659803575269,73.52663423999147,0.0079788747253193,39.706122719829146,18.9214634366476,35.669884614553254
SUB-011,PD,8.347222222222221,14.75,1140,0.6333078911539407,75.99231633245972,0.008333841126559,28.196534260549328,7.607872176357843,21.79111548380564
SUB-011,PD,8.597222222222221,15.0,1160,0.6451355916432835,79.6814573463785,0.0080964331367441,23.0325574525633,6.314793565425798,17.611197367494075
SUB-011,PD,8.847222222222221,15.25,1200,0.4732250884250122,80.94262179897225,0.0058464264920934,32.170524057808215,31.144421316654626,19.48042422989436
SUB-011,PD,9.09722222222222,15.5,1099,0.8373429141093878,73.27586685883894,0.0114272672573423,28.97046033880649,21.079323686195327,13.772879311029918
SUB-011,PD,9.34722222222222,15.75,1176,0.3135242705689008,78.57592276040246,0.003990080670448,48.68797655858404,36.9734349718419,39.240868022686456
SUB-011,PD,9.59722222222222,16.0,1103,0.4477511970649089,74.09547097311604,0.0060428956208047,48.76605931082092,10.799862202522142,44.74556548202711
SUB-011,PD,9.84722222222222,16.25,1179,0.8471303472074524,80.4252967914013,0.0105331329942698,18.822706073701248,12.233925387646124,12.692720127325837
SUB-011,PD,10.09722222222222,16.5,1189,0.7935557086598862,80.69378101377359,0.0098341619228926,18.809654126400424,14.08980934124828,11.859583963975508
SUB-011,PD,10.34722222222222,16.75,1182,0.6911168155385775,79.38257993384785,0.008706152106854,22.601472505412715,6.059540870650361,18.96960604273357
SUB-011,PD,10.59722222222222,17.0,1143,0.6187316353746886,77.01455730105415,0.0080339569174699,28.076793409706266,7.242908241158546,24.80463029145149
SUB-011,PD,10.84722222222222,17.25,1137,0.7572342288484047,76.34638563318147,0.0099184031119254,24.88246479987616,7.98584795783352,17.047165080998873
SUB-011,PD,11.09722222222222,17.5,1099,0.661741120145828,73.26357331579334,0.0090323347633274,29.14853171670759,7.769973966897568,25.80660302160803
SUB-011,PD,11.34722222222222,17.75,1210,0.5214729411489235,80.68387922756854,0.0064631614907621,30.730178845643596,6.862950000763953,28.563270574328207
SUB-011,PD,11.59722222222222,18.0,1165,0.4473392081800013,77.69204606838234,0.0057578507816136,30.554536560678788,6.604694779257234,28.08289101102936
SUB-011,PD,11.84722222222222,18.25,1205,0.5909091525925275,80.84246118890971,0.0073093909302403,28.791222078667847,7.184215810416001,26.817510268442756
SUB-011,PD,12.09722222222222,18.5,1237,0.3823941849863128,82.50737030268266,0.0046346669828826,29.141208568108645,5.580537144577256,28.70644609982363
SUB-011,PD,12.34722222222222,18.75,1210,0.7791645160267532,81.31857054049968,0.0095816307498752,20.25882103987532,8.015958029240851,15.499203369211484
SUB-011,PD,12.59722222222222,19.0,1214,0.8741917595053351,80.92802805149441,0.0108020889740336,18.152719351957927,7.786993192775781,11.167129507061688
SUB-011,PD,12.84722222222222,19.25,1259,0.7845873128755041,83.9392090779688,0.0093470896556426,17.027872701909892,6.279208379217427,11.163468728791734
SUB-011,PD,13.09722222222222,19.5,1241,0.6490437792937405,83.8568284865453,0.0077399037264792,20.38037908323867,15.738872156993764,14.04580117959274
SUB-011,PD,13.34722222222222,19.75,1205,0.8622334514788024,80.8981824203662,0.0106582549283793,18.13151414488136,7.696592851920855,13.78329686401167
SUB-011,PD,13.59722222222222,20.0,1117,0.4235066156490269,78.43660468513005,0.0053993491603712,34.39844138905771,8.341984756484475,33.204434249541315
SUB-011,PD,13.84722222222222,20.25,1121,0.4122521020135382,74.75143979319435,0.0055149720614621,30.844041847403677,7.623799671330001,29.513020997382792
SUB-011,PD,14.09722222222222,20.5,1137,0.6442211987803409,75.79528384900496,0.0084994892302761,32.73871538907857,10.283952698189132,30.36181175698578
SUB-011,PD,14.34722222222222,20.75,1129,0.4439349311859599,75.26206731810834,0.0058985216192586,43.60477037662236,8.44354426270817,42.33390828332647
SUB-011,PD,14.59722222222222,21.0,1225,0.8618674373464508,81.70261581762642,0.0105488352939675,15.08434191300301,6.37101791561174,10.113922538551096
SUB-011,PD,14.84722222222222,21.25,1239,0.6090054539779746,82.60816903004853,0.0073722182821465,19.71148508075073,5.238033519697382,17.378756538370233
SUB-011,PD,15.09722222222222,21.5,1224,0.5750335299660434,82.16492953775514,0.0069985276346134,18.85704580542768,12.713363022657331,12.76949203399837
SUB-011,PD,15.34722222222222,21.75,1089,0.8253230593937172,72.58137078149942,0.0113710040263401,24.25782404141214,11.472273160563612,18.844257473317825
SUB-011,PD,15.59722222222222,22.0,1062,0.6264768967032133,70.83691390291163,0.0088439326642865,41.296161762524925,29.028440017980195,32.378045047192735
SUB-011,PD,15.84722222222222,22.25,1086,0.4653229852078079,72.3415640921167,0.0064323047344578,49.437297793094885,20.840562186708507,45.53600735214612
SUB-011,PD,16.09722222222222,22.5,1112,0.7364869481082822,74.90333966509047,0.0098324981422895,28.57004332892616,19.490818074132235,17.943697790797543
SUB-011,PD,16.34722222222222,22.75,1133,0.904533559787529,75.53685838672472,0.0119747310002833,21.54349165938745,8.568524453336204,14.533422474446406
SUB-011,PD,16.59722222222222,23.0,1177,0.968642685536936,79.06501311592507,0.0122512176671205,18.51823541578306,8.20884913259055,12.458483278206735
SUB-011,PD,16.84722222222222,23.25,1238,0.5229917868891167,82.5627807251253,0.0063344739881073,30.51781274901736,13.247381950286726,25.33769730777945
SUB-011,PD,17.09722222222222,23.5,1180,0.8516577015765051,78.67234855850701,0.0108253753342973,19.91231831038873,7.786321491878818,12.724944072220875
SUB-012,Control,18.01361111111111,0.0,1156,0.8776648921623789,77.23779128424532,0.01136315367865,76.09094177681487,47.751113402399646,59.43988396201531
SUB-012,Control,18.26361111111111,0.25,1159,1.2174637300763027,77.24581029788624,0.0157609030882237,46.82328468449055,25.88375768541149,24.1303559435764
SUB-012,Control,18.51361111111111,0.5,1326,0.7315646724430633,88.41090401149475,0.0082745978069396,51.39104932264343,38.31614271365047,39.63941986907111
SUB-012,Control,18.76361111111111,0.75,1406,0.6762770914433565,93.70282785715318,0.0072172538108915,37.96824902826753,9.63227817902647,30.043994744429785
SUB-012,Control,19.01361111111111,1.0,1394,0.7686336860238164,92.94118169978798,0.0082701088146974,32.828709337320234,8.206024435885785,27.1270358872883
SUB-012,Control,19.26361111111111,1.25,1317,1.1486082837084903,87.82742167276673,0.0130780143812948,22.38345618140577,7.72253442814734,11.250765929075287
SUB-012,Control,19.51361111111111,1.5,1435,0.6602903907636549,95.6071777560629,0.0069062847190025,37.55772985858945,8.20211899008272,33.04937246165942
SUB-012,Control,19.76361111111111,1.75,1469,0.7471002512637362,97.9865727045028,0.0076245166112377,29.3819880315507,8.481828629118427,24.022337600058076
SUB-012,Control,20.01361111111111,2.0,1358,0.9436958090272868,90.54782098469089,0.0104220708876786,30.08941937139696,9.14740501032899,22.851346612047774
SUB-012,Control,20.26361111111111,2.25,1246,0.9843872422600428,83.03096335242512,0.0118556644715996,34.336639106231026,12.421932928118826,24.919226537910863
SUB-012,Control,20.51361111111111,2.5,1269,0.8576828694667503,84.63018476589984,0.0101344794630808,43.95239224269528,15.70765048986232,36.28565619905912
SUB-012,Control,20.76361111111111,2.75,1126,0.9382124866361036,75.08961071438495,0.0124945711891454,48.76520335059768,30.72184890269464,32.104492228089704
SUB-012,Control,21.01361111111111,3.0,1112,1.1999262561064223,74.0746497496983,0.016198878565893,35.67082422809764,22.97723210744784,17.210781895015494
SUB-012,Control,21.26361111111111,3.25,1112,1.0807339977552963,74.15360198454243,0.0145742616519232,45.95650930952566,28.082077207821197,29.774584008937904
SUB-012,Control,21.51361111111111,3.5,1093,0.9567761740616098,72.88367285699997,0.0131274418063265,55.99654423829034,30.415047124327977,45.0560085254812
SUB-012,Control,21.76361111111111,3.75,1184,1.0348617030082026,78.89222172001479,0.0131174110760992,59.1297471863748,33.35843658853702,43.6870910413754
SUB-012,Control,22.01361111111111,4.0,1122,0.9328434804407072,74.83791787839172,0.0124648507987159,60.64357331919711,29.44087953927985,43.11208730310221
SUB-012,Control,22.26361111111111,4.25,1115,0.8229171258999971,74.28653281765821,0.0110776084801253,49.37500987931931,28.841873733009784,37.23770608622195
SUB-012,Control,22.51361111111111,4.5,1022,1.0677070912691151,68.15953688862606,0.0156648231488686,42.29898506778242,34.93810113431602,17.929200255922805
SUB-012,Control,22.76361111111111,4.75,1060,1.0407099948905787,70.70272505644546,0.0147195174451865,48.975344150234974,38.78688046643195,21.504917552069355
SUB-012,Control,23.01361111111111,5.0,1043,0.9566790952761652,69.5481702763256,0.013755632843756,55.74336360170293,31.352585936627744,33.99791881516975
SUB-012,Control,23.26361111111111,5.25,1018,0.7362702309836517,67.86093618761083,0.0108496916244734,84.19951944808169,34.81297128252903,61.99061606891633
SUB-012,Control,23.51361111111111,5.5,918,1.0411124753323917,61.16914356535703,0.0170202231819708,45.633027434889925,40.52926833966176,19.60423552113802
SUB-012,Control,23.76361111111111,5.75,959,0.7449222615538098,63.94150363657578,0.0116500585564537,64.94459113514979,50.06143407482841,40.4168054355928
SUB-012,Control,0.0136111111111105,6.0,952,1.018352671694388,63.47329609981488,0.0160437969078047,43.0796791479414,57.85301728374076,13.384788887625422
SUB-012,Control,0.2636111111111106,6.25,1031,0.8605190243476695,68.72417011065191,0.0125213447170356,58.48225893704189,62.46055842868603,34.07233766322622
SUB-012,Control,0.5136111111111106,6.5,1004,0.9784811175366304,66.97351744379962,0.0146099705507884,37.96360072909326,37.12926410852064,17.979406975956785
SUB-012,Control,0.7636111111111106,6.75,1002,1.0074821140178365,66.78738460513014,0.0150849164101037,36.20582193034652,49.72653488559475,4.896748650709338
SUB-012,Control,1.0136111111111106,7.0,1030,0.8945134610074621,68.6670481502675,0.0130268226915762,63.03618478569904,62.25368177121667,29.60164149857605
SUB-012,Control,1.2636111111111106,7.25,1024,0.7665540388055774,68.25620071589023,0.0112305406800516,78.28427954321945,74.45971573181146,43.36414814058217
SUB-012,Control,1.5136111111111106,7.5,1016,0.8904352009472316,67.73491381465568,0.0131458822459528,68.27538270787467,39.63048535481401,39.25878965692119
SUB-012,Control,1.7636111111111106,7.75,959,0.9112843141867856,63.92971064972984,0.0142544726845347,45.54543995590501,52.470948319394175,21.913622875856184
SUB-012,Control,2.0136111111111106,8.0,918,0.3949571220623199,63.4443801963228,0.0062252499092931,139.3481746071857,185.50005805288225,49.930034681728685
SUB-012,Control,2.2636111111111106,8.25,982,0.9138976622530066,65.40997801905016,0.0139718387000044,74.187537555349,50.032048852054345,47.52539978570266
SUB-012,Control,2.5136111111111106,8.5,954,1.0488274611297908,63.64363124497572,0.0164796923213363,66.44592531773846,48.372917418316696,33.82716894683164
SUB-012,Control,2.7636111111111106,8.75,932,0.8896978719849752,62.157851152399,0.0143135236416652,82.5118658347465,57.51376802429405,45.08481344888183
SUB-012,Control,3.0136111111111106,9.0,861,0.6007495551257234,57.39929845301891,0.0104661480421652,106.23831164786372,66.77354997859696,81.2804799315845
SUB-012,Control,3.2636111111111106,9.25,843,1.0909263416619392,56.17752898840463,0.0194192653416121,37.920006793797256,45.586648459990215,15.996841462221097
SUB-012,Control,3.5136111111111106,9.5,861,1.183666624601997,57.39579097532848,0.0206228820003681,29.83098365952975,38.6033948380613,7.350439109443177
SUB-012,Control,3.763611111111111,9.75,881,0.7173979299352601,58.91393728106495,0.0121770494902202,58.51152273039818,35.21411777837252,34.218140307004575
SUB-012,Control,4.013611111111111,10.0,909,0.7579583109156844,60.604242296960784,0.0125066873569953,102.8222247848851,49.37347555222062,81.37325877329832
SUB-012,Control,4.263611111111111,10.25,932,0.9362074271668656,62.15633117586841,0.015062141047513,91.70514219783928,49.97252736124152,54.35098515908789
SUB-012,Control,4.513611111111111,10.5,917,0.9318704797097012,61.525042772317086,0.0151461979987276,87.81331635783104,48.56290657689783,57.71468107201969
SUB-012,Control,5.013611111111111,11.0,797,1.1181972064237038,53.13321525952165,0.0210451635754024,74.75356649932343,71.66420859794553,24.521771229734
SUB-012,Control,5.263611111111111,11.25,814,0.9668528691027792,54.30274782577757,0.0178048608553803,53.25923880736446,62.46520310553701,21.930047673901807
SUB-012,Control,5.513611111111111,11.5,814,1.0877146329575735,54.24689668654091,0.020051186323944,47.102197409087,62.56393531788122,9.2276451813952
SUB-012,Control,5.763611111111111,11.75,952,0.3664890630772727,67.89177727408334,0.0053981362367011,165.81437150943947,103.16542105253276,139.5798531628277
SUB-012,Control,6.013611111111111,12.0,760,0.5402772553853581,64.75515875664415,0.0083433855426989,171.1119665858265,173.12521076788775,122.46248816228966
SUB-012,Control,6.263611111111111,12.25,954,0.9051775882337668,63.582408866880165,0.0142362896336453,85.35454675484742,39.98239381677943,59.69403860655125
SUB-012,Control,6.513611111111111,12.5,862,0.6826015130941402,63.58667187949514,0.010734977832898,106.3756185804588,129.2718956173989,62.68289895474138
SUB-012,Control,6.763611111111111,12.75,989,0.7237172035214794,66.12708569441799,0.0109443384041733,110.6225258844394,36.10366596837883,97.87420859742588
SUB-012,Control,7.013611111111111,13.0,1026,0.7872769174571295,68.38913372653012,0.0115117252487104,100.04731400542204,40.910312373979565,74.20693300059473
SUB-012,Control,7.263611111111111,13.25,1054,0.8206723876139559,70.26783779729662,0.011679203649063,92.4698699329117,36.58065539978313,77.48158315673804
SUB-012,Control,7.513611111111111,13.5,973,1.160707431942153,64.85650581408913,0.0178965458803672,75.66862570617825,45.41737172405496,49.31011609653887
SUB-012,Control,7.763611111111111,13.75,1070,1.090430372457881,71.32921208996814,0.0152872903051629,70.87222882422452,32.63645886346842,50.62343429483076
SUB-012,Control,8.01361111111111,14.0,960,1.126322699878062,64.00369799143951,0.0175977753664906,65.96675927963636,38.09837165596828,41.25318263058878
SUB-012,Control,8.26361111111111,14.25,1101,1.1719507817990702,73.398368925135,0.0159669867186618,49.6949896937363,29.248667413312106,22.12044918682588
SUB-012,Control,8.51361111111111,14.5,1163,1.0079702363402794,77.57746629193497,0.0129930801367905,51.49755097488356,26.351098243858587,37.77065172101372
SUB-012,Control,8.76361111111111,14.75,1242,0.8927133939279924,82.77342053496156,0.0107850248081862,52.28279676657896,21.72383622740544,40.38212326859854
SUB-012,Control,9.01361111111111,15.0,1227,1.103052104974383,81.79300215426014,0.0134858982544013,37.59469247467833,14.494528415810477,27.0529640262929
SUB-012,Control,9.26361111111111,15.25,1149,1.0841488669937331,76.63337809356965,0.0141472148816144,32.095675384778815,15.213578200820274,16.134041306862564
SUB-012,Control,9.51361111111111,15.5,1296,0.8432403182502817,86.34052097443983,0.0097664492724095,49.2635516032308,13.851083338587983,38.98824259046685
SUB-012,Control,9.76361111111111,15.75,1214,0.8480714346522109,81.03102073054738,0.0104660095233442,50.825901640177584,21.58180052191009,37.77285970777355
SUB-012,Control,10.01361111111111,16.0,1153,1.2421014489979283,76.8117889108115,0.0161707137226053,39.76504875089466,21.48150043900824,20.17470551914713
SUB-012,Control,10.26361111111111,16.25,1107,0.7954145796333663,73.83938100320171,0.010772227080274,58.35129785777841,28.615759008853896,44.67954022550407
SUB-012,Control,10.51361111111111,16.5,998,1.0840034674743966,66.54501568053058,0.0162897770236989,57.696004364467086,33.51883854808872,32.06465392852541
SUB-012,Control,10.76361111111111,16.75,1083,1.143241736620067,72.22519856927862,0.0158288486465491,77.7266463709627,41.90759794177588,49.63278061017343
SUB-012,Control,11.01361111111111,17.0,1052,0.8286254525081092,70.14525802719795,0.0118129931489712,81.97931229387919,42.82470409337421,62.659803266801525
SUB-012,Control,11.26361111111111,17.25,1022,1.2142903810609726,68.14779580999968,0.0178184835859767,60.91389966282544,39.98224385526972,32.367674653912964
SUB-012,Control,11.51361111111111,17.5,1083,1.270535473158641,72.17698356190859,0.0176030558560106,66.02453585477676,47.921213451936914,34.77423936954091
SUB-012,Control,11.76361111111111,17.75,1035,0.9043748405180064,69.0214733472636,0.0131028040500943,86.05812619340301,36.77394481705932,66.59343472009957
SUB-012,Control,12.01361111111111,18.0,1100,0.9347529357624104,73.30621003562015,0.0127513471956633,88.77321166567273,49.13553889898369,66.01746455461686
SUB-012,Control,12.26361111111111,18.25,1086,1.348911075089127,72.3987933534441,0.0186316789632648,48.72627697115296,33.85945470339208,24.53260834093651
SUB-012,Control,12.51361111111111,18.5,1146,1.301060994971336,76.44204312371805,0.0170202278982212,45.18754107748979,30.314479800740763,23.115847806193965
SUB-012,Control,12.76361111111111,18.75,1194,0.9303640296884972,79.56790761059706,0.0116927044788166,52.00476041144521,30.13328870225438,35.544336608415776
SUB-012,Control,13.01361111111111,19.0,1152,0.8988546659986445,76.84704747017341,0.011696671447885,67.77969985790891,41.63911397156642,54.67724979327393
SUB-012,Control,13.26361111111111,19.25,1190,0.9883227994701508,79.28303265372747,0.0124657542274738,50.46125869026013,24.60177364765795,38.08993347428203
SUB-012,Control,13.51361111111111,19.5,1259,0.8115337510863156,83.96104047669064,0.0096655990263914,42.17585138347118,29.290700760367383,31.469854960675168
SUB-012,Control,13.76361111111111,19.75,1218,0.8179642141963572,81.3754092154199,0.0100517370306674,65.57384985707424,40.99442814415227,52.39207170789096
SUB-012,Control,14.01361111111111,20.0,1116,0.6805522116254219,75.03067450290497,0.0090703197876632,107.93510599250932,91.07839229257893,81.51500424391638
SUB-012,Control,14.26361111111111,20.25,1225,0.9363818429302356,81.63455707421747,0.0114704100382259,78.18377796739487,58.69885480616769,53.25317227441254
SUB-012,Control,14.51361111111111,20.5,1281,0.858889518384722,85.38501018710048,0.0100590199205068,61.56689254391244,34.98861421948575,46.963915956466245
SUB-012,Control,14.76361111111111,20.75,1141,0.9696586156051508,76.08315134945904,0.0127447220364386,50.88236541141284,22.80514331030412,37.30114806504111
SUB-012,Control,15.01361111111111,21.0,1174,1.0968425180519883,78.2500602649882,0.0140171459847776,56.813542242355474,27.596038610162363,43.10171115520733
SUB-013,PD,14.995555555555557,0.0,1196,0.4659894570653676,79.93289913818165,0.0058297579856299,49.66981279512126,67.69699288142927,14.16351043991938
SUB-013,PD,15.245555555555557,0.25,1251,0.9428738908395674,83.41334613538166,0.011303633465432,29.28712045354462,18.56799396811621,22.38263235426968
SUB-013,PD,15.495555555555557,0.5,1157,1.0205878717202748,77.10112219783734,0.0132370041139155,21.886192703632176,11.921854840475548,14.545872489522525
SUB-013,PD,15.745555555555557,0.75,1192,0.6041251128286556,79.47638044649902,0.0076013163839957,25.976736496540536,8.66379206993487,21.15122305299078
SUB-013,PD,15.995555555555557,1.0,1156,1.1364569474535695,77.06581037988467,0.0147465775270716,9.355853632026331,8.8038264014779,3.5908830480077705
SUB-013,PD,16.245555555555555,1.25,1151,0.8217946617056405,76.76531888286786,0.0107052855855334,12.815939462639944,18.10529588629898,3.060749048874436
SUB-013,PD,16.495555555555555,1.5,1158,1.0873512194341617,77.15293670860775,0.0140934521201815,10.248155268623885,8.432865696475718,6.060255782697525
SUB-013,PD,16.745555555555555,1.75,1125,1.0715863197650033,75.05612530258739,0.0142771334843748,17.7405279334147,19.29915271128931,9.788081438199674
SUB-013,PD,16.995555555555555,2.0,1119,1.090885788836402,74.58947459636252,0.0146251973852836,12.989579891234287,11.864847133255772,4.880564241768257
SUB-013,PD,17.245555555555555,2.25,1234,0.5444032548711306,82.2306679076049,0.0066204406302868,38.64036500366322,21.62363310167408,33.66132863060289
SUB-013,PD,17.495555555555555,2.5,1251,0.5379469177646623,83.38814035337197,0.0064511202130784,38.05017585155334,11.261012387880584,33.85353475839265
SUB-013,PD,17.745555555555555,2.75,1266,0.5871385061504818,84.41181765447163,0.0069556434450192,40.089483297213945,30.127528677103992,30.15501030939805
SUB-013,PD,17.995555555555555,3.0,1188,1.093314110299029,79.22112563350227,0.0138007898973436,23.840597796420703,13.486303076914464,11.84869087274303
SUB-013,PD,18.245555555555555,3.25,1286,0.628380367704472,85.71619009531427,0.0073309414126517,37.05666802484418,10.44451711393067,34.61098397723472
SUB-013,PD,18.495555555555555,3.5,1214,1.1589000158711025,80.94763408202115,0.0143166632232491,18.42344015741648,10.60448348926982,11.47015048826766
SUB-013,PD,18.745555555555555,3.75,1190,1.091177793794749,79.2920133841365,0.0137615094789994,20.401221259858698,11.811706072215696,10.153601921554008
SUB-013,PD,18.995555555555555,4.0,1155,0.50239735178275,77.00085556506183,0.0065245684362331,61.1356776641226,20.17140588187397,59.76296066647248
SUB-013,PD,19.245555555555555,4.25,1013,1.113785678348369,67.58334500863972,0.0164801798165803,19.046501912983626,20.219741458882,8.194870215527619
SUB-013,PD,19.495555555555555,4.5,1007,0.629349055933967,67.13012600509087,0.0093750614424027,41.61691113682392,16.5334770937977,36.37243419669635
SUB-013,PD,19.745555555555555,4.75,957,0.8901922864842332,63.82169937778845,0.0139481131834926,22.68380110787354,14.242189373793476,18.138387725745996
SUB-013,PD,19.995555555555555,5.0,921,1.0414538978173655,61.3464922262249,0.0169765843167827,22.38459780839433,20.30715230608684,12.335262996898129
SUB-013,PD,20.245555555555555,5.25,1036,0.2845373221186854,69.09737661182749,0.0041179178728759,78.75030190292195,16.468972437286318,79.12859102481671
SUB-013,PD,20.495555555555555,5.5,877,1.248444269981323,58.45185886242152,0.0213585041481707,22.813094849586168,25.505863772042527,10.006968324633345
SUB-013,PD,20.745555555555555,5.75,883,1.0903926771827477,58.89546000266797,0.0185140361775483,25.182456000560343,28.773156897065192,10.284416792270797
SUB-013,PD,20.995555555555555,6.0,882,0.8995899895756422,58.7699620194123,0.01530696904787,34.16072782380615,25.53060081064593,22.17512017565053
SUB-013,PD,21.245555555555555,6.25,879,0.837238294980585,58.60279991155133,0.0142866603002624,30.18222974557646,24.9075740234926,20.12547270161143
SUB-013,PD,21.495555555555555,6.5,941,0.2703251877925713,62.73068470442359,0.0043092975800646,114.7152273686311,56.97398622514472,102.44063788188622
SUB-013,PD,21.745555555555555,6.75,862,0.3674417931107711,57.45855862561616,0.0063949009842888,59.42972366399676,23.07491712297767,52.212907087130624
SUB-013,PD,21.995555555555555,7.0,852,0.856665245415536,56.79539326254648,0.0150833579310817,29.201356170714835,14.674373931918597,17.616835105755513
SUB-013,PD,22.245555555555555,7.25,861,0.8978375201573343,57.42303301657665,0.0156354945566555,31.34580106255976,16.546692214935714,22.016636499048214
SUB-013,PD,22.495555555555555,7.5,852,0.8674359990353355,56.80284014200709,0.0152709969583694,26.998361217228503,15.695321778620215,19.038188846083468
SUB-013,PD,22.745555555555555,7.75,849,0.9789089892081794,56.58038546637165,0.0173012074968982,23.449690314907315,16.806613702675016,18.57738219972516
SUB-013,PD,22.995555555555555,8.0,1061,0.1402571489515019,70.71997511581145,0.0019832748628915,135.86093010261678,16.86807859454354,134.158274345761
SUB-013,PD,23.245555555555555,8.25,1004,0.1866036384881629,66.97180491460094,0.0027863014700904,77.59005213987312,47.68758415930866,66.81770261495929
SUB-013,PD,23.495555555555555,8.5,952,1.0545018143477458,63.46800654680488,0.0166146988336571,13.59667090186044,11.695622771294062,9.009806877159813
SUB-013,PD,23.745555555555555,8.75,941,0.683065468917259,62.73884040932482,0.0108874417260624,26.220926197005344,26.69028431088258,9.420273162242342
SUB-013,PD,23.995555555555555,9.0,920,0.3999286125894315,61.539765056338986,0.0064987022979905,50.2065657716381,42.68360455646331,35.2975030045784
SUB-013,PD,0.2455555555555548,9.25,955,0.1732509971480154,63.69320550229262,0.002720086008888,99.84938744090944,16.254043199629745,96.86108748660963
SUB-013,PD,0.4955555555555548,9.5,911,0.2378241024472689,60.73144391063389,0.0039159961814381,74.82357449865867,17.2503225005687,69.36540295107315
SUB-013,PD,0.7455555555555549,9.75,914,0.4105481478569615,60.94023989385464,0.0067368974682746,57.17207436357048,22.572094549573244,50.43343197654297
SUB-013,PD,0.9955555555555547,10.0,957,0.4333093880637814,63.76754940263732,0.0067951394106084,37.30040997479176,13.011581580658264,34.831452765290514
SUB-013,PD,1.2455555555555549,10.25,995,0.2566935495203623,66.369394037427,0.0038676494375646,46.10429121220642,11.191132592019134,45.45270574854382
SUB-013,PD,1.4955555555555549,10.5,1061,0.1407733577143989,70.71149133934185,0.001990813021307,75.72023290595308,10.247871385050082,73.14634439715081
SUB-013,PD,1.7455555555555549,10.75,945,0.4825556191029966,63.01596404422454,0.0076576725663411,25.510415825248284,12.311975705089404,24.406727205838614
SUB-013,PD,1.9955555555555549,11.0,893,1.111301312446344,59.49604914253735,0.0186785732575948,11.896153031850275,13.368526051485158,7.0033023814872335
SUB-013,PD,2.245555555555555,11.25,904,1.1014842414089798,60.27041682593583,0.0182757030632478,12.195974532768878,13.423834606705048,7.683469962249249
SUB-013,PD,2.495555555555555,11.5,922,0.9925028108917352,61.49782556495291,0.0161388277028343,13.107975315281898,13.245776578856429,8.501944671864303
SUB-013,PD,2.745555555555555,11.75,919,0.5948762006400188,61.23142458007502,0.0097152108532453,25.91629476644901,26.308232431729756,8.282715922568231
SUB-013,PD,2.995555555555555,12.0,904,0.8101156792707787,60.32048594468176,0.0134301915275303,24.989840814522235,13.361321676522932,21.54497589604467
SUB-013,PD,3.245555555555555,12.25,879,0.9619507712973846,58.57136511039048,0.0164235675484834,25.89943259088069,17.185375464055095,19.93642105451621
SUB-013,PD,3.495555555555555,12.5,909,0.907265972545968,60.5816235741825,0.0149759270059016,25.821695442223945,14.757847162219695,20.409265469857083
SUB-013,PD,3.745555555555555,12.75,924,0.6917754046695594,61.63273382974513,0.0112241557640543,35.128628068947194,14.50732993645478,32.23157443722826
SUB-013,PD,3.995555555555555,13.0,938,0.901605189224216,62.50742747727886,0.0144239688883684,23.619420998090256,15.324487417892032,18.041632841015403
SUB-013,PD,4.245555555555555,13.25,948,0.4972619554123064,63.18378282907387,0.0078700883857731,51.589941251004696,15.890830041525795,46.29304360993289
SUB-013,PD,4.495555555555555,13.5,967,0.7859673534758003,64.4702483471304,0.0121911637325154,25.328860246988302,24.813256992327464,17.535060302781744
SUB-013,PD,4.745555555555555,13.75,951,0.977716601842457,63.43369033775717,0.0154132070298375,22.68822629415498,14.402704424407316,15.39829972808872
SUB-013,PD,4.995555555555555,14.0,986,0.7299301692757377,65.72573835912294,0.0111056975166627,28.186233805074625,12.78188756585634,24.29079003511649
SUB-013,PD,5.245555555555555,14.25,992,0.7422747330858924,66.13267200661328,0.0112240245337684,28.221807926729888,12.21481953804984,23.19612490520908
SUB-013,PD,5.495555555555555,14.5,976,0.4676837604450698,65.04527399877374,0.0071901266870501,49.18369339192056,25.91819477727607,41.1564735494105
SUB-013,PD,5.745555555555555,14.75,979,0.8280345469865246,65.31311154598826,0.0126779222025502,28.14329795082984,12.624472290495827,24.12397238232966
SUB-013,PD,5.995555555555555,15.0,1033,1.1278275181708348,68.84096603934532,0.0163830867441086,17.948477745927907,12.403112887590986,9.966289004043729
SUB-013,PD,6.245555555555555,15.25,1014,1.239919065775925,67.579200623808,0.0183476432738256,16.212657197750204,12.401596878356736,8.186135085159439
SUB-013,PD,6.495555555555555,15.5,1074,0.5069481951446638,71.6083543080026,0.0070794560221866,37.17019938675362,9.95366712736496,36.16670468769228
SUB-013,PD,6.745555555555555,15.75,1177,1.0473903425365152,78.48192704136916,0.0133456246810099,24.44701664768205,10.311599373164816,21.92782608926692
SUB-013,PD,6.995555555555555,16.0,1242,0.3211736508054655,82.79494030920333,0.0038791458705812,40.74283429437368,6.586008170820014,41.151646345450494
SUB-013,PD,7.245555555555555,16.25,1139,0.7327106859272182,75.92169200722556,0.0096508740329112,36.710039728730536,11.737649157001783,34.571794521309585
SUB-013,PD,7.495555555555555,16.5,1094,1.014710616159869,72.96665477234603,0.0139064976916611,22.300181394407453,12.602589083243885,19.03038963244314
SUB-013,PD,7.745555555555555,16.75,1104,1.1687359342705954,73.58372981973986,0.0158830754724404,14.598352900695584,10.037960587947428,8.248452766985217
SUB-013,PD,7.995555555555555,17.0,1148,0.7152211953627379,76.50341199886266,0.0093488796992919,25.251944108325223,9.705605567123872,21.16428797970268
SUB-013,PD,8.245555555555555,17.25,1078,0.6816746620496005,71.87585080315819,0.0094840569458643,28.164514015885164,9.876206835978987,24.533351714522507
SUB-013,PD,8.495555555555555,17.5,1094,0.2960509976739358,72.9679525730541,0.0040572742859618,59.949475280989546,20.72002183073311,53.72750718223813
SUB-013,PD,8.745555555555555,17.75,1317,0.6013211500602831,87.77123054110041,0.0068510051226717,36.23780887982437,12.476908762976318,27.24508949737859
SUB-013,PD,8.995555555555555,18.0,1388,0.3442991278777034,92.53137989309116,0.0037208904511691,42.88067932676364,11.708056494489352,36.75381858789351
SUB-013,PD,9.245555555555557,18.25,1312,1.3188026182128962,87.98538941805802,0.0149888819829696,28.874116246751203,17.14907491395007,14.454227118060922
SUB-013,PD,9.495555555555557,18.5,1288,1.334988750442346,85.9018864401071,0.015540854872531,27.097437598544147,17.68695233295671,13.599414236144767
SUB-013,PD,9.745555555555557,18.75,1304,1.1796341391614549,86.93507203477404,0.0135691397217638,27.14572546444749,15.9173324876576,14.425574838644732
SUB-013,PD,9.995555555555557,19.0,1364,0.9564149880650256,90.93909280921126,0.0105170940078714,29.33629147555356,13.147004490477435,21.04892233190002
SUB-013,PD,10.245555555555557,19.25,1442,0.6475827693303252,96.07846185622878,0.0067401450524818,22.015550998116492,9.56220730095007,14.209371090673512
SUB-013,PD,10.495555555555557,19.5,1434,0.6078229594851268,95.65058853349105,0.0063546180823791,34.094763997327064,11.288669294087017,27.171489084172343
SUB-013,PD,10.745555555555557,19.75,1464,0.5320380700253595,97.5975058415174,0.0054513490425595,31.118886814491,10.563643657725748,24.930070904725767
SUB-013,PD,10.995555555555557,20.0,1394,1.053838119658005,92.94448667173394,0.0113383607505413,30.87479601268984,13.674689338322866,20.577495198136823
SUB-013,PD,11.245555555555557,20.25,1325,0.7120425821537827,88.27997299410134,0.008065731762303,45.388446524669895,15.76251720508128,35.97147416068007
SUB-013,PD,11.495555555555557,20.5,1326,0.7314877187340347,88.43065596073305,0.0082718793701908,44.0202139949422,25.192421741618,31.57620938141201
SUB-013,PD,11.745555555555557,20.75,1340,0.6583316983483671,89.32807290237352,0.0073698186578798,32.81763189344137,14.643230420985024,23.468549310017814
SUB-013,PD,11.995555555555557,21.0,1291,0.9553877169199748,86.08560549987664,0.0110981122961532,34.612411134699805,15.931515254192668,19.834033320875516
SUB-013,PD,12.245555555555557,21.25,1302,0.7087169259775485,86.75864504586147,0.0081688334989892,32.68013311523775,13.502526310151788,18.275558485188256
SUB-013,PD,12.495555555555557,21.5,1332,0.8658401316399583,88.82901747904316,0.009747266785251,30.20003802965669,13.693132522801433,20.198388426889828
SUB-013,PD,12.745555555555557,21.75,1335,0.97032652882216,88.97301151983898,0.0109058523730625,36.18058417754378,15.677335888782734,25.429910980341955
SUB-013,PD,12.995555555555557,22.0,1284,0.9889666212983356,85.64824851332918,0.0115468399933995,35.31416703056161,15.973209254052032,25.729073854040244
SUB-013,PD,13.245555555555557,22.25,1241,0.7504795337386349,82.68620219808042,0.0090762365883102,31.980559142764864,15.831114728546032,20.92789343742608
SUB-013,PD,13.495555555555557,22.5,1200,0.5756434868700794,80.0128909657667,0.0071943843038538,38.798849100824015,14.101975798962668,26.44341147950652
SUB-013,PD,13.745555555555557,22.75,1169,0.4982504222822134,77.95576727080348,0.0063914504304907,35.88601574438578,11.987829158993112,21.522273862107014
SUB-013,PD,13.995555555555557,23.0,1268,0.297144277096772,84.50225528166864,0.0035164064687541,53.113606619768966,8.448927300760955,48.601913608062446
SUB-013,PD,14.245555555555557,23.25,1273,0.2845403841474566,84.88694521469019,0.0033519922695747,54.0719869976432,10.940519574200264,53.505846289926
SUB-013,PD,14.495555555555557,23.5,1172,0.5268851055909567,78.1231773202817,0.0067442866977988,36.53126620473261,19.257170079936916,25.95531641450509
SUB-014,PD,18.24833333333333,0.0,1084,0.3211365423056588,72.22870646871144,0.0044461067905843,57.553154434663526,63.324684737767,29.12795269311929
SUB-014,PD,18.49833333333333,0.25,1105,0.5491371595963853,73.6574185685575,0.007455286517885,47.53060453814805,29.051522198139384,24.696016381148443
SUB-014,PD,18.74833333333333,0.5,1077,0.4235920850675898,71.81412344427739,0.0058984509557687,43.60888977394718,14.737826556128043,22.848763777738824
SUB-014,PD,18.99833333333333,0.75,1075,0.4249844609659483,71.65695316857048,0.0059308195809859,40.98043080728595,12.41687444366418,36.31648269010811
SUB-014,PD,19.24833333333333,1.0,1236,0.2102824959137609,82.44287029255213,0.0025506450123287,95.69547842102244,30.637253394300192,84.39185664440626
SUB-014,PD,19.49833333333333,1.25,1077,0.6569233686378487,71.73814577653046,0.0091572393114844,29.936370767218147,7.372207429202067,28.65820273284824
SUB-014,PD,19.74833333333333,1.5,978,0.6269611212808133,65.2294982286434,0.0096116195633328,32.38943058393853,17.677452402399485,25.12812593070187
SUB-014,PD,19.99833333333333,1.75,915,0.634266526700106,61.02651262937565,0.0103932946414964,33.99775712554087,29.888615251681028,21.32688898926237
SUB-014,PD,20.24833333333333,2.0,887,1.3727798025633384,59.12453034770378,0.0232184474784018,16.341793483149416,12.984754039710708,6.806778484909012
SUB-014,PD,20.49833333333333,2.25,933,0.6806287083237077,62.167534731862254,0.0109482981955028,45.53221579097982,28.233487710982157,35.59984492119353
SUB-014,PD,20.74833333333333,2.5,886,0.974127121642496,59.11454945172256,0.0164786356434644,27.796284606229253,26.89704161162761,19.866924832114183
SUB-014,PD,20.99833333333333,2.75,877,0.869509129320431,58.45646926036237,0.0148744722410051,34.65461185985937,24.70679661726219,25.890986773012248
SUB-014,PD,21.24833333333333,3.0,888,0.6381354437169846,59.61765479274249,0.0107037998380752,52.02582962686174,14.82498424401862,45.38908435395115
SUB-014,PD,21.49833333333333,3.25,880,0.5464682099961023,58.64842049140268,0.0093176969715017,50.930189140538175,14.71256650611356,44.13586389225869
SUB-014,PD,21.74833333333333,3.5,861,1.1463026831102563,57.40491130907867,0.0199687214381074,25.77634576662119,11.528932260611455,19.46848900582178
SUB-014,PD,21.99833333333333,3.75,853,0.7513655353635432,56.862433574389456,0.0132137421515837,41.231638599737465,47.719421543940186,18.25544589246436
SUB-014,PD,22.24833333333333,4.0,822,1.2400451221293949,54.81882112858749,0.022620791483652,22.27366400442723,12.793497130124898,15.237414201686628
SUB-014,PD,22.49833333333333,4.25,829,0.9812972579504458,55.28380464610696,0.0177501759191884,32.68169104576426,33.87396717501381,17.193587290398316
SUB-014,PD,22.74833333333333,4.5,834,0.8923919571139475,55.57233732542023,0.0160582044963896,38.117233866172434,44.82498981466425,21.61200031180534
SUB-014,PD,22.99833333333333,4.75,843,0.9454313381257292,56.23123957754308,0.0168132757739045,36.46972798234573,30.51328514059505,17.72420059717699
SUB-014,PD,23.24833333333333,5.0,860,0.949573264901419,57.29819044319484,0.0165724826134399,29.333253200877333,13.226732376506323,19.021032804547524
SUB-014,PD,23.49833333333333,5.25,868,0.8926244468050477,57.89754535752401,0.0154173107217756,32.93268036403328,9.299762495261987,29.30675517640909
SUB-014,PD,23.74833333333333,5.5,834,1.420409202890249,55.57560848294359,0.0255581403724293,20.677955719166807,14.05938357491546,10.39883379859078
SUB-014,PD,23.99833333333333,5.75,882,0.4864012250646199,58.82026031188521,0.0082692803888584,65.41396308898182,51.47263800418725,50.48189351678386
SUB-014,PD,0.2483333333333348,6.0,886,0.8259645226596843,59.01355446764579,0.0139961832516378,29.358765138528,10.235807316105038,26.45491826201657
SUB-014,PD,0.4983333333333348,6.25,864,1.2090448596245422,57.62324137402085,0.020981896033527,21.1793776253492,25.94534767638829,7.262121074429134
SUB-014,PD,0.7483333333333348,6.5,895,0.6730209357200394,59.67594959215878,0.0112779258699634,38.1039932477689,24.22755193845736,31.191192748289467
SUB-014,PD,0.9983333333333348,6.75,1175,0.1610700758643826,78.29479489540148,0.0020572258485326,78.1532236462797,36.36368679336754,70.9391400403434
SUB-014,PD,1.2483333333333348,7.0,1076,0.2881108790760044,71.7292686747751,0.0040166431973859,45.698959413773146,22.99652147608416,33.83767584546249
SUB-014,PD,1.4983333333333348,7.25,1009,0.5696094433797338,67.33377599674341,0.0084594905743483,33.901394814587874,32.48931448269655,26.63748267634318
SUB-014,PD,1.7483333333333348,7.5,947,0.9401216209644504,63.100170688071714,0.0148988760365139,20.95353168129913,26.20279910164369,6.9878958128534245
SUB-014,PD,1.9983333333333348,7.75,948,0.2818724993381561,63.38317738263581,0.0044471184780865,57.992011977022926,74.89303177920699,24.104475944649984
SUB-014,PD,2.248333333333335,8.0,970,0.656306414767332,64.6690378647217,0.0101486961370946,34.111191324096175,32.92722688569199,21.76635753676866
SUB-014,PD,2.498333333333335,8.25,945,0.488985441634215,63.02338867979894,0.0077587932333913,44.746073644815006,60.95384124656841,16.62940304067696
SUB-014,PD,2.748333333333335,8.5,940,1.008923658322414,62.66736297069967,0.0160996667243544,21.20620325917896,21.052270259216524,14.525807591697392
SUB-014,PD,2.998333333333335,8.75,920,0.8113364658251816,61.30016313394863,0.0132354699293753,29.195273514734065,43.85827655298417,5.400935532907782
SUB-014,PD,3.248333333333335,9.0,926,1.1038374954390953,61.76188104723962,0.01787247209318,15.882910246431903,10.870938197657884,7.811803861037984
SUB-014,PD,3.498333333333335,9.25,914,0.9347234919591386,60.90254371401125,0.0153478563448589,23.524851424698312,34.84616481951345,7.5024823372863905
SUB-014,PD,3.748333333333335,9.5,924,0.6941564179351659,61.60205340178006,0.0112683973926607,32.6330921154783,37.271005406173295,16.167873457186356
SUB-014,PD,3.998333333333335,9.75,905,0.7016552658330151,60.36881678230871,0.011622809642985,33.238747682914884,39.36534682907609,10.16224399718066
SUB-014,PD,4.248333333333335,10.0,904,0.8995708834426109,60.22497759883992,0.0149368404822775,27.35893676439732,12.954943642642876,13.476632102779387
SUB-014,PD,4.498333333333335,10.25,890,0.9486836548998812,59.37001080667613,0.0159791726834788,24.634230613736737,34.67397567955428,9.64284617746811
SUB-014,PD,4.748333333333335,10.5,879,1.4526685875094034,58.5683730785376,0.0248029527055743,12.819980244110484,12.076964650558656,4.339233979439387
SUB-014,PD,4.998333333333335,10.75,878,0.6312602595064215,58.567367481325256,0.0107783615117702,43.1043678306389,58.90569933301073,13.399124116956008
SUB-014,PD,5.248333333333335,11.0,863,0.8644811807701327,57.52003981302099,0.0150292173576423,36.012591944271406,39.5532329482551,14.813299803174855
SUB-014,PD,5.498333333333335,11.25,845,1.2040859339774646,56.34259856065219,0.0213707916343489,21.239625108568116,24.37651441400725,10.208125834538771
SUB-014,PD,5.748333333333335,11.5,961,0.1284462558598302,64.02071402082505,0.0020063233880529,132.90975881740383,38.94907198295402,124.57244485566228
SUB-014,PD,5.998333333333335,11.75,1082,0.3171646833745645,72.13838302014474,0.0043966148130322,72.32404002395283,18.3646887976518,64.01597789842698
SUB-014,PD,6.248333333333335,12.0,1130,0.230803521303874,75.35635888743782,0.0030628274071552,52.97469924817766,44.26816581779245,21.549791495015626
SUB-014,PD,6.498333333333335,12.25,1118,0.2023341334832407,74.71547305319858,0.0027080620012828,51.73028998445564,33.06653448390519,39.96603061065377
SUB-014,PD,6.748333333333335,12.5,1040,0.2503943727450634,69.33102229925669,0.0036115776811176,47.96644451450715,10.335796119527831,43.514828694283175
SUB-014,PD,6.998333333333335,12.75,967,0.7125007135776185,64.49475771669438,0.0110474205780788,25.356631547118827,15.100183043602836,12.35619656497381
SUB-014,PD,7.248333333333335,13.0,1017,0.251851003692051,67.8009040120535,0.003714567045408,70.3284323090803,46.38850828370537,52.577568695223576
SUB-014,PD,7.498333333333335,13.25,934,0.5090184381276963,62.95603525268355,0.0080853001000567,43.383098891064336,49.06358933567197,18.18291184312969
SUB-014,PD,7.748333333333335,13.5,886,0.7335841061664146,59.07749754121589,0.0124173185510206,35.79315588614188,32.642058066277926,27.7350503635691
SUB-014,PD,7.998333333333335,13.75,958,0.647524275531342,64.01667908465504,0.0101149307460179,52.85954994413546,25.52626856054111,43.916116082647065
SUB-014,PD,8.248333333333335,14.0,1135,0.2805283216409666,75.64212499944463,0.0037086256056797,83.82176181036274,25.344956954658844,72.17918920627315
SUB-014,PD,8.498333333333335,14.25,1187,0.1930767914956748,79.1625355131004,0.0024389920085836,63.4636760209515,14.037500966680096,57.73387321802328
SUB-014,PD,8.748333333333335,14.5,1060,0.5090996888910834,70.66705926144034,0.0072042008569737,28.61865689379127,18.888570420763244,21.087479080305528
SUB-014,PD,8.998333333333335,14.75,1029,0.7228811766816324,68.59710367784471,0.0105380714042465,24.861496328457907,14.938004179661863,21.83679456894088
SUB-014,PD,9.248333333333337,15.0,974,0.9875596848117764,64.93167396833192,0.0152092133847253,18.12071920693043,9.881102001946312,14.626706283443674
SUB-014,PD,9.498333333333337,15.25,980,0.5628006529867641,65.34320741800984,0.008612993993185,37.26043395765772,13.110826409963488,28.441677319848527
SUB-014,PD,9.748333333333337,15.5,1064,0.535308146294803,70.9218282367527,0.007547861633062,33.11930025143191,28.04381063881679,12.281772318536015
SUB-014,PD,9.998333333333337,15.75,1025,0.4644158941904711,68.51634811206823,0.0067781764058827,33.03279972193565,21.223466891038324,23.05662590209297
SUB-014,PD,10.248333333333337,16.0,1033,0.7377929231967004,69.402997609303,0.0106305627798676,24.18921668681616,35.845153089364814,8.357994128754108
SUB-014,PD,10.498333333333337,16.25,1155,0.3637928338901052,76.97588089065427,0.0047260626274206,67.80575100907585,47.73529699138943,54.844468997924
SUB-014,PD,10.748333333333337,16.5,1077,0.8245789264473199,71.78484542152212,0.011486810643742,15.852399000980434,19.19076121432212,9.701616157277574
SUB-014,PD,10.998333333333337,16.75,1031,0.3189211907071981,69.21847795437354,0.0046074574323552,46.51689122247537,35.16631773320348,29.54160475320222
SUB-014,PD,11.248333333333337,17.0,1162,0.469416633203737,77.45831838124113,0.0060602481826847,36.377014258790574,25.317977802344327,28.32296031398786
SUB-014,PD,11.498333333333337,17.25,1118,0.3536869301203601,74.53540376121559,0.0047452205565752,55.77617694612051,21.222253990996588,43.19942586024758
SUB-014,PD,11.748333333333337,17.5,1079,0.3929884679165788,71.9502016583888,0.0054619508890668,39.88050658017821,16.369628875945175,34.223052025802744
SUB-014,PD,11.998333333333337,17.75,1194,0.2761441358529627,79.58461364136267,0.0034698181371762,63.52018698488909,32.37220667945837,59.55138691626107
SUB-014,PD,12.248333333333337,18.0,1060,0.5284095893538281,70.70013139552722,0.0074739548417198,37.72658491143094,16.41327682943016,22.645876069952003
SUB-014,PD,12.498333333333337,18.25,1201,0.1822456942279752,80.03758634362848,0.0022770013758977,65.5365547910273,17.318583467862876,59.06570452325867
SUB-014,PD,12.748333333333337,18.5,1104,0.5064018393568469,73.58806238099153,0.0068815759373446,25.740969243640773,6.945259345760463,21.214274362399323
SUB-014,PD,12.998333333333337,18.75,1088,0.2476280383787562,72.56752069864024,0.0034123811313205,56.194703866831446,60.25961924150828,33.616453476265875
SUB-014,PD,13.248333333333337,19.0,1021,0.3323854258218368,68.27444857182024,0.0048683721769233,46.49749732196892,58.84975052839988,13.839427687914911
SUB-014,PD,13.498333333333337,19.25,987,0.2014653367175386,68.26788400684754,0.002951099768924,85.65209940347013,113.78438561479474,23.818922492246195
SUB-014,PD,13.748333333333337,19.5,1008,0.6595741268901965,67.18760761903916,0.009816901513,26.42336391749272,27.270956428922013,7.266081910375549
SUB-014,PD,13.998333333333337,19.75,1034,0.6799674208657362,68.93425245669943,0.009863999341878,26.103320839115405,9.23627680904597,14.115824732734112
SUB-014,PD,14.248333333333337,20.0,1059,0.4578651713522783,70.63712373280624,0.0064819339627164,35.789878478675455,24.286841326646595,20.724344600491484
SUB-014,PD,14.498333333333337,20.25,1096,0.3550747770613096,73.02131231823789,0.0048626184026088,45.83403956938928,31.928158511509444,35.603540855439
SUB-014,PD,14.748333333333337,20.5,1165,0.5011999863700536,77.66071267869464,0.0064537134553949,26.33457597708171,20.313923753962133,15.977763791137289
SUB-014,PD,14.998333333333337,20.75,1163,0.3665020839294702,78.13401024095239,0.0046906856924307,31.811810528045555,9.58416831404504,25.89003266854531
SUB-014,PD,15.248333333333337,21.0,1180,0.402937703231355,78.68100409407937,0.0051211560893345,34.01933706717002,18.37741635055913,17.565040373505934
SUB-014,PD,15.498333333333337,21.25,1073,0.8777075328434553,72.29483897048915,0.0121406665446994,16.074495226760565,17.910614504820835,9.6444257131531
SUB-014,PD,15.748333333333337,21.5,1090,0.7697817322031146,72.70277571193692,0.0105880652377447,16.472554784245123,12.554966383862132,8.006631012612207
SUB-014,PD,15.998333333333337,21.75,1163,0.2375892065873165,77.5016437723242,0.0030656021604558,46.03728481857244,35.79150516047521,35.04215169273905
SUB-014,PD,16.248333333333335,22.0,1436,0.1291755939430161,95.74769548765649,0.0013491248356955,71.47728372123501,44.0260613347941,64.89728456209306
SUB-014,PD,16.498333333333335,22.25,1153,0.4161373852542919,76.85787071035205,0.0054143756704183,31.42744183119272,28.031062259373776,24.565346181025077
SUB-015,PD,12.563055555555556,0.0,1288,0.6059715268062531,85.81384347856986,0.0070614658689373,73.59709152651561,55.94143068820878,48.98027013275127
SUB-015,PD,12.813055555555556,0.25,1208,1.0325767594267152,80.56358943692187,0.0128169160118564,35.00991085569084,13.052535488721771,12.46476651559957
SUB-015,PD,13.063055555555556,0.5,1387,0.3155955172128313,92.44961484881678,0.0034137028880966,101.97268185767284,15.737726842719256,100.19438359855587
SUB-015,PD,13.313055555555556,0.75,1436,0.3869996261731178,96.4015028609406,0.004014456358957,71.05859459044636,21.04528053394901,63.72263434861178
SUB-015,PD,13.563055555555556,1.0,1328,1.2270269373120324,88.58776559374816,0.0138509751215423,31.21961828339932,12.749100475087976,18.08228907372715
SUB-015,PD,13.813055555555556,1.25,1353,0.8533718502074613,90.39666296231134,0.0094403025758069,51.51062293825289,22.52636522338912,35.05454811415831
SUB-015,PD,14.063055555555556,1.5,1279,1.1774013316520684,85.80226346236842,0.0137222642403653,30.65961221058909,11.214755259222407,19.68386185933953
SUB-015,PD,14.313055555555556,1.75,1253,1.138394681601975,83.51774335457381,0.0136305728085699,28.43232463339854,12.420481899146615,12.591688877342008
SUB-015,PD,14.563055555555556,2.0,1231,1.0927765001137504,82.04788681701744,0.0133187647178635,31.631957576080747,14.054337061701004,16.908254338266765
SUB-015,PD,14.813055555555556,2.25,1418,0.2645846364914103,94.58546043152673,0.0027973076970212,107.77672787410776,34.99132869698206,97.3026033684064
SUB-015,PD,15.063055555555556,2.5,1515,0.2555269539559178,101.09772780354342,0.0025275242036345,105.50050058995096,44.22961583347464,99.57390927963216
SUB-015,PD,15.313055555555556,2.75,1286,0.7897904250364813,85.74352728602179,0.0092110792503545,45.7038318133076,18.10954560510413,30.907117401767213
SUB-015,PD,15.563055555555556,3.0,1236,1.0470126075070203,82.43150715384546,0.0127016069905519,28.045874904242613,11.637298683447687,17.835969691583113
SUB-015,PD,15.813055555555556,3.25,1211,0.9530693631432874,80.70867235011524,0.0118087602656733,40.532222710587405,14.480736705609631,22.250841045688063
SUB-015,PD,16.063055555555557,3.5,1206,0.5523671590971796,80.45104171646678,0.0068658795127089,73.3814476316706,21.74881119467781,67.14825080289721
SUB-015,PD,16.313055555555557,3.75,1137,0.9376481164087842,75.80555907433211,0.0123691207855793,39.088269646560754,16.7232285531065,29.6432444386066
SUB-015,PD,16.563055555555557,4.0,1134,0.7044019279600169,75.55147916116094,0.0093234697160255,58.63440659265344,16.90417413734449,45.46922531653231
SUB-015,PD,16.813055555555557,4.25,1163,0.952750698821372,77.54272461887051,0.0122867838795222,46.94664870395304,17.377032936209016,37.24008693257559
SUB-015,PD,17.063055555555557,4.5,1369,0.4077099471758913,91.67523262004332,0.0044473292897513,103.59961415412516,91.29055215234872,74.56527056866112
SUB-015,PD,17.313055555555557,4.75,1267,0.4328800611694954,84.65714524346446,0.0051133316617821,93.3264797512236,55.91421719065942,74.37694771964038
SUB-015,PD,17.563055555555557,5.0,1280,0.6377545452145886,85.43072435910271,0.0074651660746059,89.79313423707885,92.03999793406612,57.67715379636097
SUB-015,PD,17.813055555555557,5.25,1211,0.2603429375148871,81.3497839181352,0.0032002904614581,114.50553051573044,60.80258666746461,91.2665152636194
SUB-015,PD,18.06305555555556,5.5,1296,0.2928091101529571,86.52719497661563,0.0033840125088082,102.2210808619576,29.22658122656583,95.22145061308144
SUB-015,PD,18.31305555555556,5.75,1589,0.6311059705140432,105.9043861344566,0.0059592052184957,31.879609313663245,4.904567860087833,26.40783228968416
SUB-015,PD,18.56305555555556,6.0,1720,0.2750921465090855,114.72466635910378,0.0023978465594139,57.62124263484955,51.9113499052179,29.978065406337183
SUB-015,PD,18.81305555555556,6.25,1487,0.5587958612284895,99.0975481076278,0.005638846489134,39.600051534416885,10.55052574707554,29.949503721526245
SUB-015,PD,19.06305555555556,6.5,1352,0.7255303515742197,90.74921802633877,0.0079948937010525,37.78297331701987,12.895813216684518,29.691972238577048
SUB-015,PD,19.31305555555556,6.75,1345,1.061693365153055,90.26845637583892,0.0117615101418442,28.873037790467748,10.548957576575088,19.64556782181192
SUB-015,PD,19.56305555555556,7.0,1336,0.7087072623679115,89.09121624625452,0.0079548500091074,49.432271608011725,9.492279535839474,35.11538707720375
SUB-015,PD,19.81305555555556,7.25,1274,1.134708322967297,85.64456385584286,0.0132490408250223,27.795972550058195,10.596431835080462,14.81467854800449
SUB-015,PD,20.06305555555556,7.5,1397,0.2164689474122735,96.53367852972136,0.0022424189226936,138.3471829077217,116.75813169990164,95.84069478491598
SUB-015,PD,20.31305555555556,7.75,1314,0.6445088201985565,87.68086123869791,0.0073506214593852,59.13541754741315,24.952185806904165,46.60201520723
SUB-015,PD,20.56305555555556,8.0,1461,0.3407704378301301,98.66977031082214,0.0034536458000931,89.56661419569092,72.72330277925562,56.20354914052936
SUB-015,PD,20.81305555555556,8.25,1259,0.6236300175396994,83.95898746839312,0.0074277934542084,62.24511735407287,22.82930716208433,50.31196909667639
SUB-015,PD,21.06305555555556,8.5,1134,0.8801351945187145,75.6278982913697,0.0116377053230785,44.02529404131137,16.74026702770509,35.31974977526496
SUB-015,PD,21.31305555555556,8.75,1104,1.1162678293205466,73.58732662708088,0.015169294503352,43.00698538010258,19.81061740843416,32.1183876856775
SUB-015,PD,21.56305555555556,9.0,1128,0.9842161279970976,75.9285768776841,0.0129623939822104,41.16268522229797,24.53917788168828,21.30791961190505
SUB-015,PD,21.81305555555556,9.25,1164,0.530222775788413,77.59060291586908,0.0068335952533237,77.45299205167163,26.55984983744807,60.44433723492218
SUB-015,PD,22.06305555555556,9.5,1124,0.5690654443081092,74.93732999093285,0.0075938847084218,68.9743385539236,39.52386927172453,50.53045145141723
SUB-015,PD,22.31305555555556,9.75,1100,0.9126417420651856,74.23161839549482,0.0122945149491793,38.20949625771509,18.393930240699703,23.447217830865952
SUB-015,PD,22.56305555555556,10.0,1057,0.971024019391433,70.49611837834473,0.0137741487294386,40.95089041003682,18.612170179425043,31.339915096164106
SUB-015,PD,22.81305555555556,10.25,949,1.2209951611618883,63.98852836498858,0.0190814696377664,25.44942951478032,24.910260878730547,7.156287903274851
SUB-015,PD,23.06305555555556,10.5,925,1.1131407590947853,62.38548610096332,0.0178429443876305,31.975262280666247,29.519969028245463,9.657458680770398
SUB-015,PD,23.31305555555556,10.75,928,1.387908577712846,61.8320407238613,0.0224464300622257,23.32483624199492,21.159536805953536,6.1923171484557145
SUB-015,PD,23.56305555555556,11.0,912,1.1455489722475316,61.57530146241341,0.0186040335173477,32.58708953993126,32.95562995232128,8.644949173151963
SUB-015,PD,23.81305555555556,11.25,1012,0.316292707026815,67.45182726466844,0.0046891643985527,140.46271714179045,22.519823117298703,119.82848137300658
SUB-015,PD,0.0630555555555574,11.5,1198,0.2923913759122516,80.83488900384606,0.0036171432844837,166.3624714135304,37.432278031085566,160.76811008009471
SUB-015,PD,0.3130555555555574,11.75,1174,0.5213517761224734,78.69696417858088,0.0066248016243601,114.9254981250004,79.52827139171411,89.68444596000226
SUB-015,PD,0.5630555555555574,12.0,1100,0.7477531429724487,73.30775707142175,0.0102001912600317,84.78618304381547,19.384453870700927,67.8359015178272
SUB-015,PD,0.8130555555555574,12.25,1017,0.849282729635491,68.060672375197,0.0124783182416074,60.7134077759696,30.019875305967325,41.71389306674601
SUB-015,PD,1.0630555555555574,12.5,1082,0.671015783066564,72.12451811445267,0.0093035738831799,84.94817481365642,19.89879574636143,65.77444966387382
SUB-015,PD,1.3130555555555574,12.75,1104,0.8578759910322085,73.64877185336067,0.0116482049794434,73.60405455948842,21.178428615502614,54.44836258420819
SUB-015,PD,1.5630555555555574,13.0,1138,0.8113288084725232,76.28598529919458,0.010635358582451,70.84991181671421,20.00872720759364,57.88961379426828
SUB-015,PD,1.8130555555555572,13.25,1138,0.8060938836540629,76.46427747529022,0.0105420976993414,76.87222016584143,20.63107270477878,60.71698341985564
SUB-015,PD,2.0630555555555574,13.5,1121,1.0452794412536266,75.16679518557011,0.0139061328698804,55.6537714562403,23.63832768438338,41.054626702875375
SUB-015,PD,2.3130555555555574,13.75,1102,1.087203002628773,73.48471124576146,0.0147949550892667,51.37203342165382,22.00346764843801,34.910343934429285
SUB-015,PD,2.5630555555555574,14.0,1063,1.1086236811901111,71.2977805799065,0.0155492032455011,54.38055528170205,28.89677387684726,33.517979566299296
SUB-015,PD,2.8130555555555574,14.25,1139,0.8780513724376444,75.98382036063963,0.0115557676393497,59.46155476023672,20.82180231559208,50.69118007662722
SUB-015,PD,3.0630555555555574,14.5,1375,0.2407083876015915,92.65914910822588,0.0025977832725448,139.56043519607758,121.51429612612525,99.99157339635882
SUB-015,PD,3.3130555555555574,14.75,1684,0.1082699273039943,117.72916931258236,0.000919652520579,108.18695426824928,50.73816373949078,106.03632371442812
SUB-015,PD,3.5630555555555574,15.0,1487,0.2376282336570172,100.27468204766252,0.0023697729955809,116.6794884531306,103.30356812365876,80.94470741429348
SUB-015,PD,3.813055555555557,15.25,1251,1.0750344104058769,83.8867294457396,0.0128153096146302,28.159725672670035,27.71727259309617,10.33356342626917
SUB-015,PD,4.063055555555557,15.5,1245,0.8407040626849589,82.9907788023553,0.0101300900511744,40.90971173842596,11.646970819077817,30.91468391721592
SUB-015,PD,4.313055555555557,15.75,1194,0.9121516949255288,79.63486237308334,0.0114541755676322,38.60952934124107,11.771326350798333,28.73380613621334
SUB-015,PD,4.563055555555557,16.0,1165,0.9051743873147778,78.00747264716517,0.0116036881672729,39.45050243885434,15.024607536142842,23.265197244509
SUB-015,PD,4.813055555555557,16.25,1604,0.1389279093294292,108.68570925217593,0.0012782536939339,140.72059650855093,165.0375484223821,95.07712089070505
SUB-015,PD,5.063055555555557,16.5,1204,0.883709219836644,80.27603220375711,0.0110083818990157,41.82174801396193,11.605277270077533,30.825209409939585
SUB-015,PD,5.313055555555557,16.75,1200,0.4515620680437104,80.25413810399598,0.0056266515186863,80.42333389961901,53.767229137343406,62.75108478031019
SUB-015,PD,5.563055555555557,17.0,1349,0.2389014401948573,91.88862109169676,0.0025999023312849,149.19805482595547,115.84054834534216,110.66366922169745
SUB-015,PD,5.813055555555557,17.25,1269,0.5441383145066354,84.6529551263735,0.006427871462896,82.87488404097286,74.67994802638775,57.4841465909235
SUB-015,PD,6.063055555555557,17.5,1135,1.0532893716317389,75.91490841719089,0.0138746050491608,39.247878808368014,24.309167532070955,21.23775823862551
SUB-015,PD,6.313055555555557,17.75,1125,1.1920699449733143,75.76259258469416,0.0157342813162143,31.25215872654556,13.80104565639736,17.017137215095516
SUB-015,PD,6.563055555555557,18.0,1193,0.3462531635394628,81.45726338645088,0.0042507340554366,128.88858319095797,122.53263844062722,78.92486960132695
SUB-015,PD,6.813055555555557,18.25,1175,0.4332868855708612,78.53429386530199,0.0055171679051958,109.1105709293801,119.83310370160574,66.60652763434723
SUB-015,PD,7.063055555555557,18.5,1150,0.9406652872741702,76.95945463630522,0.012222868414538,41.06959506562248,22.306161458001384,26.634961883637374
SUB-015,PD,7.313055555555557,18.75,1159,0.8556605077421182,77.45548592903144,0.011047125939228,54.999839250254574,20.37748257759887,43.38658464226065
SUB-015,PD,7.563055555555557,19.0,1097,1.1596851357079534,73.194410002124,0.0158439030477095,33.723297178333056,15.20930612160627,20.234031430340664
SUB-015,PD,7.813055555555557,19.25,1135,0.9109585170241946,75.64036063013641,0.0120432862751483,53.48031460764416,55.79881662282755,20.186788498921995
SUB-015,PD,8.063055555555557,19.5,1506,0.1730028138653042,102.14844081189698,0.0016936412586451,131.34171653500894,127.11601680187572,106.94134368664476
SUB-015,PD,8.313055555555557,19.75,1546,0.7136444424044388,104.0381518086667,0.0068594494423245,42.60722499056824,7.862491349854524,35.76341054429335
SUB-015,PD,8.563055555555557,20.0,1482,0.4973546509527176,102.18974746766636,0.004866972110975,83.89743937190774,87.92390516382481,45.31960437259314
SUB-015,PD,8.813055555555557,20.25,1320,0.2991650390611221,91.5526497093897,0.003267683021854,89.4730608692667,97.27240694250438,48.46695102352947
SUB-015,PD,9.063055555555556,20.5,1442,0.378040894044049,98.3287968587518,0.003844661036452,121.10448420420836,140.367980753514,67.86875881286242
SUB-015,PD,9.313055555555556,20.75,1212,0.981346113569062,83.40989563440039,0.0117653439811322,31.32907338515255,12.95090137434176,15.2510591662718
SUB-015,PD,9.563055555555556,21.0,1192,0.9039015003520868,79.9808546947375,0.0113014733813736,33.47048501843623,8.009859583398443,25.643798640174
SUB-015,PD,9.813055555555556,21.25,1189,0.7563691323092646,79.31240348601027,0.0095365806489861,48.02117277093366,15.464442760700752,39.16427996493235
SUB-015,PD,10.063055555555556,21.5,1180,0.8275405211876035,78.96031129098994,0.0104804617365032,49.46101940364707,31.215671560538357,32.43102128922212
SUB-015,PD,10.313055555555556,21.75,1205,0.3739555537564237,81.51071025930102,0.004587808799197,115.74546068534566,136.06198814489005,55.92517597303478
SUB-015,PD,10.563055555555556,22.0,1161,1.1442924897714162,77.40464427865672,0.0147832536462794,30.278674268817404,13.74954544703206,20.801700186535747
SUB-015,PD,10.813055555555556,22.25,1146,1.2605421760851263,76.36266714050907,0.0165073094391229,27.701920315880205,13.62805993042476,13.480460096731964
SUB-015,PD,11.063055555555556,22.5,1200,0.4068435086784919,81.38894760699539,0.004998756227234,100.90617198959411,99.39497120201912,66.10185843666022
SUB-015,PD,11.313055555555556,22.75,1125,0.4232296190535647,75.74652407617295,0.005587446080403,102.36571351811482,76.25888898657122,61.17455880909466
SUB-016,Control,16.805555555555557,0.0,1228,0.637352214293227,82.68144638667043,0.00770852763403,56.05411762408856,36.7550206140916,45.06857532067237
SUB-016,Control,17.055555555555557,0.25,1161,1.1548406337481842,78.32131979181776,0.0147449077316088,29.15036050850822,25.353262729567625,14.66402783431328
SUB-016,Control,17.305555555555557,0.5,1163,1.0098958849045945,77.46989409783322,0.0130359786426097,32.09512423589183,24.970722960369237,21.65274538238596
SUB-016,Control,17.555555555555557,0.75,1262,0.9579133932050548,84.9833557426616,0.0112717765123998,33.25700112732358,23.14975554086702,22.22911389268496
SUB-016,Control,17.805555555555557,1.0,1428,0.6355161972559847,95.18540490458128,0.0066766138978245,42.17569557979059,26.493907220940724,32.169587412517856
SUB-016,Control,18.05555555555556,1.25,1344,1.0828180497326385,90.57671895270668,0.0119547060464622,31.088921980336963,16.979708445173536,14.689314449128608
SUB-016,Control,18.30555555555556,1.5,1355,1.0708747280496915,90.34126328866644,0.0118536612071489,29.014400537073477,12.176023125112698,17.827296641419757
SUB-016,Control,18.55555555555556,1.75,1363,0.510713497125583,91.95138652301652,0.0055541685279291,52.063247096051896,36.97361840758597,39.55406672280511
SUB-016,Control,18.80555555555556,2.0,1444,0.6143670138984149,96.32542517602404,0.0063780358381572,40.73951743433371,12.848226456477294,34.73854682912717
SUB-016,Control,19.05555555555556,2.25,1234,1.0053743098553252,83.11611334505311,0.0120960216905421,21.59039027496884,20.09268870751651,9.571899778725465
SUB-016,Control,19.30555555555556,2.5,1241,0.7378159895465213,83.58056162635245,0.0088276026768632,34.735197738682324,29.773973804801944,21.917717384025167
SUB-016,Control,19.55555555555556,2.75,1199,0.9847025459190218,79.98496807383432,0.0123110950673886,24.150149045674528,12.222137063159254,15.87526106396028
SUB-016,Control,19.80555555555556,3.0,1218,0.9035740455263254,82.88007113078902,0.0109021871385756,29.72980567995716,30.605677208705107,17.982433032894914
SUB-016,Control,20.05555555555556,3.25,1234,0.714942327640115,82.29208577760686,0.0086878625190305,39.70580182513407,15.033269403891886,33.83741773588703
SUB-016,Control,20.30555555555556,3.5,1308,0.6944185680784878,88.3051884924207,0.0078638478659505,51.21113928685985,23.58328613342092,43.306338264731295
SUB-016,Control,20.55555555555556,3.75,1297,0.7291510240319556,87.04366948013163,0.0083768415139987,56.8071041680875,19.01946290345241,47.56535489739575
SUB-016,Control,20.80555555555556,4.0,1223,0.7224535972683748,82.31071228266966,0.0087771515667042,52.1189258335887,44.2958732417823,37.00953265784454
SUB-016,Control,21.05555555555556,4.25,1146,1.0275168771871637,77.1024893473873,0.0133266368684629,28.091720980421357,21.428850486850035,15.83604676383239
SUB-016,Control,21.30555555555556,4.5,1178,0.9830885038456768,79.21892915465064,0.0124097676443782,34.64652736461283,26.06274697626908,14.768739468764643
SUB-016,Control,21.55555555555556,4.75,1258,0.563883356867386,84.80689241389538,0.006649027464836,69.18799614951416,24.508923902026424,62.51279167592631
SUB-016,Control,21.80555555555556,5.0,1124,1.08474398457012,75.80952295306419,0.0143088090033453,32.06350763679809,27.538591071786083,14.831232245746332
SUB-016,Control,22.05555555555556,5.25,1134,0.4267655634996298,76.58772637785304,0.0055722448450048,94.3919051096791,119.38315273935282,21.365724411485697
SUB-016,Control,22.30555555555556,5.5,1129,0.5140594199241859,77.31473396951924,0.0066489192102355,58.57257667333765,71.05003980314416,12.499539400992711
SUB-016,Control,22.55555555555556,5.75,1130,0.7177787074216537,77.69660507090674,0.009238224846074,41.056711345231385,48.08043342093626,13.630271909322712
SUB-016,Control,22.80555555555556,6.0,1100,1.2215587226167794,74.13931001015484,0.016476532118379,19.492076779024885,20.26660341129601,5.802520000559896
SUB-016,Control,23.05555555555556,6.25,1098,1.1244112301765088,73.24174779624386,0.0153520534941981,21.82646594659747,19.9267116639773,8.026730733726293
SUB-016,Control,23.30555555555556,6.5,1085,0.9953309061107778,73.1035195245913,0.0136153623325339,25.43026960946516,25.436847492016444,13.457240678792743
SUB-016,Control,23.55555555555556,6.75,1077,1.157959438484811,73.34846765039728,0.015787097884635,21.847005571209017,19.558985233025894,11.21151643841281
SUB-016,Control,23.80555555555556,7.0,1125,0.9948612201387996,75.88643791308924,0.0131098684758163,28.82256713815362,15.698986752443,19.54569426252589
SUB-016,Control,0.0555555555555571,7.25,1105,0.9301481592490838,74.32618770557413,0.0125144069400363,29.32632114683573,23.461964285113517,13.133866746432748
SUB-016,Control,0.3055555555555571,7.5,1126,0.6187062953921478,77.73701966668355,0.0079589659861543,51.72950682594506,57.7372131105908,25.15840365429449
SUB-016,Control,0.5555555555555571,7.75,1166,1.0599438872545526,77.93848474484504,0.0135997497349941,26.79200387557203,16.68192720518136,14.445929957813815
SUB-016,Control,0.8055555555555571,8.0,1150,0.9015061831910256,79.09107164963343,0.0113983306128992,30.104332346841986,23.186045141313755,21.278191553943245
SUB-016,Control,1.0555555555555571,8.25,1151,1.0364564973207009,78.47923470814044,0.0132067610136008,27.283192185519272,18.248144634693567,14.759714377795452
SUB-016,Control,1.3055555555555571,8.5,1138,0.8576797619312788,77.20357524465324,0.0111093269866498,33.35976450841317,24.461967680397947,17.859944048690124
SUB-016,Control,1.5555555555555571,8.75,1126,1.076188784231118,75.79471703193452,0.0141987308136223,23.87239038504262,14.267445461609446,11.716650688611368
SUB-016,Control,1.8055555555555567,9.0,1105,0.9127956880722904,75.65927990167717,0.01206455690906,30.83577751725176,29.80382720292864,12.384812927960848
SUB-016,Control,2.055555555555557,9.25,1093,0.6332719477141129,75.59619321640015,0.0083770348845651,56.67376175687974,55.02407065683483,24.574951064549868
SUB-016,Control,2.305555555555557,9.5,1122,0.6483308758686313,75.62838288722473,0.0085725867870982,51.89463210656351,49.304050386131,23.991698777406164
SUB-016,Control,2.555555555555557,9.75,1122,0.9846318618855324,77.66031571710049,0.0126787002189423,28.01045261601373,23.24680442870155,12.846485443688108
SUB-016,Control,2.805555555555557,10.0,1148,0.8369630225264721,78.54253874388952,0.0106561748055487,32.05690693191755,33.49811638317258,17.80990795022877
SUB-016,Control,3.055555555555557,10.25,1147,1.1100476116900218,77.0157030564558,0.0144132633688523,24.738362241002868,15.149286207618792,16.048939655511415
SUB-016,Control,3.305555555555557,10.5,1151,0.9843126514303872,79.23086630795177,0.0124233483400849,28.846375071034323,26.176341791113927,16.218146901034256
SUB-016,Control,3.555555555555557,10.75,1142,0.9505332461849684,77.88204484696382,0.0122047802937473,30.55566463667608,18.371829023404445,19.05704274491208
SUB-016,Control,3.805555555555557,11.0,1123,0.7292864382741698,75.41214786959003,0.0096706758642562,46.255610183215126,42.00410598722578,23.13832797388972
SUB-016,Control,4.055555555555557,11.25,1089,0.8002745925822122,74.11684235481482,0.0107974728436366,39.40512494598715,38.51867623786735,16.590044688778505
SUB-016,Control,4.305555555555557,11.5,1118,0.5784500399660765,77.11488255155075,0.0075011466117371,50.841909069294914,35.03942018463718,34.40081043900102
SUB-016,Control,4.555555555555557,11.75,1098,0.8282958498275047,74.55313948159088,0.0111101404392504,38.81175959905296,30.052627797864425,17.128692394239184
SUB-016,Control,4.805555555555557,12.0,1092,0.9769205131620108,73.90646185221865,0.0132183369177574,34.65817081394572,26.837478069810714,22.131722718936697
SUB-016,Control,5.055555555555557,12.25,1114,0.8141859520841729,74.90300934382543,0.0108698697050586,45.3693692036331,17.76311633376285,34.038918626566364
SUB-016,Control,5.305555555555557,12.5,1199,0.8834234541163477,81.54724389812601,0.0108332717561856,32.98194056174678,17.601363962931757,24.35347163399611
SUB-016,Control,5.555555555555557,12.75,1234,0.8285737602330739,83.69884693646846,0.009899464455729,35.114484573818274,21.445908870907527,24.941287864603883
SUB-016,Control,5.805555555555557,13.0,1221,0.9053091842059736,84.05733247050077,0.0107701393513015,28.522272535894363,21.85271112714753,20.27368233657357
SUB-016,Control,6.055555555555557,13.25,1301,0.6550625019037445,89.20877779631691,0.0073430274249401,39.03772353212122,39.44653635959982,24.29176283396277
SUB-016,Control,6.305555555555557,13.5,1417,0.614324301768795,95.46480423090313,0.0064350868020732,40.3362826522304,29.152494539114613,30.27868865791312
SUB-016,Control,6.555555555555557,13.75,1546,0.3650202931822035,107.0874432007093,0.0034086189965154,56.94440699242194,69.6899885089808,21.98289604881648
SUB-016,Control,6.805555555555557,14.0,1541,0.2198787523087233,107.31683537207464,0.002048874731969,57.1971012058943,45.78459588965726,48.03668967288737
SUB-016,Control,7.055555555555557,14.25,1435,0.5404039585567142,98.81513650490518,0.005468837848844,47.66667706889044,29.69369429982649,40.8479246260232
SUB-016,Control,7.305555555555557,14.5,1409,0.4067410764306856,97.3084218862226,0.004179916481497,50.96402487924576,41.37682809748822,39.23992940843906
SUB-017,PD,18.191666666666663,0.0,1263,0.4679814247448209,86.993756148856,0.0053794829130501,34.15647366018746,37.42474752642693,21.106681968467136
SUB-017,PD,18.441666666666663,0.25,1304,0.478002968817618,88.60431221242386,0.0053948047999247,28.184027144871585,15.578780065673064,25.093978260544787
SUB-017,PD,18.691666666666663,0.5,1251,0.425503190520015,88.5476695777529,0.0048053573013164,25.27430249772687,20.24598725673806,17.848291873215288
SUB-017,PD,18.941666666666663,0.75,1274,0.5131070462031116,87.43234401950872,0.0058686182093965,31.311620683330325,30.297296227226,21.445882600750338
SUB-017,PD,19.191666666666663,1.0,1385,0.1908406267727993,95.50187326177397,0.0019982919732862,54.11278914837738,60.58150889217913,32.30933152462351
SUB-017,PD,19.441666666666663,1.25,1454,0.3029279895124667,98.3667555545533,0.003079576914016,33.7279398937816,9.464644246292524,33.57958052269794
SUB-017,PD,19.691666666666663,1.5,1316,1.1506408188576835,89.9479518500503,0.012792295935497,12.560950480457509,8.938318416887654,7.309425553843182
SUB-017,PD,19.941666666666663,1.75,1359,0.3686597017390736,93.00596086769065,0.0039638287514014,39.36932346435121,14.880995778041775,36.224978303786365
SUB-017,PD,20.191666666666663,2.0,1354,0.9198399991193972,92.77912538201154,0.0099142990983372,21.59209720570932,13.392036331444697,16.46552728394202
SUB-017,PD,20.441666666666663,2.25,1342,0.3636958479429938,93.1100634494434,0.0039060852765981,52.78601800602041,38.75970446906756,45.62494297454879
SUB-017,PD,20.691666666666663,2.5,1246,0.5677525493308588,85.45191443835597,0.006644117373642,33.379601234800774,21.186947561835137,27.93619934560742
SUB-017,PD,20.941666666666663,2.75,1427,0.3939547863101263,98.59999976967998,0.0039954846575087,46.32369962874903,52.35389072239799,26.475070439411247
SUB-017,PD,21.191666666666663,3.0,1215,0.1726263578495264,82.10032682462064,0.0021026269264223,72.38051899441929,47.780197589726896,63.41093711535553
SUB-017,PD,21.441666666666663,3.25,1051,0.699610622714852,72.11596191783173,0.0097011896410947,34.574157062034416,38.53902165956202,16.099721379595103
SUB-018,Control,14.776111111111112,0.0,1035,0.5993300769905414,69.36772602317396,0.0086398979950751,81.13121851991183,90.16606214141204,39.65711144637999
SUB-018,Control,15.026111111111112,0.25,1127,0.7036153148721833,75.12899254709728,0.0093654299228236,68.91150483874424,45.48719883163664,50.94530330649471
SUB-018,Control,15.276111111111112,0.5,1110,0.6742954029704518,74.02771926821488,0.0091086880649039,63.63783519918714,24.45883164516139,51.20619762427239
SUB-018,Control,15.526111111111112,0.75,1112,0.6222138956121271,74.16341071656838,0.0083897691543617,72.45571815316804,40.77080236925174,58.486943344012
SUB-018,Control,15.776111111111112,1.0,1058,0.8978437513631216,70.5122580028858,0.0127331584151847,50.57670732439206,29.16313038885877,24.868652779421616
SUB-018,Control,16.02611111111111,1.2499999999999998,1131,0.5453236271532695,75.36432755162556,0.0072358321883747,85.20924845988286,28.13817046590168,75.54037985207621
SUB-018,Control,16.27611111111111,1.4999999999999998,1017,1.3180640020901062,67.82946813560113,0.0194320262021677,44.43963305248097,46.27201540292813,16.876054296059582
SUB-018,Control,16.52611111111111,1.7499999999999998,1046,0.6773250045716352,69.7419348386301,0.0097118757335717,111.63777515367993,50.86542898697216,94.44994449836504
SUB-018,Control,16.77611111111111,2.0,1119,1.0109696566201252,74.58152035662275,0.0135552299254027,71.9439978635639,58.95490378064687,45.66745157677938
SUB-018,Control,17.02611111111111,2.25,1084,0.4314664053767815,72.29542417984042,0.005968101166451,87.74827795399136,48.15304356737461,75.4520648898263
SUB-018,Control,17.276111111111113,2.5,1003,1.3762511628488028,66.81113918654275,0.0205991273252531,61.79478862266618,50.32917591321948,29.41710048288851
SUB-018,Control,17.526111111111113,2.75,1039,0.989567729642216,69.28714486726076,0.01428212594902,85.33599274097882,68.20704764720132,51.40844744868564
SUB-018,Control,17.776111111111113,3.0,1069,0.8597281932669422,71.30469583778014,0.0120571048395304,92.42543041371682,43.7467815830651,80.44521759425703
SUB-018,Control,18.026111111111117,3.25,1174,1.1334704443921018,78.24910408997093,0.01448541114399,48.95222871996099,38.50263218822831,27.727414338639505
SUB-018,Control,18.276111111111117,3.5,1119,1.051004835501243,74.60555396901769,0.0140874878556321,49.8539546411421,27.368207532500907,37.02384642372652
SUB-018,Control,18.526111111111117,3.75,1128,0.8635832519916622,75.42669913462129,0.0114493045817945,68.00719763588461,73.90425831187413,32.758875605365404
SUB-018,Control,18.776111111111117,4.0,1115,0.9652856402398512,74.3756448112704,0.0129785179367423,63.05273273482154,47.192308733422486,33.6321628952876
SUB-018,Control,19.026111111111117,4.25,1168,0.87499427405512,77.83025940088025,0.0112423404571773,57.5838957851142,58.98660036937412,24.07529851438077
SUB-018,Control,19.276111111111117,4.5,1046,0.9910731412253846,69.75767100966337,0.0142073714170889,60.58337465330335,58.28291008224883,36.31114597176802
SUB-018,Control,19.526111111111117,4.75,984,1.304682362793343,65.60561292466133,0.0198867490848928,49.44887436334254,64.10452902014973,16.403936260802414
SUB-018,Control,19.776111111111117,5.0,991,1.2016342976101568,66.06218911829309,0.0181894410955481,47.38009020080074,68.33298595624935,10.739057525144522
SUB-018,Control,20.026111111111117,5.25,1007,1.1880721378584282,67.2952157133549,0.0176546300545203,68.29982201807705,77.37715846480455,29.0338642395091
SUB-018,Control,20.276111111111117,5.5,997,0.9510263029163348,67.09136179089747,0.014175093149553,78.90836865720428,57.85586577711267,45.55426804496484
SUB-018,Control,20.526111111111117,5.75,981,1.2786732031520296,65.43388020908604,0.0195414546572232,48.47577887922517,57.398775141592544,10.62881803171522
SUB-018,Control,20.776111111111117,6.0,972,1.3770154000314736,64.79510436989206,0.0212518432283183,55.49481548175803,59.0832295356169,19.49673079497561
SUB-018,Control,21.026111111111117,6.25,951,1.2396067394155286,63.41803890884518,0.0195465952707445,84.29937816563235,61.56749826089463,47.95154974385356
SUB-018,Control,21.276111111111117,6.5,958,1.272203470606484,63.837514201847824,0.019928775211765,78.88253371639614,52.10876014656787,38.72540127501156
SUB-018,Control,21.526111111111117,6.75,927,1.424816032237731,61.81243116671242,0.0230506389304588,72.46359183243558,65.91645016024347,25.87683569075019
SUB-018,Control,21.776111111111117,7.0,966,1.1664452055272458,64.36531424732227,0.0181222638181366,86.8072847257018,78.8152953252227,39.33340582372556
SUB-018,Control,22.026111111111117,7.25,933,1.3644784149732745,62.228763517359134,0.0219268122625101,55.70995445384664,65.16059724616092,8.548808373874552
SUB-018,Control,22.276111111111117,7.5,918,1.42287870069018,61.218569632788615,0.0232425995776302,61.561654025447694,66.39139096218071,12.67212690380508
SUB-018,Control,22.526111111111117,7.75,901,1.3286107719087388,60.08349004387895,0.0221127429671354,60.09180256473505,68.53171204307941,9.447502546003893
SUB-018,Control,22.776111111111117,8.0,907,1.3238106257483635,60.43946890565912,0.0219030817066695,56.81783445624739,66.90325293932376,10.750743629648465
SUB-018,Control,23.026111111111117,8.25,915,1.1834794422997437,61.022239216069856,0.0193942316359325,65.04700105231942,65.18671214154726,31.605175489824315
SUB-018,Control,23.276111111111117,8.5,898,1.3441561417860333,59.86354045955378,0.0224536693197122,50.91121573273489,66.92914604907504,11.478334637888546
SUB-018,Control,23.526111111111117,8.75,892,1.209558229733844,59.433779975080455,0.0203513596180655,64.58645407261977,68.80853084427287,29.481058542093614
SUB-018,Control,23.776111111111117,9.0,872,1.4239986942604892,58.17224410105426,0.0244790056884651,63.59467643684266,68.59628311654562,18.78500965448755
SUB-018,Control,0.0261111111111134,9.25,869,1.4379666504140889,57.92541685969584,0.0248244506189236,53.745208461399365,64.40587208824212,13.161073219957592
SUB-018,Control,0.2761111111111134,9.5,865,1.0335916790370423,57.66461636919576,0.01792419240977,109.3055533480392,84.20147794955199,72.371570438859
SUB-018,Control,0.5261111111111134,9.75,832,1.4204520882474685,55.49176127426514,0.0255975311583093,67.14935166125433,76.99738223627782,11.119919965291794
SUB-018,Control,0.7761111111111134,10.0,847,1.286928319613095,57.7800719010576,0.0222728750115926,80.8758378468093,73.73794728615897,32.42218582237152
SUB-018,Control,1.0261111111111134,10.25,872,1.431052196995976,58.18576517283908,0.0245945411690484,63.55037898481686,50.96615342057014,24.921354921544573
SUB-018,Control,1.2761111111111134,10.5,854,1.4341716937232802,56.90039432728388,0.025204951752603,67.79516190721087,67.18371690458977,21.69550980407744
SUB-018,Control,1.5261111111111134,10.75,1140,0.6737651942258317,76.0147806517934,0.0088636076885125,80.62713002795734,56.85027236482114,56.951317882852535
SUB-018,Control,1.7761111111111134,11.0,1023,0.8342108514752565,68.18719595986977,0.0122341275327733,98.22688338089696,36.22668627454686,86.38880922391778
SUB-018,Control,2.0261111111111134,11.25,920,1.303433620037238,61.367494571978405,0.0212398050324252,54.41975009765049,48.91798781736743,16.822941887949597
SUB-018,Control,2.2761111111111134,11.5,906,1.1750487099801474,60.384031778263086,0.0194595934616465,50.358764785159394,51.15913856354049,13.990453492291644
SUB-018,Control,2.5261111111111134,11.75,902,1.2213621740609373,60.10928961748634,0.0203190252593774,59.50441073214286,65.73425462310047,17.859532900547443
SUB-018,Control,2.7761111111111134,12.0,888,1.3165326829003272,59.19750054997678,0.0222396667201997,57.99079723947386,58.62319244310199,22.371689694695903
SUB-018,Control,3.0261111111111134,12.25,971,0.5943660489086817,64.75189554338911,0.0091791297215447,135.1379523297339,59.46987455326809,118.07962995695748
SUB-018,Control,3.2761111111111134,12.5,1014,0.7562990392215296,67.58520634927687,0.0111903045070694,98.11793846913376,57.88916120650305,81.56626323396877
SUB-018,Control,3.5261111111111134,12.75,896,1.3077737686550075,59.71661268178244,0.0218996642630061,61.32080658985177,63.879416780901785,23.120803790207813
SUB-018,Control,3.7761111111111134,13.0,914,1.1650260504397945,60.95019622095446,0.0191143937620214,61.7632935376312,64.31138311224086,27.545315109396597
SUB-018,Control,4.026111111111113,13.25,906,1.226332250730882,60.42014004668223,0.02029674624692,62.37347903773577,68.97069599530911,17.074512848958644
SUB-018,Control,4.276111111111113,13.5,922,1.1679490878896264,61.47773265854521,0.0189979206679035,62.37338746491076,65.70020418182212,24.10963741148213
SUB-018,Control,4.526111111111113,13.75,944,1.1592172741905926,62.90684256296515,0.018427522777515,75.67239690264682,54.09421889164635,45.59283554343084
SUB-018,Control,4.776111111111113,14.0,939,1.1015655511332365,62.58789967272994,0.0176002958542032,70.43376967824526,50.65755257868525,40.9835830287724
SUB-018,Control,5.026111111111113,14.25,1048,0.6727099067459175,69.90876727985075,0.0096226830041645,110.55603307585848,49.49716594397295,94.59056540081382
SUB-018,Control,5.276111111111113,14.5,1149,1.1403164805257124,76.56580060906128,0.0148932874919975,56.67264048632892,52.085931410229,29.719605521887388
SUB-018,Control,5.526111111111113,14.75,1135,1.0580494344455589,75.65817613801119,0.0139846013802332,52.29864499007503,42.10721596928849,32.087495283097475
SUB-018,Control,5.776111111111113,15.0,1114,0.897927565113989,74.30960110285943,0.0120836009316087,73.34159545037235,45.06225104233803,59.46511297160291
SUB-018,Control,6.026111111111113,15.25,1054,0.8939113029824248,70.25316244766285,0.0127241432533143,88.5256033457425,76.36731474677781,54.00446552545802
SUB-018,Control,6.276111111111113,15.5,966,1.3222456384358268,64.41581766189253,0.0205267228831288,58.02560549682209,51.51630357157583,20.95456298448667
SUB-018,Control,6.526111111111113,15.75,956,1.4529442136396522,63.7419030780805,0.0227941768832956,57.87555909193971,47.42187844206324,22.93281606952717
SUB-018,Control,6.776111111111113,16.0,971,1.4034109263972985,64.70953460449546,0.021687853806629,68.95760565433407,48.46063340166657,36.71626693139845
SUB-018,Control,7.026111111111113,16.25,1017,1.043903424537452,67.76333250785409,0.0154051370542683,83.87580985017797,41.25537426217112,69.30260440842501
SUB-018,Control,7.276111111111113,16.5,1024,0.9928498253971688,68.7514407141914,0.0144411493793209,80.03465328002436,41.6778714162192,59.281878251295744
SUB-018,Control,7.526111111111113,16.75,1079,0.8285216771808631,71.96427797286167,0.0115129575467054,82.87884807348492,37.62412974603623,75.1507856264913
SUB-018,Control,7.776111111111113,17.0,983,1.169802417688364,65.53631887674884,0.0178496814855951,90.6722642603834,54.966319996996525,68.13131296887236
SUB-018,Control,8.026111111111113,17.25,1092,1.3239543613961644,72.75755809111352,0.0181967948915793,58.60467553859448,34.41504104911784,31.705836973882477
SUB-018,Control,8.276111111111113,17.5,1071,1.3818662644527029,71.41594956206886,0.0193495468859053,52.45791722323699,35.957009637288735,30.699670178231443
SUB-018,Control,8.526111111111113,17.75,1075,1.0857029603641897,71.6817198278305,0.0151461622708257,71.60647158743181,77.3429387054679,26.07854514287714
SUB-018,Control,8.776111111111113,18.0,1128,0.7091856066218732,75.14998351097435,0.0094369362904558,63.75311094031722,60.19657240402103,41.59851481659218
SUB-018,Control,9.026111111111112,18.25,1103,0.9700183499586892,73.55319269536109,0.0131879842928948,73.60679505501473,33.8501287437871,62.48922693234206
SUB-018,Control,9.276111111111112,18.5,1064,1.108187030762476,70.93152063891701,0.015623336716603,77.89761739323275,66.87671363011383,46.14716174259397
SUB-018,Control,9.526111111111112,18.75,1052,1.1342100367094323,70.14977955943004,0.0161684048593273,67.50671890523715,39.70988991174673,52.1492697553101
SUB-018,Control,9.776111111111112,19.0,1091,0.8708755288123357,72.75418953433318,0.0119701083111009,67.49062700958387,46.50232311450549,50.870586485217
SUB-018,Control,10.026111111111112,19.25,1107,0.8538335381397613,73.80418223699343,0.0115689045289873,84.64539588102471,36.06314785083787,72.09109156710534
SUB-018,Control,10.276111111111112,19.5,1004,1.2496207525646512,66.89104332927293,0.0186814361141499,64.48846682452695,46.04817798688959,35.05342147262967
SUB-018,Control,10.526111111111112,19.75,1010,1.3219406606157016,67.36836488307253,0.019622573041666,52.970385827560136,42.787024143824745,17.4006770909585
SUB-018,Control,10.776111111111112,20.0,1036,1.382556827965756,69.04464909523297,0.0200240981174196,53.07813028274289,39.8802313213144,26.544643740217435
SUB-018,Control,11.026111111111112,20.25,1108,1.083940861922276,73.85895250940457,0.014675822294992,71.22465340121938,42.003054046487605,53.89382424456458
SUB-018,Control,11.276111111111112,20.5,1184,0.8638905214655404,78.94833351670151,0.0109424795050649,74.80382287686993,48.15760263408451,54.27728276731808
SUB-018,Control,11.526111111111112,20.75,1174,0.9990446896366352,78.26692755642519,0.0127645829576789,65.23946300879393,51.13111041071676,43.47543136568875
SUB-018,Control,11.776111111111112,21.0,1204,1.048630250313713,80.2394744003421,0.0130687577174513,47.76988853223124,24.799696321847577,26.60515316628176
SUB-018,Control,12.026111111111112,21.25,1082,0.9987310337908472,72.13381422542817,0.0138455320090197,45.10915027503726,22.34478790939855,32.7029258133295
SUB-018,Control,12.276111111111112,21.5,1044,1.1563309890597293,69.63234035363091,0.0166062347349988,45.3114853984539,28.911111168429493,22.702142142096523
SUB-018,Control,12.526111111111112,21.75,1068,0.7506040244636696,71.19746853445211,0.0105425661882972,50.82457991851153,27.383954694225736,37.77005928791845
SUB-018,Control,12.776111111111112,22.0,1040,1.4135246982914158,69.29160438935664,0.0203996531866786,45.41847730004478,38.0327729603928,20.34534086190105
SUB-018,Control,13.026111111111112,22.25,1035,1.305244968052531,68.99923334185176,0.0189168039242666,47.62649802555145,35.17466777931119,25.372182201406037
SUB-018,Control,13.276111111111112,22.5,1152,0.67661625215362,76.83056149001492,0.0088066029849535,76.7404697203496,31.03127538675431,69.99708242675405
SUB-018,Control,13.526111111111112,22.75,1153,0.4294167844118907,76.84643043998415,0.0055879860906129,78.72178264553904,16.3276988580755,75.22055090465827
SUB-018,Control,13.776111111111112,23.0,1018,1.3043600892627467,68.35693781510724,0.0190816050419168,45.98286527422992,38.28012210376624,23.7655038161692
SUB-018,Control,14.026111111111112,23.25,1020,1.174845573886593,68.02101093448864,0.0172718040756273,47.31797318879914,45.99305532763562,9.766502077795264
SUB-018,Control,14.276111111111112,23.5,1227,0.8604450170867144,81.78273475599595,0.0105211083935247,61.150115518162025,21.804166954374228,47.54638164638604
SUB-019,Control,17.17388888888889,0.0,997,0.5266482763394054,66.4465850320792,0.0079258892851325,58.9669146727028,78.78707134068233,13.70506203645272
SUB-019,Control,17.42388888888889,0.25,991,1.2500615545054137,66.03724340599355,0.0189296446979184,17.21432599310218,14.712394280148471,6.719545084087726
SUB-019,Control,17.67388888888889,0.5,992,0.6261274686646059,66.17252217146377,0.0094620463013667,42.34002541314321,47.35145661957997,20.069000222694463
SUB-019,Control,17.92388888888889,0.75,1013,1.05739801672748,67.48864085561118,0.0156677924362076,27.77257118091983,16.149376815886797,17.595289995064487
SUB-019,Control,18.17388888888889,1.0,1068,0.7611075108430607,71.19533275040858,0.0106904130009658,65.18961778079016,57.35346431377099,48.48136714623024
SUB-019,Control,18.42388888888889,1.25,1065,0.5537796217327211,71.03457015747664,0.007795917121833,57.695395964068034,15.91199953881687,52.7374788311475
SUB-019,Control,18.67388888888889,1.5,988,0.8621586813064799,65.86556890718488,0.0130896718211209,35.128424928770755,18.5735210418105,24.65432429583338
SUB-019,Control,18.92388888888889,1.75,977,1.1002718534025024,65.15860039059591,0.0168860572020712,19.650058276196,13.865609360962816,8.458475358810723
SUB-019,Control,19.17388888888889,2.0,1046,0.7361466508712247,69.68099516363266,0.0105645255086056,56.51519095852915,53.904114764243616,33.770030188160185
SUB-019,Control,19.42388888888889,2.25,1008,0.6375488267378252,67.20440562214634,0.0094867117837841,51.43133135686436,18.757137006463573,45.84287802620022
SUB-019,Control,19.67388888888889,2.5,996,0.8910298407946993,66.39299185086018,0.0134205405714542,25.7646702821526,12.407162787769453,17.726863789190016
SUB-019,Control,19.92388888888889,2.75,961,0.5024118433901942,64.11945835404482,0.0078355596925983,68.9829579762643,25.874959742319728,60.1000955469551
SUB-019,Control,20.17388888888889,3.0,894,1.1613019591166898,59.57425068498171,0.0194933540206397,21.98252905621264,11.093666160984716,13.15479972931507
SUB-019,Control,20.42388888888889,3.25,897,0.9915024146910854,59.77555843832744,0.0165870874416682,28.560244174037056,15.30376937694949,8.472669420504062
SUB-019,Control,20.67388888888889,3.5,884,0.9622334499914864,59.15338392152139,0.016266752401994,38.86678803090787,15.389433212000904,24.354571386030614
SUB-019,Control,20.92388888888889,3.75,867,0.5530435310273571,57.78818552651458,0.0095701833512943,45.71619785949235,51.32909038382119,14.7973682700473
SUB-019,Control,21.17388888888889,4.0,906,0.5384638722380993,60.38852618002579,0.0089166586154606,62.39631422825222,50.34125533744939,44.43910856514327
SUB-019,Control,21.42388888888889,4.25,865,0.9317715581045312,57.71957627825507,0.01614307689323,37.15875888986428,18.877958438740528,26.371329223781935
SUB-019,Control,21.67388888888889,4.5,862,0.8973011921756336,57.5719593834947,0.0155857330857646,58.3432302662436,52.65853228174294,25.95596230845525
SUB-019,Control,21.92388888888889,4.75,893,1.0948957522918177,59.65343558364173,0.018354278200065,25.66504744810557,17.88186821230745,10.276272028697148
SUB-019,Control,22.17388888888889,5.0,989,0.1980767327710544,65.96924992495914,0.0030025615418754,106.70292976320825,87.40499179734026,87.25848704247824
SUB-019,Control,22.42388888888889,5.25,930,0.5055091483475436,61.95608002327239,0.0081591531962264,61.92157678723394,74.07271759512273,23.10435010309464
SUB-019,Control,22.67388888888889,5.5,693,0.2193030837624912,58.30748433634921,0.003761148097171,303.7982637958463,384.5280475650142,130.94148220212784
SUB-019,Control,22.92388888888889,5.75,963,0.9112097725576064,64.70071161824565,0.0140834582768428,28.123209720614952,25.733703439720696,7.965972864741699
SUB-019,Control,23.17388888888889,6.0,966,0.5794934254531603,65.33678429392084,0.0088693288430951,49.21335381669809,49.49589400461479,14.728848680071232
SUB-019,Control,23.42388888888889,6.25,994,0.6511619300647756,66.29745815278652,0.0098218234636406,42.70024627982005,26.138237357655854,24.22992848418515
SUB-019,Control,23.67388888888889,6.5,997,0.7304106207397111,66.5387503128389,0.0109772218039204,36.11989769228306,23.036007260853356,15.229400749266242
SUB-019,Control,23.92388888888889,6.75,986,0.6754753450541313,65.8798794652104,0.010253135715144,35.83636843001576,23.93780011011194,19.54889437104463
SUB-019,Control,0.1738888888888894,7.0,967,0.9945641961712282,64.47010507227053,0.0154267500426178,22.544774185806748,10.96578529814299,12.632759586983012
SUB-019,Control,0.4238888888888894,7.25,967,0.8439862773851072,64.5042941716001,0.0130841874672693,29.3365007332936,11.322946159496162,16.76433747210648
SUB-020,PD,16.411666666666665,0.0,1253,0.3329071786576066,84.0888805374172,0.0039589916827287,79.41352555305714,16.56324407575699,74.78717540103858
SUB-020,PD,16.661666666666665,0.25,1269,0.9577335856551304,84.61541880964975,0.01131866507462,26.64894127915477,8.818222100257156,9.85331407019554
SUB-020,PD,16.911666666666665,0.5,1272,0.8817376159330254,84.77287268074215,0.0104011765562514,37.6549282448835,9.949953445324391,23.944360228560345
SUB-020,PD,17.161666666666665,0.75,1307,0.8540010698603367,87.12423369114781,0.0098021071024594,38.511729167543095,8.90961935205251,28.435835079873325
SUB-020,PD,17.411666666666665,1.0,1247,0.4958995467537897,83.1361045368179,0.0059649119900027,80.5489679294959,37.3863285198295,65.15305178020522
SUB-020,PD,17.661666666666665,1.25,1037,1.1864568393197017,69.13387104121921,0.0171617301541281,73.67436184614473,36.01176877560293,52.18274091232729
SUB-020,PD,17.911666666666665,1.5,1307,0.4620078438950991,87.1406918806477,0.005301861092954,60.03742118796742,11.60440983929056,52.59046643329687
SUB-020,PD,18.161666666666665,1.75,1479,0.2076167580296821,98.62761573240508,0.0021050570521037,61.20768111196235,82.27856657061272,13.363296336065025
SUB-020,PD,18.411666666666665,2.0,1469,0.340301170303836,98.59446398908234,0.0034515241174344,60.55259302932143,64.03602953821445,32.41812919187877
SUB-020,PD,18.661666666666665,2.25,1390,0.417952307414288,92.6606951996427,0.0045105673609914,48.34547438098234,24.380665426773483,39.22784122810689
SUB-020,PD,18.911666666666665,2.5,1469,0.2258925029994791,97.96391984608528,0.0023058744827114,51.07887768098538,30.84400851114236,42.78379162426072
SUB-020,PD,19.161666666666665,2.75,1470,0.1780954394390475,97.97692099194413,0.0018177284776451,81.77129201199728,78.30641407984999,40.91653908298495
SUB-020,PD,19.411666666666665,3.0,1327,0.5357159288573996,88.46450420100842,0.0060557161733495,45.92884810124655,25.22481121942852,34.21372333741692
SUB-020,PD,19.661666666666665,3.25,1249,1.0003364929699186,83.2811946083928,0.01201155312041,30.2379349453224,10.059000625794967,22.772447828554824
SUB-020,PD,19.911666666666665,3.5,1334,0.6382491660001918,88.93926261750784,0.0071762363124714,43.17694209817092,25.50386464397003,29.01207310562593
SUB-020,PD,20.161666666666665,3.75,1382,0.5239209928813083,92.08442627138032,0.0056895722121053,35.628478817466736,24.259981559886327,27.70800682654984
SUB-020,PD,20.411666666666665,4.0,1292,0.5539903669101681,86.18121178432463,0.0064282034963325,49.33395586345847,8.675981607584875,42.12737211528026
SUB-020,PD,20.661666666666665,4.25,1226,0.9490938342850278,81.68849542584404,0.0116184516477795,39.39806783472296,10.436865586243128,13.257404498888064
SUB-020,PD,20.911666666666665,4.5,1426,0.4279619632243993,95.08578947543896,0.0045007983378519,43.01791451784168,7.117263420479197,36.60919857405215
SUB-020,PD,21.161666666666665,4.75,1256,0.6640156297718616,83.75929871593527,0.0079276646289008,52.4151463031572,37.85369192076082,32.532300853522486
SUB-020,PD,21.411666666666665,5.0,1255,0.4317538084335141,83.62866208578545,0.0051627492018301,74.59659435531925,33.667598325890324,69.22981111655575
SUB-020,PD,21.661666666666665,5.25,1327,0.6823020025172765,88.48347852758691,0.0077110666744928,39.34301718000696,9.417058748628104,33.383628339591084
SUB-020,PD,21.911666666666665,5.5,1231,0.5445505581451122,82.06101357462042,0.0066359228874249,65.67225955511303,48.68666200213945,52.30428029536915
SUB-020,PD,22.161666666666665,5.75,1209,0.2376059935189352,82.35713523418536,0.002885068705259,97.31300979516412,57.68526875891348,81.26402688071003
SUB-020,PD,22.411666666666665,6.0,1069,1.384172245079781,71.26334104408461,0.0194233419988477,30.99189011983033,29.045424839720457,11.179386526759412
SUB-020,PD,22.661666666666665,6.25,1022,1.0279835191830422,71.21363975792937,0.0144352054280244,56.16343361227752,55.667818122635005,20.95498047368507
SUB-020,PD,22.911666666666665,6.5,1041,0.6142563917566315,69.87538553962122,0.0087907406451207,103.60868338020754,126.53408631669176,30.49882705443493
SUB-020,PD,23.161666666666665,6.75,1069,1.1692165497484333,71.27870484792987,0.0164034482983789,42.344113030911245,32.142706140778415,15.708190492908452
SUB-020,PD,23.411666666666665,7.0,1088,1.3914924749944564,72.5092441511098,0.0191905527534472,24.648058057886573,19.89022310485716,8.066549591467819
SUB-020,PD,23.661666666666665,7.25,1056,1.391545838949298,70.37403979865205,0.0197735676810748,29.637525605674305,22.63956190020415,8.305186098510736
SUB-020,PD,23.911666666666665,7.5,1055,1.3176941172390564,70.33489633102958,0.0187345711158421,25.04767740751757,20.13780795662509,6.1699354707286735
SUB-020,PD,0.1616666666666653,7.75,1060,1.1405642850038626,70.71042856523427,0.0161300717326529,41.91039919361301,34.945782909443004,14.994280534391502
SUB-020,PD,0.4116666666666653,8.0,1047,1.3322102595205745,69.78557764728623,0.0190900513320087,27.54623615306649,20.359695685667848,5.061672153985549
SUB-020,PD,0.6616666666666653,8.25,1081,0.7554548744343808,72.04281249097521,0.0104861935328942,59.71060354488689,46.1499568636691,37.60186778821495
SUB-020,PD,0.9116666666666652,8.5,1087,1.1129010258574392,72.49058856089177,0.0153523519114844,33.7107590057614,15.938099643866796,17.593438681944193
SUB-020,PD,1.1616666666666653,8.75,1077,0.7659521087443801,71.83104697474798,0.0106632457830337,68.87388994911716,38.14109980616437,41.72806672095532
SUB-020,PD,1.4116666666666653,9.0,1159,0.3062508249350263,77.20044583979076,0.0039669566879259,136.2143355526428,35.357427344106675,125.64964293609604
SUB-020,PD,1.6616666666666653,9.25,1190,0.1252558224305122,79.35811069900713,0.0015783619509994,144.09903307601235,31.229797506754156,137.93914562748935
SUB-020,PD,1.9116666666666653,9.5,1018,0.6934723377429354,67.87979009275126,0.0102161827076272,110.5065779520506,47.53119350435952,58.861730190976594
SUB-021,PD,17.959444444444443,0.0,1163,0.4982714025128304,78.02611157577411,0.0063859571167908,56.09883531154782,40.57067100696327,46.26926978224053
SUB-021,PD,18.209444444444443,0.25,1193,0.5952499075081172,79.74092554282983,0.0074647980752167,53.0308846311723,54.19773330409689,8.584491952845864
SUB-021,PD,18.459444444444443,0.5,1242,0.4246550993910903,83.00104698046378,0.0051162619610213,48.349760132625605,27.12122486234432,22.15560751738615
SUB-021,PD,18.709444444444443,0.75,1223,0.5368885328739484,81.89247734230007,0.0065560177234573,47.53234078584585,58.14926613646549,19.906020014261603
SUB-021,PD,18.959444444444443,1.0,1261,0.4005668456241926,84.08226859872887,0.0047639871318867,33.6771287548486,12.98873137982085,28.456617380082136
SUB-021,PD,19.209444444444443,1.25,1112,0.3184931479594392,74.85560676572618,0.0042547667665859,99.57180117689326,57.44765550753426,86.87213093537135
SUB-021,PD,19.459444444444443,1.5,989,0.8239182631653679,65.9408066247508,0.012494816265352,27.910271241058524,7.898200994363743,21.80555881482135
SUB-021,PD,19.709444444444443,1.75,971,1.0292065657798806,64.7437642731329,0.0158966130149305,21.40221844822164,8.860546165475098,12.300473410277291
SUB-021,PD,19.959444444444443,2.0,957,0.9191283168265524,63.805246209132754,0.0144052154240413,24.142119847766327,9.290466161946672,8.13776287941588
SUB-021,PD,20.209444444444443,2.25,944,0.8825774072960068,62.90062500832901,0.014031297895357,30.59040188099047,17.04556926597855,13.59494696548958
SUB-021,PD,20.459444444444443,2.5,924,1.2080453059378526,61.62348539498942,0.019603651078718,20.112383841808438,9.929709626222962,11.415023181012067
SUB-021,PD,20.709444444444443,2.75,896,0.9607306053895288,59.72391022749744,0.0160861973325249,34.9086356676107,23.71857815554445,15.690722534609826
SUB-021,PD,20.959444444444443,3.0,898,0.5702716442178332,59.90660440293529,0.0095193451523667,52.5974953087216,21.61448995795871,41.77035554494845
SUB-021,PD,21.209444444444443,3.25,919,0.6169839787886359,61.215585661298185,0.0100788707993805,61.27082213714306,45.17953775558443,37.12521319544805
SUB-021,PD,21.459444444444443,3.5,1063,0.4896298000776354,71.12905384306553,0.0068836821751899,54.184558385566994,44.07268008577993,31.991360093654457
SUB-021,PD,21.709444444444443,3.75,1074,0.4877187131753747,72.0743291685168,0.0067668852253212,64.49758348868137,72.91613868357197,18.193893101346195
SUB-021,PD,21.959444444444443,4.0,958,0.725493580142772,63.84347020582522,0.0113636301066318,43.98857691030246,52.61239151432716,22.749293677685568
SUB-021,PD,22.209444444444443,4.25,975,1.1368323351211935,64.97913447792875,0.0174953443786995,40.39446292725505,46.42233141721176,10.757584243418007
SUB-021,PD,22.459444444444443,4.5,995,0.5664383554946114,66.71881984801072,0.0084899336766596,79.25273188195445,62.28125503207383,56.20589235016647
SUB-021,PD,22.709444444444443,4.75,974,1.1293007204694248,64.94487908961594,0.0173886030168926,33.50806395047445,22.6181038731374,14.104962898852548
SUB-021,PD,22.959444444444443,5.0,1064,0.3159766183356434,71.5937458646313,0.004413466770311,85.273925866889,68.4442422644399,67.78142835591733
SUB-021,PD,23.209444444444443,5.25,973,0.4222284017240261,65.93570421771658,0.0064036383130124,71.5830369255377,84.77088462826394,24.19946601371617
SUB-021,PD,23.459444444444443,5.5,979,0.9066738161488576,65.24774482066867,0.0138958644262851,38.93043022995533,24.370520929773907,25.25161564008125
SUB-021,PD,23.709444444444443,5.75,972,1.0503611626729663,64.82045445451676,0.0162041622742707,46.74026675933729,42.08151326902739,18.683681247504307
SUB-021,PD,23.959444444444443,6.0,962,1.0816942699530503,64.12079415580953,0.0168696330760439,40.62626129008009,18.604571288820143,28.700636461394534
SUB-021,PD,0.2094444444444434,6.25,973,0.34669451103718,66.10383669476288,0.0052446957449392,97.32654419195562,79.74428008177964,68.36471623283622
SUB-021,PD,0.4594444444444434,6.5,1058,0.3305575950687962,70.94576471219355,0.0046592999090188,77.89564941973136,82.34515585343206,40.830079175001366
SUB-021,PD,0.7094444444444434,6.75,1111,0.2417419342046303,74.68221407108814,0.0032369411808616,66.99773790018905,83.89435119340374,31.333940959022197
SUB-021,PD,0.9594444444444434,7.0,1071,0.3606556131963338,71.87501398128968,0.0050178162510023,69.29703308500153,51.76511472800711,50.44872271725512
SUB-021,PD,1.2094444444444434,7.25,931,0.8029305652512402,62.06342557666433,0.0129372582610576,39.36855329545949,48.89422421196928,7.66283367161775
SUB-021,PD,1.4594444444444434,7.5,942,1.0482454073783871,62.78151433189117,0.0166967206594745,30.658094635548288,33.88602199604225,13.86834700350076
SUB-021,PD,1.7094444444444434,7.75,975,1.026428124879848,65.01466441875223,0.0157876401279061,41.99040659842756,33.73789234491089,19.83147455790416
SUB-021,PD,1.9594444444444437,8.0,944,0.9827686249604038,62.95053981421588,0.0156117584989869,45.15812013886293,34.13827847540134,22.56560999895588
SUB-021,PD,2.2094444444444434,8.25,918,0.7654258900958878,61.21884179908705,0.0125031096244506,53.488973941432064,49.11784507153283,33.71370149257644
SUB-021,PD,2.4594444444444434,8.5,910,0.8343160306051548,60.783912079299625,0.0137259350717126,65.4760874741609,73.60512191007594,24.006442144389013
SUB-021,PD,2.7094444444444434,8.75,942,0.9590780380543432,62.79462757075228,0.0152732498807119,76.46666866415656,62.10228613033694,35.37620514917786
SUB-021,PD,2.9594444444444434,9.0,1017,0.3589225870128658,67.8238136945861,0.0052919847390049,100.14360189947918,38.48632030207228,85.30739759396653
SUB-021,PD,3.2094444444444434,9.249999999999998,858,0.7193082519679013,57.152373022481264,0.0125857985229232,67.27489173114523,16.833698214175268,59.732422704902426
SUB-021,PD,3.4594444444444434,9.499999999999998,1011,0.1556882535613107,67.42442262419499,0.002309078038815,147.9432012043127,42.55435661981899,153.2739276953119
SUB-021,PD,3.709444444444443,9.749999999999998,1099,0.5984644478266791,73.26178254783014,0.0081688491190609,43.96318834687784,41.0295774960966,26.961734773394344
SUB-021,PD,3.959444444444443,9.999999999999998,1062,0.2583203736033505,71.28011114864789,0.0036240175476809,79.99048821142526,48.69003114492223,67.8266279612574
SUB-021,PD,4.209444444444443,10.249999999999998,994,0.3928195338775723,66.46687967867655,0.0059100041370468,90.05830400154235,55.6444890725851,78.06964617774607
SUB-021,PD,4.459444444444443,10.499999999999998,1041,0.312591807908121,69.43247897071852,0.004502097758024,83.60532234409014,73.09049317324171,57.42892842420723
SUB-021,PD,4.709444444444443,10.749999999999998,921,0.94675563275654,61.43112510338571,0.0154116603132889,50.71083922997707,35.070766966979406,28.719717069686837
SUB-021,PD,4.959444444444443,10.999999999999998,953,0.7034083126006709,63.51371465258509,0.0110749043170952,55.03602814277488,24.08065927794553,40.60680479721189
SUB-021,PD,5.209444444444443,11.249999999999998,1087,0.4363277268661285,72.4425191602799,0.0060230888147435,84.15271504580684,90.67579813998952,48.45481004527137
SUB-021,PD,5.459444444444443,11.499999999999998,1027,0.4915174117174395,68.50419174058679,0.0071749976056754,73.53363479490736,48.79163639063987,61.37954788927857
SUB-021,PD,5.709444444444443,11.749999999999998,954,0.7771774403435856,63.53991947613978,0.0122313255470118,66.84865467775816,64.61026105974008,37.79854417006126
SUB-021,PD,5.959444444444443,11.999999999999998,999,0.594638709130194,66.6596974623941,0.0089205131701303,95.31370604627492,38.43491231900939,84.91800203056603
SUB-021,PD,6.209444444444443,12.249999999999998,1093,0.3110409728439525,72.81747441728255,0.004271515530208,82.46438610263185,99.51340403391688,38.12077892579909
SUB-021,PD,6.459444444444443,12.499999999999998,1106,0.3744679212534517,74.36910656209865,0.0050352617984023,69.7778611181218,79.80700135992674,37.48980299530584
SUB-021,PD,6.709444444444443,12.749999999999998,958,0.8222032622190915,63.87653204217096,0.0128717579983252,50.32377592910231,25.49845816634849,33.22342822489826
SUB-021,PD,6.959444444444443,12.999999999999998,972,0.783496607363533,64.77927063339732,0.0120948661462637,67.36698760941783,39.06901917794024,50.33849619944473
SUB-021,PD,7.209444444444443,13.249999999999998,1139,0.302889847390254,76.37512097756579,0.0039658182339144,69.67242095445182,76.15841181829761,26.954506292102128
SUB-021,PD,7.459444444444443,13.499999999999998,1144,0.6439627855425589,76.31669650103957,0.0084380327643477,49.85734113142627,61.00763688695198,22.683647671700857
SUB-021,PD,7.709444444444443,13.749999999999998,1146,0.230320301439454,76.36953704022507,0.0030158661472327,66.78518957179897,70.29916731913822,43.66636856490432
SUB-021,PD,7.959444444444443,13.999999999999998,1238,0.5480103695860136,82.56847080479804,0.0066370415274079,56.25631288049285,66.64399439321068,21.195026679411807
SUB-021,PD,8.209444444444443,14.249999999999998,1254,0.3743711990643605,83.54959174631306,0.0044808261924377,64.10448674565866,81.32533464957842,29.18334329819228
SUB-021,PD,8.459444444444443,14.499999999999998,1247,0.4069119526995671,83.53746904468953,0.0048710112642015,67.04566989263178,91.15505020661304,31.235882578935968
SUB-021,PD,8.709444444444443,14.749999999999998,1270,0.2920977459047885,85.18496988342403,0.003428982205482,69.72144720809017,93.90805824983988,26.9635278100548
SUB-021,PD,8.959444444444443,14.999999999999998,1164,0.3187419351505545,77.82682194885761,0.0040955280861912,95.42505328288767,105.40055849002223,66.11453187844256
SUB-021,PD,9.209444444444443,15.249999999999998,1065,0.5111835353710329,70.96948312225743,0.007202864004102,70.6431755712603,71.093149474866,52.327971942569526
SUB-021,PD,9.459444444444443,15.499999999999998,1215,0.7775631416449935,81.00639050413976,0.0095987876611445,32.685654869124114,33.43532447233041,12.841560557326185
SUB-021,PD,9.709444444444443,15.749999999999998,1223,0.2721220653092941,82.57757261548538,0.0032953507434325,75.91317476655655,81.68591799102221,35.501954977188845
SUB-021,PD,9.959444444444443,15.999999999999998,1189,0.5906507267952161,79.27274424372536,0.0074508676649221,38.72775826559944,10.860261792207693,34.651977567763275
SUB-021,PD,10.209444444444443,16.249999999999996,1127,0.3039462578621322,76.10125676239909,0.0039939715951223,81.61582617677047,63.53101646665169,66.41125440560748
SUB-021,PD,10.459444444444443,16.499999999999996,1217,0.2850324059626933,81.1732886298478,0.0035114064093478,70.99752749339949,82.26644572427608,30.73243100504224
SUB-021,PD,10.709444444444443,16.749999999999996,1190,0.5446474126614375,79.28681839987208,0.0068693311656747,45.59443252777712,33.83602173268455,23.02066453247882
SUB-021,PD,10.959444444444443,16.999999999999996,1238,0.965600708497822,82.52077183806465,0.0117013048592501,20.117702313341837,7.95048337736207,12.500631222936232
SUB-021,PD,11.209444444444443,17.249999999999996,1222,0.6382697317478907,81.49473707610399,0.0078320362105327,33.18571731509454,12.533199155885184,24.340650214279737
SUB-021,PD,11.459444444444443,17.499999999999996,1245,0.2798375555647491,83.54461808254477,0.0033495581401576,68.41612472957638,71.94274138914369,21.59753685030933
SUB-021,PD,11.709444444444443,17.749999999999996,1280,0.3175234425456901,85.34708369681782,0.0037203783514577,56.633941260971525,60.60291294216673,22.9035710610805
SUB-021,PD,11.959444444444443,17.999999999999996,1253,0.2893695705418485,83.91870668302326,0.0034482129429717,80.10213814490052,92.92935067701912,23.19841966374885
SUB-021,PD,12.209444444444443,18.25,1296,0.243666648720526,87.00925816103427,0.0028004680636347,83.1786528257398,86.0620320412745,43.86531799780446
SUB-021,PD,12.459444444444443,18.5,1378,0.1907116300154125,91.89413280191523,0.0020753406577817,50.54438073120655,58.28087276902221,19.35611576688014
SUB-021,PD,12.709444444444443,18.75,1237,0.4429713155218957,82.4474289332489,0.0053727729445697,56.38167497700769,28.536781466033087,44.232392373008565
SUB-021,PD,12.959444444444443,19.0,1225,0.4734202099271801,81.65559779674311,0.0057977679755112,52.418538946541766,36.45821988777868,40.98478449094238
SUB-021,PD,13.209444444444443,19.25,1193,0.5100387696457542,79.53854752700454,0.0064124727632546,55.85692894069577,15.256696186379603,51.31589714974656
SUB-021,PD,13.459444444444443,19.5,1166,0.3225865237944916,80.16160653209386,0.0040242023301434,86.00413869622162,92.5840854333858,41.708363693074375
SUB-021,PD,13.709444444444443,19.75,1329,0.2844245401242745,88.61535999573259,0.0032096528202105,57.075157390974816,61.54716454764933,25.853721730984507
SUB-021,PD,13.959444444444443,20.0,1332,0.2576134664510455,89.0537041081481,0.0028927877737482,63.67542631809639,68.9518827424896,22.33868741244741
SUB-021,PD,14.209444444444443,20.25,1328,0.2585564912129917,89.00863946809295,0.0029048471334704,71.05854168763726,97.18349784404096,30.614405373287216
SUB-021,PD,14.459444444444443,20.5,1137,0.3821578537462515,75.82696069713676,0.0050398677493173,91.0223275673903,68.12442014225375,75.15780906252085
SUB-021,PD,14.709444444444443,20.75,1049,0.3094889951888671,69.88713017505094,0.0044284118465541,90.29727978375928,75.78753195612059,69.60673697860511
SUB-021,PD,14.959444444444443,21.0,952,0.7379203043846255,63.52094178247859,0.0116169610159679,42.71492675986703,59.15900262858065,21.582318837710773
SUB-021,PD,15.209444444444443,21.25,1200,0.2330074743160987,79.97760627024432,0.0029134089551113,80.33256085555435,64.45840963088877,49.43837842027516
SUB-021,PD,15.459444444444443,21.5,1254,0.3777255552186727,83.5922909331695,0.0045186649510617,56.09624607661424,68.06307224678584,18.61101098516876
SUB-021,PD,15.709444444444443,21.75,1067,0.7400430016568091,71.15412615019723,0.01040056342052,55.287501846322655,75.61412730207752,23.52322638195629
SUB-021,PD,15.959444444444443,22.0,1122,0.4493826755349998,74.8093927348656,0.0060070354684962,70.56793534393955,43.61052381810568,56.68249692411369
SUB-021,PD,16.209444444444443,22.25,1183,0.7001496857526428,78.89173670744259,0.0088748164886905,37.372730713484366,13.328277383194877,22.264440112169687
SUB-021,PD,16.459444444444443,22.5,1213,0.43995422914849,80.84205475221988,0.0054421455577415,51.42018667394005,37.4010024397522,31.773711125326106
SUB-021,PD,16.709444444444443,22.75,1237,0.3760114240708927,82.75133124615344,0.004543871601925,43.33066914945427,32.88538003527897,29.617757933694
SUB-021,PD,16.959444444444443,23.0,1205,0.7613880725856886,80.30745648624331,0.0094809138017727,32.51257183678972,13.181079765610075,22.21783718893439
SUB-021,PD,17.209444444444443,23.25,1227,0.6990020950398845,81.77283324762107,0.0085480968101373,34.83009406898791,21.54304466054716,19.33368781807838
SUB-021,PD,17.459444444444443,23.5,1173,0.4491854153079463,78.98174374812028,0.0056872055995678,52.080615338359934,42.39985188975355,33.68385189456517
SUB-022,PD,14.4975,0.0,1453,0.1534211231352699,100.25172174685004,0.0015303589849826,77.02394527630855,103.6316220340078,26.12930487648352
SUB-022,PD,14.7475,0.25,1540,1.017062629237402,102.68412296757116,0.009904770083673,10.45641326645323,3.754140014898484,5.320142845805981
SUB-022,PD,14.9975,0.5000000000000001,1527,0.8750806102646294,101.84118910314838,0.0085926000861823,15.154457002030062,3.657520663643657,12.32828663216641
SUB-022,PD,15.2475,0.75,1487,0.6724975461162076,99.1304695642126,0.0067839640937097,22.379454086453123,24.550138221110675,9.099370955327956
SUB-022,PD,15.4975,1.0,1529,0.9533613677364288,101.89699007354044,0.0093561288419645,13.858148889345356,3.975135415389095,10.343659853484356
SUB-022,PD,15.7475,1.25,1533,0.9767875493641514,102.17808847658225,0.0095596576910715,12.735775490632012,4.165787548685517,5.601903620844876
SUB-022,PD,15.9975,1.5,1554,1.0085304569892313,103.6550523500259,0.0097296796839539,11.847433463907086,3.956459746827695,5.588656015010811
SUB-022,PD,16.2475,1.75,1533,0.8912593419225651,102.45887943537338,0.0086987028048138,18.291583746094325,9.011125992067177,9.358060498088
SUB-022,PD,16.4975,2.0,1578,0.3702307602516246,105.17779579866472,0.0035200467688097,40.87106638251024,53.64196461527987,10.220827055892816
SUB-022,PD,16.7475,2.25,1508,0.454544770756572,100.6235591246818,0.0045172797972028,40.76012355593374,36.71715271166179,30.13863866675574
SUB-022,PD,16.9975,2.5000000000000004,1543,0.907939020714822,102.92430427706182,0.0088214249014571,15.363083971551005,10.63234182139588,9.479222050142702
SUB-022,PD,17.2475,2.7500000000000004,1498,0.9661259350125468,100.68343304966174,0.0095956793064059,14.34951321699424,4.806961662788846,7.297706219040983
SUB-022,PD,17.4975,3.0000000000000004,1474,0.8622743384384822,98.3274111562254,0.0087694197202901,15.424724744843523,4.9689463368579805,12.345452851173256
SUB-022,PD,17.7475,3.2500000000000004,1445,0.5932355536657711,96.2917139147635,0.0061608162275613,30.625220758356942,5.480322391794624,27.710751404901583
SUB-022,PD,17.9975,3.5000000000000004,1496,1.0795283382944425,99.76270790843972,0.0108209606668376,15.70250300979525,5.177388450808821,9.522814955996868
SUB-022,PD,18.2475,3.75,1473,0.8901800798328683,98.8367281665664,0.0090065717101913,16.379570763918835,5.22334069762621,7.3324453899605935
SUB-022,PD,18.4975,4.000000000000001,1481,0.9451489813900024,98.74309792857294,0.0095717979404868,12.811425634414691,3.9879887229095887,10.44307163989722
SUB-022,PD,18.7475,4.250000000000001,1496,0.8561405898041764,99.74940407065584,0.0085829143319767,13.873193494561969,3.3353282770544586,8.983208819458962
SUB-022,PD,18.9975,4.500000000000001,1496,0.5066063160945031,99.75505776813615,0.0050785025584569,24.824075735218862,4.581334823230213,22.34197429717494
SUB-022,PD,19.2475,4.75,1372,0.3457663609452538,91.45416793038284,0.0037807611043868,40.5619440947092,36.18842011675898,30.74731611635146
SUB-022,PD,19.4975,5.0,1292,1.0132858286032145,86.15123364521295,0.0117617100269987,13.123784437124067,6.398041431529357,6.25776252984646
SUB-022,PD,19.7475,5.25,1209,0.8150797496757622,81.18716360881083,0.0100395150347056,21.34722938643344,8.188891684463018,19.676049491499683
SUB-022,PD,19.9975,5.5,1187,1.182330479263652,79.14089568558774,0.0149395640398212,15.64660910226835,9.155164227935629,10.945329910545668
SUB-022,PD,20.2475,5.75,1153,1.388177577915111,77.37034762973626,0.0179419844997773,12.426944654852042,10.515448291812278,5.244233372674803
SUB-022,PD,20.4975,6.0,1182,1.0588276038216091,78.82706395862579,0.0134322851904944,21.621460063990696,9.951916575335558,18.61520480965518
SUB-022,PD,20.7475,6.25,1165,1.1223961038816104,77.65467333378511,0.0144536839277809,21.866089444319485,10.671967647570453,17.161944507976834
SUB-022,PD,20.9975,6.5,1111,1.2105770029475915,74.09424619163799,0.0163383402243751,21.54356516660082,12.872661162533776,12.47828627036575
SUB-022,PD,21.2475,6.75,1155,0.6910860911115988,77.23685970308948,0.0089476202653531,34.76394871005228,11.858385942349502,31.139282346021297
SUB-022,PD,21.4975,7.0,1251,0.5238508291878847,83.44441096983839,0.0062778420160127,31.622319187930245,9.265290065615863,28.920156732348698
SUB-022,PD,21.7475,7.25,1201,1.112720674170502,80.06595496928915,0.013897550770453,13.851822343541109,8.699808427009566,8.26306170562761
SUB-022,PD,21.9975,7.5,1288,0.37967347488864,85.8973988471431,0.004420081166419,47.11290083723712,22.43150672987649,42.82262166604989
SUB-022,PD,22.2475,7.75,1264,0.2124709208954615,85.47625058607134,0.0024857304741217,65.82345662600908,53.5149988964623,50.79990691413613
SUB-022,PD,22.4975,8.0,1193,1.086862774717356,79.59055009545752,0.0136556761250402,12.372879098093232,7.795143471737158,7.34997711720715
SUB-022,PD,22.7475,8.25,1179,1.1845709077966795,78.56281360156193,0.0150780102378248,13.78089625233589,8.173261719211618,5.542080502133529
SUB-022,PD,22.9975,8.5,1162,1.2909516342668657,77.46382632636804,0.0166652190511203,10.267858543648556,7.4197979918222,5.192882489520593
SUB-022,PD,23.2475,8.75,1138,1.3373092927238877,76.2132676717561,0.0175469355084414,11.066894452698826,8.628255315978619,5.103639474274229
SUB-022,PD,23.4975,9.0,1134,1.3257158542091994,75.60453627217633,0.0175348718420363,11.742358825875325,8.94589996666586,6.774768820936985
SUB-022,PD,23.7475,9.25,1129,0.8822465510952,75.237073417789,0.0117262210106992,24.14964723855669,10.080878606310923,20.563792125272364
SUB-022,PD,23.9975,9.5,1107,0.957637858712726,73.79901601311983,0.0129762957617548,24.01752301879657,12.834282469618072,19.39835728112197
SUB-022,PD,0.2474999999999987,9.75,1103,1.155355220970391,74.16513790255432,0.0155781443093709,18.8259283534222,12.997207573886527,12.019968883458414
SUB-022,PD,0.4974999999999987,10.0,1115,1.1501241896971806,74.32020343072723,0.015475256210368,19.88430651025389,14.008621351594591,11.633315491055388
SUB-022,PD,0.7474999999999987,10.25,1102,1.2922678330204227,73.47491218458961,0.0175878785642354,16.388097668970182,14.32520945029189,8.930687010485054
SUB-022,PD,0.9974999999999988,10.5,1098,1.2455745870900767,73.20967994657072,0.0170137963722708,16.47229206765951,13.647469304374932,10.550921875120592
SUB-022,PD,1.2474999999999987,10.75,1092,1.3260681177891918,72.77832823114895,0.0182206454863528,15.185508164338485,14.971558737678151,6.256238946841367
SUB-022,PD,1.4974999999999987,11.0,1088,1.246896696744419,72.5426832791782,0.017188455684025,18.71588965766245,14.796752422228002,9.820627224079647
SUB-022,PD,1.7474999999999987,11.25,1093,1.1725313393166583,72.87314427949151,0.016090033590696,22.368217868354087,14.594174411042466,15.664910881242974
SUB-022,PD,1.9974999999999987,11.5,1141,0.7605736929258777,76.13036240321068,0.009990412089432,32.70447239398047,12.229529979061825,26.62869640683638
SUB-022,PD,2.2474999999999987,11.75,1050,1.1413501508180728,70.64205781435716,0.0161568078016281,26.165448860257317,18.01212386954149,18.242728302190685
SUB-022,PD,2.4974999999999987,12.0,1071,1.1156465873495307,71.42126766637176,0.0156206494760219,27.037289879420975,15.865556651137938,20.086329543966443
SUB-022,PD,2.7474999999999987,12.25,1049,1.2213984535915876,69.87851751847995,0.0174788833101471,21.52975259748909,15.659880913627909,13.534696080392548
SUB-022,PD,2.9974999999999987,12.5,1020,1.135134243869233,68.25169709183088,0.0166315900151455,23.13872061241925,28.478957677941487,6.074678221440613
SUB-022,PD,3.2474999999999987,12.75,1060,0.9701460810896524,70.69918829328158,0.0137221671777219,34.84041287864941,17.885270710955282,28.622949103731056
SUB-022,PD,3.4974999999999987,13.0,1063,1.138402951211886,70.87044642380927,0.0160631547938074,33.89806411254178,19.612992926257423,24.973762509237545
SUB-022,PD,3.747499999999999,13.25,1045,1.1729095703120491,69.67069208443154,0.0168350497923953,28.50303414564653,19.263448802592823,17.526909983061458
SUB-022,PD,3.997499999999999,13.5,1020,1.0342907164978226,68.52121806541761,0.0150944589967793,37.18178918628661,20.865662191384803,27.03192942651962
SUB-022,PD,4.247499999999999,13.75,1008,1.2739778247877909,67.18066689697076,0.0189634590371301,26.14704959536582,26.58603541422965,14.627268217901628
SUB-022,PD,4.497499999999999,14.0,992,1.3591338355779572,66.1533998646256,0.0205451849543523,22.755106293560484,22.70841360456347,7.905769584303845
SUB-022,PD,4.747499999999999,14.25,988,1.3702195823867356,65.90423207895167,0.0207910712129267,25.001425269783997,25.63880907728989,7.252601858854606
SUB-022,PD,4.997499999999999,14.5,1115,0.9402405021911026,74.27960441946992,0.0126581247913141,46.08235643631579,20.778799961202,40.81415789942609
SUB-022,PD,5.247499999999999,14.75,1074,1.336946437418293,71.6016707056498,0.018672000586612,31.430836302495926,25.29111031470556,11.265529810049442
SUB-022,PD,5.497499999999999,15.0,1141,0.782339688408558,76.08391235346679,0.0102825901587973,42.79761788202597,17.402586014727813,38.4002509649819
SUB-022,PD,5.747499999999999,15.25,1163,1.1074324617963147,77.53979498291524,0.0142821174861285,27.45029467209193,15.221825077562496,18.640067893173757
SUB-022,PD,5.997499999999999,15.5,1127,1.2590226758187286,75.3799934229228,0.0167023452596357,29.42660715991093,20.225570752287133,15.557938425096538
SUB-022,PD,6.247499999999999,15.75,1143,1.0976631902700034,76.22845862455317,0.0143996508663031,31.68822180018516,18.15208662073082,21.33897503250305
SUB-022,PD,6.497499999999999,16.0,1192,1.0211884991208986,79.42809991148742,0.0128567660596046,30.656874097710244,13.32321194345959,24.25235810696694
SUB-022,PD,6.747499999999999,16.25,1312,0.2882938358676276,87.55373399102442,0.0032927645998191,97.42918969721404,113.92918699403944,57.41696599774115
SUB-022,PD,6.997499999999999,16.5,1238,0.6358232504208227,82.782600942839,0.0076806387233454,53.90603366489452,15.271617859456503,48.67511964449013
SUB-022,PD,7.247499999999999,16.75,1179,1.018783820919645,78.60925842376992,0.012960099628819,26.482940781973436,17.076428615534926,12.067434924095444
SUB-022,PD,7.497499999999999,17.0,1287,0.4851802284054673,85.84864756695461,0.005651576840824,49.8366167664625,35.76744699284102,41.48720901485664
SUB-022,PD,7.747499999999999,17.25,1341,1.1727859093106932,89.40059600397336,0.013118323162617,16.2903237199182,7.489046728090457,7.491128772723509
SUB-022,PD,7.997499999999999,17.5,1359,1.1303782775459426,91.23856860404096,0.0123892592227261,21.41461216692504,8.277540277679165,9.163609248694804
SUB-022,PD,8.247500000000002,17.75,1381,0.9502852820263458,92.0555177206316,0.0103229584228753,25.39206369099917,7.692693691541608,20.627150064925846
SUB-022,PD,8.497500000000002,18.0,1432,1.0301007723345503,95.51898984666046,0.0107842511105718,17.975251056255946,6.32676477204445,9.928350999957091
SUB-022,PD,8.747500000000002,18.25,1497,0.8934204057094316,99.7868059667666,0.0089532919412911,16.22104659225889,4.559910168924724,12.669263962502468
SUB-022,PD,8.997500000000002,18.5,1417,0.5386942732302342,94.88034497073907,0.005677617143955,42.79325763783357,51.40918848821628,11.28198382033479
SUB-022,PD,9.247500000000002,18.75,1308,0.744471526978219,87.17675286590243,0.0085397941825544,25.69647575372429,8.247927564232132,21.16810839589953
SUB-022,PD,9.497500000000002,19.0,1309,1.280834543586281,87.30576024597681,0.0146706762529486,17.423328731413743,7.511255570452141,7.474939153671864
SUB-022,PD,9.747500000000002,19.25,1272,1.0813813561431822,84.78163064669322,0.0127549015971345,16.706681357478377,8.30477666765378,12.208584249470857
SUB-022,PD,9.997500000000002,19.5,1294,0.4067748912424651,86.55441200078484,0.0046996436327102,56.65007254372871,31.601614298884115,48.791424159778856
SUB-022,PD,10.247500000000002,19.75,1436,0.8971041961412481,95.73354607454684,0.0093708447344328,21.419334021060468,6.039706017720382,14.857411301080358
SUB-022,PD,10.497500000000002,20.0,1422,0.5276511959825951,94.78567683105663,0.005566781961404,33.32234321182002,12.421180068162377,31.32108310298339
SUB-022,PD,10.747500000000002,20.25,1409,0.6721716879550191,93.94606824480653,0.007154867686463,22.195480548368792,25.552975275974138,7.365616793386144
SUB-022,PD,10.997500000000002,20.5,1426,0.8712000632651182,95.33275096714384,0.009138518026878,16.583441981952962,6.264295930810735,12.301706880778887
SUB-022,PD,11.247500000000002,20.75,1379,0.6125665598870335,91.96378356389116,0.006660954303402,22.266758114526308,5.9051526047953775,18.665639531538076
SUB-022,PD,11.497500000000002,21.0,1294,0.8392333517288758,86.2964868971389,0.0097250001929881,20.025687314601942,7.735175927910809,16.769386686900166
SUB-022,PD,11.747500000000002,21.25,1240,1.1345014401781022,82.65289118480254,0.0137260950453806,19.797266826585304,9.905648513742282,11.65548971731864
SUB-022,PD,11.997500000000002,21.5,1301,0.5920493430449335,87.56854263329355,0.0067609820289487,36.1211208684083,27.027365049861253,28.74791843467388
SUB-022,PD,12.247500000000002,21.75,1377,1.0018795902682525,91.7852123824495,0.0109154793486082,20.19064531967601,6.97378813344889,6.876712490329535
SUB-022,PD,12.497500000000002,22.0,1427,0.8756850821266614,95.15617081432876,0.00920260950638,20.429336100195307,5.356963197414858,15.85943158000528
SUB-022,PD,12.747500000000002,22.25,1413,0.7191503757462993,94.19769738961936,0.0076344793522049,24.67319737837008,6.482161182640687,21.684523590098078
SUB-022,PD,12.997500000000002,22.5,1423,0.5233352040103288,95.11926114905135,0.0055018846623531,29.13295196768938,24.771416312033487,17.926120941359205
SUB-022,PD,13.247500000000002,22.75,1421,0.9696028221092404,94.76987238413032,0.010231129342236,15.86114893175058,5.852771102432145,10.9346647628141
SUB-022,PD,13.497500000000002,23.0,1464,0.3700858068264271,97.71030407660204,0.0037875821831062,43.068994469440426,56.99848302954363,12.819827411117554
SUB-022,PD,13.747500000000002,23.25,1462,1.00987431213816,97.500900316111,0.0103575896105985,14.803713926584248,11.533601180654175,6.514876311703337
SUB-022,PD,13.997500000000002,23.5,1467,0.9309221167645638,98.53407888771346,0.0094477172494342,12.09123032070427,4.494577603160524,6.670049531598977
SUB-023,PD,17.40694444444444,0.0,1227,0.3014201109285989,91.32941236308962,0.0033003618782771,118.1514990749639,166.8437791941647,27.4085760985212
SUB-023,PD,17.65694444444444,0.25,1323,0.7449015807871545,88.7123631820224,0.0083968181442618,39.43935966092699,50.47780027622214,11.601893506741332
SUB-023,PD,17.90694444444444,0.5,1306,0.9285329220626902,87.0686982696263,0.0106643712438113,32.403524963459745,23.24849931299897,18.080571564640223
SUB-023,PD,18.15694444444444,0.75,1318,0.9041122583413344,87.82948551779747,0.0102939491562674,45.387795583753245,31.088393828366858,17.653798093189938
SUB-023,PD,18.40694444444444,1.0,1292,0.6924505762757052,86.16052176464574,0.0080367500346294,48.87500210333983,61.83511720371533,15.226014879752066
SUB-023,PD,18.65694444444444,1.25,1315,0.6564375676525405,88.70371161512708,0.0074003393510829,51.83538434690533,60.03916149682646,18.44459598760411
SUB-023,PD,18.90694444444444,1.5,1356,0.8887329745158817,90.40040177956348,0.0098310732808799,27.989889837232173,30.21899160916093,11.031869815715089
SUB-023,PD,19.15694444444444,1.75,1352,0.6673694493573807,91.1827454189438,0.0073190321950838,44.17416827578243,37.336894238200266,30.72468862816897
SUB-023,PD,19.40694444444444,2.0,1239,0.3238110203115329,83.5274329303028,0.0038767026466828,85.56407255930407,99.27348364863126,39.613575559119965
SUB-023,PD,19.65694444444444,2.25,1256,0.3118350150819456,84.90052691051534,0.0036729455803097,74.82446352593733,67.33570532158535,50.1227796035443
SUB-023,PD,19.90694444444444,2.5,1323,0.448799508630821,88.96051354580155,0.0050449293820651,69.2479389084957,96.85140762451636,20.15973590413818
SUB-023,PD,20.15694444444444,2.75,1188,0.8255009419880934,79.40566066111228,0.0103959961432871,29.427128722976168,21.72753853795412,15.081348755706223
SUB-023,PD,20.40694444444444,3.0,1163,0.6195841942109361,77.51524644249675,0.0079930623025311,38.83428337606731,33.712436864034785,11.332132739801471
SUB-023,PD,20.65694444444444,3.25,1281,0.5457592346559116,85.39696366351419,0.0063908505787903,51.92299856570925,50.85899625435013,32.749800022547895
SUB-023,PD,20.90694444444444,3.5,1371,0.3454468904942342,91.4102582623161,0.0037790823159357,61.35403715723856,35.54583758111582,49.82967819372499
SUB-023,PD,21.15694444444444,3.75,1355,0.6123177884326607,90.3208891219432,0.0067793596186366,47.75430676818053,40.8236742361445,28.410826423698037
SUB-023,PD,21.40694444444444,4.0,1227,0.6340082017221691,81.81445388685334,0.0077493422201287,52.09895343362106,37.358356748167175,38.70378464629996
SUB-023,PD,21.65694444444444,4.25,1140,0.9248990761832794,75.9849718611208,0.0121721315877267,27.852045223778823,23.58257492749066,13.254904651712968
SUB-023,PD,21.90694444444444,4.5,1208,0.6391148526700126,80.53404919154836,0.0079359582572322,58.10814099567624,32.58244275384809,48.49373232823138
SUB-023,PD,22.15694444444444,4.75,1136,0.305815782850207,76.10073075012141,0.0040185656541769,90.95037241169165,90.12323916662928,55.4349109054695
SUB-023,PD,22.40694444444444,5.0,1104,0.9306017255613686,73.57089862232273,0.012649046606575,27.806158556168477,20.640272581078356,12.907836125447451
SUB-023,PD,22.65694444444444,5.25,1157,0.4716456436606398,77.15527972401038,0.0061129406224402,75.5607315776899,94.06440129876712,28.173887646659875
SUB-023,PD,22.90694444444444,5.5,1118,0.4511717743776381,74.48160999306037,0.0060574922376097,80.03679958023676,58.928541160413424,56.53186741437104
SUB-023,PD,23.15694444444444,5.75,1049,0.940089883792686,69.93683017484207,0.013441985881294,30.9605108087521,24.031527479065897,13.794935139528674
SUB-023,PD,23.40694444444444,6.0,1048,1.2447422772248515,69.88825437190599,0.017810464553901,19.971560796938387,15.11105024614594,6.776755423193668
SUB-023,PD,23.65694444444444,6.25,1008,0.9864175765849004,67.19328067193281,0.0146803008681928,44.77037415888515,16.000031032740512,35.928551825331056
SUB-023,PD,23.90694444444444,6.5,1002,1.1857055224501227,66.82531937100613,0.0177433573623079,44.70420341154077,16.543950486576588,22.86065563157903
SUB-023,PD,0.1569444444444414,6.75,1001,0.7440477428200764,66.75128201138529,0.0111465685811572,61.596713701796936,30.901957866776016,46.79547951560011
SUB-023,PD,0.4069444444444414,7.0,936,0.8777804024453898,62.3453439151677,0.0140793256933472,34.99446612536651,18.81321074127757,20.200699542243196
SUB-023,PD,0.6569444444444414,7.25,951,0.8899361634198764,63.430376102333454,0.0140301259129241,35.74501460284893,15.79170335134377,29.669997631367927
SUB-023,PD,0.9069444444444414,7.5,948,1.2538849056739647,63.19318917849965,0.0198420893449792,31.590839048595967,18.9522547995012,17.306168664436445
SUB-023,PD,1.1569444444444414,7.75,923,1.341891468912997,61.53394867282006,0.0218073355904383,28.390392813921405,24.309554641224167,6.744962924861078
SUB-023,PD,1.4069444444444414,8.0,1032,0.5983924719626142,68.79151571306205,0.0086986376991398,48.26954587343359,27.52556346444006,37.55661613017111
SUB-023,PD,1.6569444444444414,8.25,1030,0.8868406190561633,68.70246828625139,0.0129084244158609,39.903334434048645,27.821082538694977,21.842275476176223
SUB-023,PD,1.9069444444444412,8.5,1114,0.3115042171553025,74.77773091428193,0.0041657350837829,106.96609154789104,81.13474754788223,86.97997188872431
SUB-023,PD,2.156944444444441,8.75,1255,0.345225990469432,83.79226195708901,0.0041200223314919,96.89583591135003,107.64367647256157,56.13283754149501
SUB-023,PD,2.406944444444441,9.0,1021,0.5788283961420239,68.10586537584966,0.0084989507577313,46.99593898209605,10.553040636075778,44.61976284220778
SUB-023,PD,2.656944444444441,9.25,930,0.7831279489067856,61.95883179842727,0.0126394886116407,49.01696932991568,54.81625044856719,19.531072982543385
SUB-023,PD,2.906944444444441,9.5,926,1.1799592578978813,61.732235871362285,0.019114150674158,24.82928988308568,16.484948089500108,18.27357469924597
SUB-023,PD,3.156944444444441,9.75,930,1.2207455066128212,62.03963643438864,0.0196768642882658,23.749155093914464,23.94245433290654,8.633353662066053
SUB-023,PD,3.406944444444441,10.0,935,0.9216463659695816,62.28585766848824,0.0147970406199586,33.3097292365493,17.988367642720632,18.455487007892263
SUB-023,PD,3.6569444444444414,10.25,924,1.3881376050304577,61.601848055441664,0.0225340253393231,19.33339221276466,20.26091990523341,5.216737441102001
SUB-023,PD,3.9069444444444414,10.5,932,1.2405285212481272,62.12939847143014,0.0199668522755548,23.47851889041417,21.88599501184334,8.311474391139793
SUB-023,PD,4.1569444444444414,10.75,983,1.046328560421916,65.52561587190841,0.0159682369482388,42.547882729159774,20.181634489607077,27.43677011380034
SUB-023,PD,4.4069444444444414,11.0,983,1.205590920138475,65.5350081168741,0.0183961359703876,31.673295358762743,22.15325715203053,14.46303946656044
SUB-023,PD,4.6569444444444414,11.25,1036,0.8709963451201606,69.1225791529148,0.0126007500847634,42.17728220635415,33.14437747875356,31.126684961280866
SUB-023,PD,4.9069444444444414,11.5,1101,0.5659223078876865,73.3918453505166,0.0077109698657236,75.91472662644621,45.49745247613521,61.92575791415052
SUB-023,PD,5.1569444444444414,11.75,1018,0.8142353819789679,67.85580973710873,0.0119994940025552,51.1327261264476,19.398679110421543,40.31081285644703
SUB-023,PD,5.4069444444444414,12.0,957,0.8963075253319822,63.76514172252502,0.0140563872535919,39.58271996311507,17.984360942044166,23.31640389600112
SUB-023,PD,5.6569444444444414,12.25,962,0.4462825727743355,64.1403887760987,0.0069579025211745,77.3150634996953,49.685525103260005,58.2505608666987
SUB-023,PD,5.9069444444444414,12.5,1254,0.6444991990724724,83.70379270295166,0.0076997610055696,62.53618480016286,66.93397063211629,30.545111580263637
SUB-023,PD,6.1569444444444414,12.75,1142,0.413912591370644,76.3806368620177,0.0054190775093742,86.06427966250386,96.99476390179314,35.69508833327925
SUB-023,PD,6.4069444444444414,13.0,1174,0.875848000755824,78.3166152635125,0.0111834250983504,35.323143802493846,28.22040581472609,17.061385810492105
SUB-023,PD,6.6569444444444414,13.25,1209,0.7020186968098953,80.62329117300553,0.008707393193655,52.65892655908281,34.977026518930394,30.12257528070729
SUB-023,PD,6.9069444444444414,13.5,1201,0.3264467338934949,80.07458515342073,0.0040767833297922,83.2869782118513,78.2756826862596,61.4238014433357
SUB-023,PD,7.1569444444444414,13.75,1179,0.5819330397606148,78.5664783025909,0.0074068871652787,55.83641388387182,10.053380446599776,54.57991833827949
SUB-023,PD,7.4069444444444414,14.0,1048,0.4006859519102191,69.85060102843013,0.0057363279057131,74.03204347416595,59.81502847385097,57.1743419278081
SUB-023,PD,7.6569444444444414,14.25,1208,0.7666245223083505,81.29771249234469,0.0094298412440637,59.51373685214485,60.31481892486034,36.11541059286123
SUB-023,PD,7.9069444444444414,14.5,1102,0.6824042850271093,73.49998666061947,0.0092844137261964,58.15029850957173,17.982330615095208,50.97026839391056
SUB-023,PD,8.156944444444441,14.75,1165,0.9314178903796212,77.63492260942192,0.0119974086284022,48.72801388218585,28.999970375621796,33.4019944174166
SUB-023,PD,8.406944444444441,15.0,1207,0.9437651555459792,80.49072444986335,0.0117251417725012,40.50499433605606,25.50655949191164,25.40462971826665
SUB-023,PD,8.656944444444441,15.25,1224,0.9089686260265476,81.586764813708,0.0111411284428552,49.46666345474912,36.83217557800064,30.08859033923812
SUB-023,PD,8.906944444444441,15.5,1236,0.5976049015146261,82.4120871061089,0.007251422970822,38.98212075770289,37.93240312025766,16.80649059443238
SUB-023,PD,9.15694444444444,15.75,1282,0.6857763552292993,85.47540415242447,0.0080230840910255,42.57695933134868,39.21318263578959,9.150857396502708
SUB-023,PD,9.40694444444444,16.0,1329,0.8584339875765614,88.53763015831069,0.0096956964630929,33.46725791627645,31.60984386098202,16.330589246502047
SUB-023,PD,9.65694444444444,16.25,1314,0.648971127575749,87.96888284874574,0.0073772805401154,48.96596708810704,58.04178183593284,14.411724001768205
SUB-023,PD,9.90694444444444,16.5,1393,0.6332715488127449,92.83675260193938,0.0068213453299907,46.18573622463092,39.801302468146936,28.596034572850577
SUB-023,PD,10.15694444444444,16.75,1392,0.6364794457618105,92.83837319425362,0.0068557798231777,51.57271600198513,60.00513397637443,18.5926611090902
SUB-023,PD,10.40694444444444,17.0,1351,0.5910243492064031,90.62451087807167,0.0065216831901203,62.66979242317809,77.46740294161486,20.581845306866253
SUB-023,PD,10.65694444444444,17.25,1273,0.5545367280090497,84.87364516638034,0.0065336739917553,60.434012849913074,50.88410187769232,44.95491177964268
SUB-023,PD,10.90694444444444,17.5,1259,0.5105588534291404,84.17866738282795,0.0060651809930325,69.76466915825546,49.82108689624357,55.82340075664442
SUB-023,PD,11.15694444444444,17.75,1267,0.4640507567137534,84.43430018492911,0.0054959981393507,65.93419661802545,34.35839359036718,58.08972448761256
SUB-023,PD,11.40694444444444,18.0,1172,0.7938285469260877,78.35062573537277,0.0101317448262279,57.21805357711076,45.33872893662091,37.60255893669392
SUB-023,PD,11.65694444444444,18.25,1187,0.8632781829999845,79.12506915944336,0.0109102992537094,52.7355550319196,45.17859444792468,32.4653658512211
SUB-023,PD,11.90694444444444,18.5,1121,0.6205136351311725,74.71988375425757,0.0083045315912421,60.51604715684288,34.273636265461285,46.18210740840019
SUB-023,PD,12.15694444444444,18.75,1228,1.0717904471536157,81.85420663743409,0.0130938957346568,40.226668913961646,34.84425705031968,16.203952689716477
SUB-023,PD,12.40694444444444,19.0,1146,0.5624254640733233,77.14920449700425,0.0072901006269632,94.34653268119732,118.15506057977946,26.290704499230333
SUB-023,PD,12.65694444444444,19.25,1135,0.5263333273532557,75.75218246375908,0.006948094566187,83.77439043712803,56.05240524757881,66.84029420880974
SUB-023,PD,12.90694444444444,19.5,1112,0.3313543017390968,76.60723635261374,0.0043253655596439,137.39169272200508,134.3113180376669,93.63308490070445
SUB-023,PD,13.15694444444444,19.75,1264,0.6215210554716556,84.37231956016034,0.0073664094896489,83.89827383063029,81.84353978145636,38.43951193238492
SUB-023,PD,13.40694444444444,20.0,1168,0.8794393663629094,77.87012756122495,0.0112936679816204,59.90476432680865,32.77237064411059,40.7005523348518
SUB-023,PD,13.65694444444444,20.25,1366,0.1794782510255549,91.08508609518812,0.0019704460820072,83.50137417947708,62.502061504463136,71.49088849099095
SUB-023,PD,13.90694444444444,20.5,1265,0.6699094854980008,84.57559542779205,0.0079208367627745,64.18654232344998,56.11791101519069,34.55214885160563
SUB-023,PD,14.15694444444444,20.75,1281,0.6723033228807045,85.70845520712876,0.0078440723410073,74.9895101791228,77.56195608189623,42.37659120961292
SUB-023,PD,14.40694444444444,21.0,1338,0.378651734198936,89.18424411687269,0.0042457245441552,73.1946046011106,84.92548099577358,37.943564613566686
SUB-023,PD,14.65694444444444,21.25,1464,0.3500964116041147,97.59197577088104,0.0035873483330847,59.582886708577696,62.74546874681076,33.922320304139106
SUB-023,PD,14.90694444444444,21.5,1315,0.6466927141269274,87.75002919440135,0.0073697150880057,57.53198795052186,53.66127060991307,28.868856971916088
SUB-023,PD,15.15694444444444,21.75,1286,0.6150432557316409,85.69572243293221,0.0071770589974661,70.31248446783475,65.10200317287189,46.98056397708238
SUB-023,PD,15.40694444444444,22.0,1287,0.7656425889660031,85.86487568385002,0.0089168310425913,63.05036555504991,43.53909060344999,46.16251993352835
SUB-023,PD,15.65694444444444,22.25,1231,0.8539302047134252,82.05463198730853,0.0104068494859071,48.04543361611711,22.714989141694897,33.970436223631566
SUB-023,PD,15.90694444444444,22.5,1106,1.152108385514422,73.69836755228353,0.0156327531230198,42.53803739247426,31.003371587196053,21.37624747140256
SUB-023,PD,16.15694444444444,22.75,1017,1.1178985423867585,67.806027202418,0.0164867134753309,47.55504100911697,37.29942422134817,30.43626447407796
SUB-023,PD,16.40694444444444,23.0,986,0.8852737828793581,65.73377155847706,0.0134675641133996,57.83243001099395,57.41018144902655,34.91444003560785
SUB-023,PD,16.65694444444444,23.25,1167,0.8005170710094062,77.78219651946331,0.0102917776410324,70.0419394609262,21.874544837215115,59.83954049705925
SUB-023,PD,16.90694444444444,23.5,1218,0.8643542924842876,81.22012454196984,0.0106421197622965,65.51061233609475,30.91665845343005,49.37239344699733
SUB-024,PD,18.065555555555555,0.0,1658,0.3003027227125618,111.52753938722635,0.0026926329080919,51.56080812407563,68.26066072972706,15.774379221346258
SUB-024,PD,18.315555555555555,0.25,1667,0.6663377129544139,111.14790605879436,0.0059950541272629,20.24164831932624,12.585863561338725,10.533918631185708
SUB-024,PD,18.565555555555555,0.5,1705,0.3527276208757271,113.68548793077966,0.0031026618022741,26.588503206210863,18.678070167025265,22.413629711689374
SUB-024,PD,18.815555555555555,0.75,1567,0.2179515522636264,105.07293751613476,0.0020742881793911,44.16167039328493,58.112757571746606,5.82709348274373
SUB-024,PD,19.065555555555555,1.0,1559,0.3409962065444172,103.88981504414262,0.003282287165489,30.706129614042595,39.14300990786201,7.653485706581083
SUB-024,PD,19.315555555555555,1.25,1501,0.9428536796411504,100.09091090953142,0.0094199730132675,15.375396244729236,9.44926804925475,7.877113725308725
SUB-024,PD,19.565555555555555,1.5,1480,0.9905218314821582,98.65460888113677,0.0100402996141374,17.680523414493184,17.50888888517026,9.789729254906955
SUB-024,PD,19.815555555555555,1.75,1475,0.6898741524052501,98.42147523226356,0.0070093864248348,29.087740010329764,24.871924306827548,16.589382158966597
SUB-024,PD,20.065555555555555,2.0,1521,0.5110242579732533,101.41250754259691,0.0050390654008688,43.440106589183245,55.07146672614069,15.21669416094197
SUB-024,PD,20.315555555555555,2.25,1553,0.7096699505864941,104.5729041931288,0.0067863655127704,23.62165980163774,7.4510862004818,16.778386064726224
SUB-024,PD,20.565555555555555,2.5,1474,0.260229960195633,98.60719016336417,0.002639056642467,66.49241094793602,53.10553225425903,48.479193479625614
SUB-024,PD,20.815555555555555,2.75,1449,0.424027915454881,96.59978533381036,0.0043895326888109,56.02270125569192,37.82899878626542,44.5798166861586
SUB-024,PD,21.065555555555555,3.0,1496,1.031085309429797,99.7474088010197,0.0103369633539719,16.275624259598008,9.56827254340526,7.633794942709196
SUB-024,PD,21.315555555555555,3.25,1369,0.583954197297239,91.2950695772018,0.0063963388165604,60.202781312184186,26.62069776898424,49.75741770432961
SUB-024,PD,21.565555555555555,3.5,1228,1.11748709704029,81.87321652398859,0.0136489946832963,43.198813679909904,22.42055611695029,30.16553411302021
SUB-024,PD,21.815555555555555,3.75,1545,0.1799353083025563,103.02632895073184,0.0017464982993677,63.708768365836576,23.5854333942326,62.2182295266578
SUB-024,PD,22.065555555555555,4.0,1652,0.3272268035506595,110.5252065936002,0.0029606531725732,40.8833844666268,54.74575341208276,16.350988808354217
SUB-024,PD,22.315555555555555,4.25,1468,0.2906358673573821,97.82232054801824,0.0029710588108029,69.46900050210989,59.314615277760495,49.12489197557738
SUB-024,PD,22.565555555555555,4.5,1351,1.0146376751739232,90.11052045328726,0.0112599247021318,36.625726600311154,38.63778614929327,15.07714586687903
SUB-024,PD,22.815555555555555,4.75,1417,0.4780613565105583,94.48041881651662,0.0050598987864243,55.56968785844218,47.24892011440474,40.77725631190041
SUB-024,PD,23.065555555555555,5.0,1426,0.9318180464250072,95.02517234141092,0.0098060126960583,31.02699861959692,12.952301157059232,16.026083570312444
SUB-024,PD,23.315555555555555,5.25,1450,0.6620142027784667,96.65216884134048,0.0068494500507815,42.8969793953612,14.68446595462943,31.88534308844429
SUB-024,PD,23.565555555555555,5.5,1204,1.209472704497901,80.30378486055777,0.0150612166860885,51.632228565301126,36.16045566106655,30.162238627467403
SUB-024,PD,23.815555555555555,5.75,1127,1.2198760030667333,75.1579684452126,0.0162308272602655,43.034319015825616,40.545273250386295,14.443416188925797
SUB-024,PD,0.0655555555555551,6.0,1133,1.0076490557461797,75.49776549714358,0.0133467401202,59.08592318612981,40.79533940678135,26.384093017806183
SUB-024,PD,0.3155555555555551,6.25,1111,0.9859297139632436,74.07983641536273,0.0133090158087711,73.81616799360638,53.24865180376794,18.639302819519024
SUB-024,PD,0.5655555555555551,6.5,1178,0.4468308137628861,78.52391046407764,0.0056903790338778,139.1110403381678,52.27146317410617,101.86075537600342
SUB-024,PD,0.8155555555555551,6.75,1470,0.6878296385662667,97.98726165598472,0.00701958220836,32.066199165305164,25.744397369439216,15.627234047235351
SUB-024,PD,1.0655555555555551,7.0,1503,0.3432466079735834,100.19465628499812,0.0034257975494944,47.1835647299759,54.38979989749439,22.36999796736588
SUB-024,PD,1.3155555555555551,7.25,1347,0.4159468834443354,89.83653352363295,0.0046300415558099,66.7513322276289,26.80426825029697,53.49912592303863
SUB-024,PD,1.5655555555555551,7.5,1204,1.135419612645155,80.22699887277957,0.0141525873907567,60.82331396321355,34.11084079415404,32.654764574342025
SUB-024,PD,1.8155555555555551,7.75,1151,1.0074077662098655,76.74663608358782,0.0131264094117774,55.30417695634568,42.49299686546826,20.528529264605904
SUB-024,PD,2.065555555555555,8.0,1106,0.867130068380711,73.71506837750202,0.0117632675037355,83.345813074957,53.78273705781312,45.635677440189525
SUB-024,PD,2.315555555555555,8.25,1016,1.2379806443237005,67.75501493811353,0.0182714245647271,135.60262902870193,81.37518775564213,36.08183550524743
SUB-024,PD,2.565555555555555,8.5,1134,0.9689648796535624,75.58177639391391,0.0128200860827026,108.24386814645062,65.9186826876321,59.356497076878085
SUB-024,PD,2.815555555555555,8.75,1125,1.193330455830866,75.05211952744962,0.015900023388339,80.19199480030039,76.25537726795127,14.774666292223351
SUB-024,PD,3.065555555555555,9.0,1203,0.6602851462910734,80.18529936178368,0.0082344912539637,102.85395582319806,58.91137340790252,66.46661103246782
SUB-024,PD,3.315555555555555,9.25,1152,0.8280461972205568,76.8263770561226,0.0107781497572853,96.43367247019157,63.29080758636944,44.45101769082214
SUB-024,PD,3.565555555555555,9.5,1067,1.0910386925217512,71.15792234872274,0.0153326383979412,82.45416859127195,65.96644777949926,22.15043918176884
SUB-024,PD,3.815555555555555,9.75,1067,0.9368185034078476,71.10362781771171,0.0131753967014111,132.33169520198985,59.47365286087096,69.95812696004656
SUB-024,PD,4.065555555555555,10.0,1402,0.2117417526437028,93.4295024867886,0.0022663264494386,113.32777766157172,57.38667571490287,92.85188918319
SUB-024,PD,4.315555555555555,10.25,1655,0.1838546408871658,112.02402480999348,0.0016412072428124,68.88020110035258,89.66710568990905,25.269499634235626
SUB-024,PD,4.565555555555555,10.5,1573,0.3787944163665048,104.85571506975938,0.0036125300000529,47.85436566201679,44.91117895258308,31.6841640397214
SUB-024,PD,4.815555555555555,10.75,1349,0.8987579754309193,89.99232830411047,0.0099870510338809,52.79513528167554,34.588702465963244,25.89343323545552
SUB-024,PD,5.065555555555555,11.0,1168,0.9749590049282044,77.85965929732991,0.0125220045107703,65.93093118508862,58.66615788125566,14.673365872989796
SUB-024,PD,5.315555555555555,11.25,1211,0.7227566261334685,80.69908105670704,0.0089561940070369,79.57550985384573,38.25460594533759,62.54226832594838
SUB-024,PD,5.565555555555555,11.5,1555,0.3107716754860636,103.71333766861754,0.0029964485038465,45.66174571415149,41.30164954122601,26.24120213979357
SUB-024,PD,5.815555555555555,11.75,1542,0.822487908082083,102.75410316725196,0.0080044288522797,26.17680245091609,11.634996103495618,14.997047431501793
SUB-024,PD,6.065555555555555,12.0,1585,0.5474167455749914,105.68263648729142,0.0051798172696119,33.75044721368299,28.38585817699448,23.687267356131947
SUB-024,PD,6.315555555555555,12.25,1524,0.9518472553288966,101.58047397555802,0.0093703761960977,22.18826005530363,12.44053485263261,12.228268626853309
SUB-024,PD,6.565555555555555,12.5,1657,0.4048775990969401,110.5065718176008,0.0036638327697398,41.46036255453559,36.84233282411288,31.133042736168733
SUB-024,PD,6.815555555555555,12.75,1572,0.2556786057290395,104.8079188205331,0.0024394970208963,56.99579580363994,79.2514349567984,21.825669986029386
SUB-024,PD,7.065555555555555,13.0,1466,0.7650667617438891,97.78657268957544,0.0078238426882247,26.01061532289773,28.74747058171234,12.26402402456366
SUB-024,PD,7.315555555555555,13.25,1456,0.7548550726248033,97.04682598224365,0.0077782561663883,31.6569552961853,34.617169924883335,16.665827575044105
SUB-024,PD,7.565555555555555,13.5,1489,0.950265545692077,99.30230516062988,0.0095694208120842,25.15040507330133,20.691327854613316,15.015657900919631
SUB-024,PD,7.815555555555555,13.75,1416,0.9238272765615434,94.34245110482608,0.0097922755423754,30.53620321574971,29.06746143865392,15.67706595012134
SUB-024,PD,8.065555555555555,14.0,1461,1.0253448647464176,97.4465577998377,0.0105221250282903,21.995503524100275,12.638818221154906,13.880403246127754
SUB-024,PD,8.315555555555555,14.25,1558,0.9934721487540908,103.87428411416838,0.0095641780564491,15.964406711490811,8.490199873885349,8.747111460521781
SUB-024,PD,8.565555555555555,14.5,1656,0.3896579258068205,110.38479142873648,0.0035299964855972,32.115024800370264,22.368258153232844,26.99649113013636
SUB-024,PD,8.815555555555555,14.75,1628,0.4198529763920076,108.80970999672502,0.0038585984321127,38.01902393240998,48.7168480566306,14.172558134667272
SUB-024,PD,9.065555555555555,15.0,1704,0.3502860513826394,113.58611725233584,0.0030838808461465,33.1579348499727,7.984424061781528,30.56168179691941
SUB-024,PD,9.315555555555555,15.25,1678,0.607330564332179,111.88257885565947,0.0054282853554502,19.62683617387415,9.92148665452398,12.01773238960714
SUB-024,PD,9.565555555555555,15.5,1684,0.6084719108649252,112.265294535289,0.005419946684179,21.45972066497297,19.009691995930773,12.060582739449789
SUB-024,PD,9.815555555555555,15.75,1621,0.9623446548120486,108.06426523855026,0.0089052995704702,19.136301439003606,9.38481173801716,12.81944309347116
SUB-024,PD,10.065555555555555,16.0,1611,1.151450233356236,107.38174510333243,0.0107229607066657,13.894381080176473,11.933771693488112,9.143613162785936
SUB-024,PD,10.315555555555555,16.25,1601,1.1407125528112227,106.72764119246972,0.0106880704948223,14.753959414162468,8.593674999672723,6.815614656123589
SUB-024,PD,10.565555555555555,16.5,1617,0.8763829230674473,107.8280352891752,0.0081275979917203,20.092341394627752,10.446913182826062,13.85951096850656
SUB-024,PD,10.815555555555555,16.75,1688,0.1540828611649186,113.62476230009368,0.0013560676215803,60.87002144314248,78.69577808900416,19.063276335210148
SUB-024,PD,11.065555555555555,17.0,1673,0.2444012490377388,111.44442544725428,0.0021930325187365,47.90736987945582,58.28554832495504,25.099368866343323
SUB-024,PD,11.315555555555555,17.25,1591,0.9785948945283518,106.06749163604606,0.0092261528903336,16.941029591163094,10.83753667850133,6.863221979918374
SUB-024,PD,11.565555555555555,17.5,1571,0.6998640223475115,104.99558898225791,0.0066656516633834,26.39823890404733,29.73933465089135,8.962395962792103
SUB-024,PD,11.815555555555555,17.75,1529,0.5146852933043299,101.89608465349887,0.0050510801769718,51.119588686673566,59.55575613662575,23.714788873120888
SUB-024,PD,12.065555555555555,18.0,1510,0.35774662761669,100.68926581299358,0.003552976821592,46.00326017682861,25.42523701501551,36.89015266688737
SUB-024,PD,12.315555555555555,18.25,1580,0.5610107684052694,105.35510672205588,0.0053249508814537,23.33777349843173,21.78690916627764,8.975507703939947
SUB-024,PD,12.565555555555555,18.5,1582,0.547371608520175,105.47158867413812,0.0051897540882911,32.63173772749023,31.30419399489195,13.879543289539017
SUB-024,PD,12.815555555555555,18.75,1656,0.4290111420142453,110.34017110722183,0.0038880775488136,27.039867936395662,19.400688311207944,19.78954659411323
SUB-024,PD,13.065555555555555,19.0,1538,0.4424310548116034,102.53401689344597,0.0043149685169496,36.65161276513972,46.7847407962554,13.24004556351474
SUB-024,PD,13.315555555555555,19.25,1496,1.033431662802658,99.73167113881436,0.0103621211898098,15.063976251964023,10.744867328778122,5.412884891433663
SUB-024,PD,13.565555555555555,19.5,1505,0.9094492101351512,100.34593232261383,0.0090631397714384,25.388025307409876,24.28920388839278,8.657023142845116
SUB-024,PD,13.815555555555555,19.75,1494,0.4377728872448404,100.1980711535968,0.0043690749952038,56.050297180975605,70.49614621342366,12.93627473129513
SUB-024,PD,14.065555555555555,20.0,1433,0.4764246076805271,95.49163531924393,0.0049891763408152,56.0257042909687,17.30356633244225,50.71935158995881
SUB-024,PD,14.315555555555555,20.25,1572,0.6050802367039536,104.81572235835375,0.0057728003308058,26.619773483616388,23.66600023566886,13.41324153404778
SUB-024,PD,14.565555555555555,20.5,1529,0.6652151722083666,101.96482913611094,0.0065239669192245,25.84466295044683,9.794284581897964,18.460463695653797
SUB-024,PD,14.815555555555555,20.75,1489,1.060224531272535,99.24516354789796,0.0106828836123671,18.606895698980374,9.848721329591829,8.458691146100284
SUB-024,PD,15.065555555555555,21.0,1501,0.6992605922763223,100.08067796158127,0.0069869689786149,32.601378806219564,31.60699289714224,17.975465558058296
SUB-024,PD,15.315555555555555,21.25,1606,0.623581072772542,107.05286874136225,0.0058249823671619,28.99790651518748,9.737520970028488,24.9104112460507
SUB-024,PD,15.565555555555555,21.5,1562,0.410928819690895,104.15960470029664,0.0039451841323061,46.757793307384624,56.63798749216003,19.29412211031145
SUB-024,PD,15.815555555555555,21.75,1571,0.9140588386711578,104.7325187470764,0.008727555200678,19.03433509472892,8.608838592448347,11.267382414436996
SUB-024,PD,16.065555555555555,22.0,1550,0.8745734950388311,103.3320703858064,0.0084637179122945,24.952266465012304,10.628627433041098,12.982746539421315
SUB-024,PD,16.315555555555555,22.25,1519,0.7363121036952915,101.22336556028807,0.0072741318135361,32.50922575213743,11.837030170927893,24.64938653986562
SUB-024,PD,16.565555555555555,22.5,1497,0.7820025465663665,99.82739707453044,0.007833546395911,31.591094675502116,14.202178412403994,21.13088616500553
SUB-024,PD,16.815555555555555,22.75,1544,0.8822840648498435,102.98974882908082,0.0085667173177988,23.76125518696209,11.76040789166574,13.25771032855068
SUB-024,PD,17.065555555555555,23.0,1621,0.5888929204973957,107.96278247819322,0.005454591915657,27.649551807823805,16.553896262858526,13.254136156966782
SUB-024,PD,17.315555555555555,23.25,1543,0.6531475642757228,102.86540942277372,0.0063495354555126,32.57888149393702,30.726661975568224,11.168167595850235
SUB-025,Control,14.164166666666668,0.0,988,0.5666310884340422,65.98720329134552,0.0085869844480643,147.23789054054896,220.0959678315903,17.68811421528447
SUB-025,Control,14.414166666666668,0.25,935,0.4033054487751151,63.28699807544352,0.0063726430552819,224.0484767112624,348.0308602083838,33.58913651074644
SUB-025,Control,14.664166666666668,0.5,1006,0.3698673476908243,67.0478187798319,0.0055164709966982,140.34600240366908,211.5403375904007,28.42893598375689
SUB-025,Control,14.914166666666668,0.75,1008,0.598522786582859,67.42632770666872,0.0088766926353555,147.4733014962582,214.8933478342134,31.178549305926044
SUB-025,Control,15.164166666666668,1.0,1052,0.4442662370323401,70.11058634309758,0.0063366498585285,170.32935016738824,259.06660752798865,32.40801563193442
SUB-025,Control,15.414166666666668,1.25,942,0.6110339563107037,64.06695972124298,0.0095374270758176,273.9016344079034,436.88132269175446,46.47321145885091
SUB-025,Control,15.664166666666668,1.5,969,0.6954057895556398,64.74228916440799,0.0107411368756163,289.88191714790804,468.5634852070971,25.592573370261544
SUB-025,Control,15.914166666666668,1.75,953,0.5792449868811202,63.75882705167275,0.009084937939835,272.6912288091685,432.6484614285258,30.25680966340034
SUB-025,Control,16.164166666666667,2.0,992,0.5690609853822025,66.24233878192892,0.0085905932043788,243.8166303108356,385.2628402856217,50.639971114969285
SUB-025,Control,16.414166666666667,2.25,1041,0.4728761510984262,69.39575914805206,0.0068141937908564,206.92971335663435,320.11486520165994,22.134121672627515
SUB-025,Control,16.664166666666667,2.5,1004,0.7156278632747147,67.53355657673029,0.010596626322525,101.50948564132187,148.34183865892277,16.681481728168144
SUB-025,Control,16.914166666666667,2.75,978,0.3606882558236265,65.1788530832219,0.005533823299454,171.88632139143886,262.57535059292394,26.810927796002723
SUB-025,Control,17.164166666666667,3.0,971,0.5164429927685313,65.02145060557226,0.0079426556614575,232.42374805538336,352.1002537059492,64.79418449862266
SUB-025,Control,17.414166666666667,3.25,930,0.8097972948920769,63.01460515929256,0.0128509461075732,91.64561271190313,99.67789890782284,38.48042270712375
SUB-025,Control,17.664166666666667,3.5,925,1.2273920862817476,61.802976564979424,0.0198597568353568,54.97236933188699,19.960567186937407,28.05175184755396
SUB-025,Control,17.914166666666667,3.75,1028,0.6722669898012936,69.46399652229537,0.0096779198355729,189.927693929704,266.0952765505838,79.94263622541752
SUB-025,Control,18.164166666666667,4.0,1166,0.5735372553314567,77.96097939316137,0.0073567220396126,178.63933951402868,275.1363002058927,27.320643923077533
SUB-025,Control,18.414166666666667,4.25,1036,0.548736940550217,70.26841267544495,0.0078091552044119,142.97161012304838,189.2390176393374,64.80706689589162
SUB-025,Control,18.664166666666667,4.5,947,0.3929123650150357,63.57688808923591,0.0061801131955931,243.87349113677016,389.3337983708982,40.92675383902269
SUB-025,Control,18.914166666666667,4.75,940,0.3984474612932543,62.67307324748752,0.0063575542198136,180.07474944471934,282.45010303215577,27.007114625268724
SUB-025,Control,19.164166666666667,5.0,922,0.1658478273103269,61.451235578621365,0.0026988526064401,223.8018068119192,345.93450203179015,48.4076073169548
SUB-025,Control,19.414166666666667,5.25,962,0.4382963498344262,67.19151794393024,0.0065230904621052,292.71464038001034,413.44043556055766,145.7126047186301
SUB-025,Control,19.664166666666667,5.5,1062,0.4537069713062921,74.66359200776164,0.0060766828799119,188.19483231179427,277.26328178638386,70.79354654825248
SUB-025,Control,19.914166666666667,5.75,1009,0.603539883299535,68.83260851027543,0.0087682262282626,123.55206473380298,163.38947346656866,47.493792283437614
SUB-025,Control,20.164166666666667,6.0,1030,0.4203950021728174,69.52256671016515,0.0060468855231627,158.79011434658565,234.1114023025078,39.3374700263712
SUB-025,Control,20.414166666666667,6.25,981,0.5590302425896191,66.69431432670017,0.008381977507876,129.4320460332303,190.84713671374988,20.100847799368463
SUB-025,Control,20.664166666666667,6.5,1015,0.6731446328741362,69.10065889577373,0.0097415081654931,124.37873441127604,164.74834972670465,44.53780030053555
SUB-025,Control,20.914166666666667,6.75,1035,0.4991788891698488,69.00283678328998,0.0072341792372619,120.2538813827993,177.53508656952718,14.307036545505785
SUB-025,Control,21.164166666666667,7.0,1038,0.5660201943579521,69.40652296500029,0.0081551440726022,116.18174291379864,172.17877166411864,19.09092913511892
SUB-025,Control,21.414166666666667,7.25,1007,0.5896795306171102,67.59341920673384,0.0087239192444693,163.40070108286065,247.85057505414824,30.147068164388383
SUB-025,Control,21.664166666666667,7.5,919,0.706409740826546,65.7526797734788,0.0107434365148334,108.91210729411844,130.2970169887461,43.39055197649364
SUB-025,Control,21.914166666666667,7.75,954,0.7367741693147016,63.79535555545649,0.0115490252056708,87.78056472344048,81.73338531421112,38.65081999382588
SUB-025,Control,22.164166666666667,8.0,924,1.3069710469722178,61.61108999619931,0.0212132433796065,35.55413965792388,19.372831720842296,17.70432928824157
SUB-025,Control,22.414166666666667,8.25,901,1.3633057089461769,60.484547686124806,0.0225397355374275,32.57664277450961,21.954650228748044,12.280426809839597
SUB-025,Control,22.664166666666667,8.5,950,0.6593865826009485,65.08521024235677,0.0101311277960937,148.66434691214687,189.62948733188472,50.36328704136682
SUB-026,PD,17.886944444444445,0.0,1091,0.2492101982601872,73.4311742593783,0.0033937929057202,95.50624569661196,123.97237040507538,50.75838572107566
SUB-026,PD,18.136944444444445,0.25,1158,0.3952064575269787,77.21089531522782,0.0051185322474694,74.13602108562355,111.82345791013674,23.24443241033234
SUB-026,PD,18.386944444444445,0.5,1060,0.3677105995291695,70.65143735683641,0.0052045735130905,88.75317832476189,124.17346376310556,42.99513994911386
SUB-026,PD,18.636944444444445,0.75,1029,0.3092318185394735,68.63790337553071,0.0045052631757646,88.20071868158924,97.01184792659242,62.86895240145383
SUB-026,PD,18.886944444444445,1.0,1007,0.3058543820639989,67.11416850965891,0.0045572252306155,81.78360259299184,67.31660898270513,62.074264662912206
SUB-026,PD,19.136944444444445,1.2499999999999998,1023,0.5496195700437398,68.20250075836114,0.0080586424827884,48.72531887267844,80.4237858030588,9.284779041478332
SUB-026,PD,19.386944444444445,1.4999999999999998,934,0.2577366595297379,62.275523630027386,0.0041386510222045,95.20176596318667,91.83476937426032,70.56855570018374
SUB-026,PD,19.636944444444445,1.7499999999999998,945,0.3559673500262551,63.39558847206569,0.0056150176787633,85.02622120839082,113.11836645968891,42.201317487116064
SUB-026,PD,19.886944444444445,2.0,885,0.5976893007207424,59.04704080917797,0.0101222566369124,36.36544505416191,53.910790229483936,8.081987017858868
SUB-026,PD,20.136944444444445,2.25,943,0.2671056902802008,62.82450444368446,0.0042516163501079,83.68878367383093,98.73759429183636,61.050796554568784
SUB-026,PD,20.386944444444445,2.5,997,0.3928948803401815,66.47375720076808,0.0059105261517494,59.27826271122719,98.7614870549305,9.989469258323544
SUB-026,PD,20.636944444444445,2.75,962,0.2096348404195581,64.1240709675269,0.0032692066685179,93.29396544747614,91.56680462174508,65.36258938017244
SUB-026,PD,20.886944444444445,3.0,930,0.2314228778528486,62.046741878882095,0.0037298151497559,113.04313857488376,101.15326379894898,75.11481502790294
SUB-026,PD,21.136944444444445,3.25,1011,0.3427295095737226,67.39168835843579,0.0050856347113734,64.8941337424033,103.1516522714815,14.962210374318596
SUB-026,PD,21.386944444444445,3.5,1052,0.4060227022360607,70.10357825900563,0.0057917543200999,81.73805330504395,94.39162201368764,49.567506833058815
SUB-026,PD,21.636944444444445,3.75,1073,0.3102565042608668,72.05130213870827,0.0043060499262536,81.6094086089779,109.68174364067934,40.54206756748227
SUB-026,PD,21.886944444444445,4.0,984,0.3123246053511299,65.55680534936425,0.0047641828134652,61.897117311610856,69.52796081210585,42.95610371515347
SUB-026,PD,22.136944444444445,4.25,1012,0.1578333259660809,67.46734134008007,0.0023394033740042,124.70924407186511,96.72492020122188,104.29068935870498
SUB-026,PD,22.386944444444445,4.5,1010,0.2509148826810673,67.38739299749355,0.003723469205737,77.61140865818565,86.7842065895609,57.51797690111584
SUB-026,PD,22.636944444444445,4.75,953,0.31993149804773,63.4972809882389,0.0050385070520891,88.74489128351703,118.290706213424,28.90077459985796
SUB-026,PD,22.886944444444445,5.0,919,0.2348453972754183,61.286686984414914,0.003831915360919,90.08646882740724,75.34370771298023,61.88643332133828
SUB-026,PD,23.136944444444445,5.25,856,0.404663398064644,57.03618399499823,0.0070948539982992,86.52818813493077,130.78903149818763,23.621661028507333
SUB-026,PD,23.386944444444445,5.5,844,0.4991577668623614,56.31315630570571,0.0088639635852161,66.0959820024391,101.1575882039778,13.967784615778116
SUB-026,PD,23.636944444444445,5.75,896,0.2311561109495522,59.69625532585872,0.0038722045409341,81.89699235681965,100.41662930680744,53.205055239710894
SUB-026,PD,23.886944444444445,6.0,873,0.3850587970307343,58.23267500097277,0.0066124181488194,79.16635922955068,53.77818228527492,62.701579307609286
SUB-026,PD,0.1369444444444454,6.25,861,0.3539941072809907,57.39827805165845,0.0061673297404914,79.92305629464826,87.77412210684825,50.41111584036958
SUB-026,PD,0.3869444444444454,6.5,882,0.4323586534633382,58.76735147140477,0.0073571233454976,82.01944241730904,106.08610213863714,38.76562328160208
SUB-026,PD,0.6369444444444454,6.75,871,0.3044880807279281,58.07918595786202,0.0052426368535682,106.77196908811136,87.3977103253566,70.18561104636154
SUB-026,PD,0.8869444444444454,7.0,869,0.4000923078770514,57.9418314686154,0.0069050683717818,105.5033734808916,87.95533271493771,46.09317221671512
SUB-026,PD,1.1369444444444454,7.25,883,0.2494736134737391,58.868301897274925,0.0042378258830884,90.90719147492284,77.38032966782407,66.73249206974776
SUB-026,PD,1.3869444444444454,7.5,908,0.1951266293233488,60.500394229808215,0.0032252125264203,97.3025116780475,79.99685771116525,75.15295178462134
SUB-026,PD,1.6369444444444454,7.75,832,0.4507833396709618,55.499102808975024,0.0081223536391666,85.0837622133727,101.4101832695224,48.41319537990599
SUB-026,PD,1.8869444444444452,8.0,908,0.2765461932061994,60.53239171835105,0.0045685654466278,72.62095866147149,79.38315107598041,47.60443614398896
SUB-026,PD,2.136944444444445,8.25,950,0.2462482943970178,63.32024714892256,0.0038889345112293,76.36941983366202,80.37450539172995,43.10513385507555
SUB-026,PD,2.386944444444445,8.5,884,0.4192496871120381,58.94584295111518,0.00711245553753,85.47598391699542,120.29199092378389,29.128210808372177
SUB-026,PD,2.636944444444445,8.75,899,0.4621534582804976,59.952051696140686,0.0077087179705352,104.34726564938244,89.21677261985991,67.9585812189308
SUB-026,PD,2.886944444444445,9.0,847,0.5510914206546259,56.447725318837456,0.0097628632073632,81.62005393006633,98.2505962782452,44.22125872013437
SUB-026,PD,3.136944444444445,9.25,1024,0.2697143667690188,68.48063059247337,0.0039385496955202,95.62675759793916,131.70603244871592,39.75465424015396
SUB-026,PD,3.386944444444445,9.5,1027,0.3208466125069776,68.40715244404035,0.0046902494994137,111.0427866026686,146.105335309317,45.175920313625056
SUB-026,PD,3.636944444444445,9.75,1028,0.2420715570463228,68.76737162141822,0.0035201513645015,119.95495321459352,91.82519059627836,103.42574935276436
SUB-026,PD,3.886944444444445,10.0,830,0.7673443436101509,55.33935917466569,0.0138661588253707,51.52412965544029,63.63053981465933,28.480317797604776
SUB-026,PD,4.136944444444445,10.25,806,0.3684079705250633,53.72127589141104,0.0068577665815261,114.27509356812018,131.80136569853894,61.31470482385469
SUB-026,PD,4.386944444444445,10.5,797,0.6288414954094296,53.086086716155954,0.0118456931808094,80.5222216208097,126.18569311030726,10.704560894370362
SUB-026,PD,4.636944444444445,10.75,815,0.4614585058280653,54.4829192148666,0.0084697830527067,91.15296030691329,125.33620143702852,25.4297762511664
SUB-026,PD,4.886944444444445,11.0,833,0.4428710641275927,55.52130371752787,0.0079765969902428,124.88075669186864,124.77294281860704,72.17789518400615
SUB-026,PD,5.136944444444445,11.25,836,0.6167204647778426,55.777831647914674,0.0110567307218171,94.32411206614827,111.80271332390296,39.07265087228556
SUB-026,PD,5.386944444444445,11.5,912,0.2416546401874317,61.19272128683641,0.003949074908022,113.5951364594884,132.21309679368406,57.28535555905831
SUB-026,PD,5.636944444444445,11.75,868,0.3404641212160875,57.89123828113711,0.0058810993049188,106.4444680402047,95.10495628775593,74.6074509224472
SUB-026,PD,5.886944444444445,12.0,866,0.4045307136402053,57.72916400482188,0.0070073890833828,100.67505799183505,125.3999244037349,42.83874504914072
SUB-026,PD,6.136944444444445,12.25,856,0.2136702794763737,57.11940691905527,0.0037407650219332,132.41056093554084,152.34645035468503,59.76305296624174
SUB-026,PD,6.386944444444445,12.5,789,0.2193589109852845,57.183374543855685,0.0038360609658853,162.6268980657783,212.18076050128477,84.24492074807061
SUB-026,PD,6.636944444444445,12.75,825,0.2460410062094465,60.08863984811534,0.0040946343074391,143.49433254177427,173.17435725218886,71.99219991682098
SUB-026,PD,6.886944444444445,13.0,969,0.452720588894026,64.64604234793893,0.0070030673565039,83.89449022854726,118.01914941270832,28.324176605098124
SUB-026,PD,7.136944444444445,13.25,968,0.4050007679840403,65.1226937114217,0.006219042009821,75.73249700452821,120.24448981951106,18.34296910475755
SUB-026,PD,7.386944444444445,13.5,995,0.4643949166947299,66.85959261565478,0.0069458233071254,104.905377461198,145.06806839136175,35.64846278902538
SUB-026,PD,7.636944444444445,13.75,937,0.5355824509656705,62.42608970835624,0.0085794649876008,51.886283804265226,58.05695516245269,35.403167530416134
SUB-026,PD,7.886944444444445,14.0,906,0.9341263103141066,60.44580448740045,0.0154539478502402,25.941038248177087,35.71094822606114,8.098512591928861
SUB-026,PD,8.136944444444445,14.25,911,0.3872071388984778,60.91614946634288,0.0063563955090827,82.37757201299075,106.44474395893636,37.00892855849087
SUB-026,PD,8.386944444444445,14.5,1057,0.3356492883857194,70.42230061727778,0.0047662357725269,92.54618519124396,136.05679587784454,34.376755567925
SUB-026,PD,8.636944444444445,14.75,1113,0.439529641034313,74.2296918767507,0.0059212106358207,84.00134123435545,129.31423998102647,28.7843948616787
SUB-026,PD,8.886944444444445,15.0,1084,0.4876373150257243,72.24162290405992,0.006750088043749,75.70715981835957,122.49759264222064,11.733515943606884
SUB-026,PD,9.136944444444444,15.25,1057,0.4909900838473175,70.4619692020532,0.0069681572826808,99.9098726529164,152.4461405138738,28.672582587408268
SUB-026,PD,9.386944444444444,15.5,1122,0.3341583513098011,74.77050718883108,0.0044691197622331,85.53599839924254,123.57094268838296,37.06237532382372
SUB-026,PD,9.636944444444444,15.75,1101,0.3076504262058928,73.43769801831607,0.0041892711033665,97.99461302195526,121.9590728668657,56.93460154415572
SUB-026,PD,9.886944444444444,16.0,1172,0.3074149619460954,78.10087807955361,0.0039361268337209,88.21490943123575,94.16513467059887,56.610655577089815
SUB-026,PD,10.136944444444444,16.25,1173,0.4244542806719374,78.20747315854626,0.0054272854438278,107.18250441959567,127.4072707029954,58.938271724997016
SUB-026,PD,10.386944444444444,16.5,1256,0.2353774470291702,83.77186839279402,0.0028097433129403,90.4401412896676,96.61937891784504,50.094324294295824
SUB-026,PD,10.636944444444444,16.75,1055,0.3419984260638439,70.32497247549458,0.0048631149650718,98.0719687808407,110.13823038015158,49.756568546835176
SUB-026,PD,10.886944444444444,17.0,1086,0.2638627242959572,72.5781390100814,0.0036355675124062,76.16207624031931,103.57704227595973,36.25778781987506
SUB-026,PD,11.136944444444444,17.25,954,0.2329868054267659,63.63959797207151,0.0036610351550148,97.93214173557678,112.151547335646,51.14516494903844
SUB-026,PD,11.386944444444444,17.5,980,0.2309372331522103,65.33115562814572,0.0035348713937752,87.16185967110968,115.71132319980462,53.50737836367302
SUB-026,PD,11.636944444444444,17.75,1012,0.280431964313205,67.4535506984753,0.004157408489388,68.38489284735823,115.47785722551592,14.445560902284264
SUB-026,PD,11.886944444444444,18.0,959,0.3195940539195879,63.89478348063335,0.0050018802241728,103.95196297346922,154.98587382595548,44.32959497721608
SUB-026,PD,12.136944444444444,18.25,982,0.3554630429578204,65.4967951924552,0.0054271822295019,108.06170332928949,136.77889030038327,62.37455920738847
SUB-026,PD,12.386944444444444,18.5,1124,0.3936320573109793,75.07798358170074,0.0052429758836373,111.58042945501792,153.9623295856284,36.34351647755663
SUB-026,PD,12.636944444444444,18.75,1069,0.4334061542888076,71.2724476540875,0.0060809775523957,78.00080215662689,123.9810340998953,17.516746145699887
SUB-026,PD,12.886944444444444,19.0,1091,0.4565377072472898,72.77295416393369,0.0062734529948977,76.1960556750021,123.93055912985518,19.4134046496248
SUB-026,PD,13.136944444444444,19.25,994,0.4376391246432008,66.68172334911303,0.0065631045909226,92.20564033979424,128.86730178866958,48.06878838717605
SUB-026,PD,13.386944444444444,19.5,938,0.3487991490086298,62.53041524728846,0.0055780718491831,97.41007661492552,159.94768354929522,10.9326773080798
SUB-026,PD,13.636944444444444,19.75,917,0.4099323168787329,61.181462750697214,0.006700269958388,78.11521850115685,128.1489819391961,9.829305404072269
SUB-026,PD,13.886944444444444,20.0,921,0.3529083943033599,61.37694954561509,0.0057498522966033,92.3902537902178,120.46152642161763,23.26779493755987
SUB-026,PD,14.136944444444444,20.25,896,0.4462274410251065,61.96453867193488,0.0072013356443693,130.59782020084063,177.50649999901253,25.70651234378897
SUB-026,PD,14.386944444444444,20.5,903,0.35527289762809,60.18134378342714,0.0059033726283447,83.54324822697744,94.35786598696576,47.050485098204405
SUB-026,PD,14.636944444444444,20.75,903,0.2469885884297277,63.50918116761712,0.0038890217743141,106.97692012049608,127.99530981567852,65.48747324101204
SUB-026,PD,14.886944444444444,21.0,943,0.4413394450926435,62.91679037633314,0.0070146528844335,80.71187473016751,78.73222510280695,46.94965439251403
SUB-026,PD,15.136944444444444,21.25,966,0.3861664922020704,64.56039671895955,0.0059814764441908,52.1731591645367,61.1694071661398,13.966169269478655
SUB-026,PD,15.386944444444444,21.5,919,0.3277981991122429,61.272181162971336,0.005349869922867,85.42081075404771,66.8082972682136,72.50754279660235
SUB-026,PD,15.636944444444444,21.75,844,0.6094771351886096,56.389282027698,0.0108083861555328,52.51431636983511,74.54447668042697,6.012842036570548
SUB-026,PD,15.886944444444444,22.0,867,0.5180304930466392,57.83238613623629,0.008957446297068,69.07537165995505,69.6712338875147,30.09501116001556
SUB-026,PD,16.136944444444445,22.25,897,0.3925179628560403,61.28158443980639,0.0064051536272138,128.31661289330364,153.8198991805955,48.8418463546633
SUB-026,PD,16.386944444444445,22.5,1111,0.4144618294748777,74.10347139079076,0.0055930150328475,60.728611215849526,62.24512716555294,32.349429009841465
SUB-026,PD,16.636944444444445,22.75,1087,0.2950390355838885,72.95073532372588,0.0040443599954767,93.59187560856016,112.18419147847683,45.22748248686928
SUB-027,Control,16.64388888888889,0.0,1223,0.3735025343699781,81.45866289234868,0.0045851788024507,69.85318818129736,14.899939036991247,66.4148959504037
SUB-027,Control,16.89388888888889,0.25,1060,0.2419481425002452,71.10403548941042,0.0034027343291405,101.10305131513056,70.17154213624663,82.39415150282906
SUB-027,Control,17.14388888888889,0.4999999999999999,1029,0.3550337750948108,69.37725653066522,0.0051174375126506,79.93396211282806,98.02847894782876,28.248636457442625
SUB-027,Control,17.39388888888889,0.75,1049,0.5749591073275726,69.91274791311447,0.0082239523476049,48.68366100798317,41.29434927980762,24.688690651870328
SUB-027,Control,17.64388888888889,1.0,1045,0.8628186338946158,69.62527830678431,0.0123923186359535,28.58111356816889,18.82404918146484,15.084811160173825
SUB-027,Control,17.89388888888889,1.25,1029,0.4983540630615273,68.60358263153744,0.0072642571123163,54.51459782801694,45.26942689799763,30.63790734987296
SUB-027,Control,18.14388888888889,1.5,1102,0.8119775159206455,73.51788412594108,0.0110446257475211,54.58698829203597,33.15145658292381,41.39956694537908
SUB-027,Control,18.39388888888889,1.75,1107,0.964715628090042,73.81090761190265,0.0130700957257227,36.01466586699848,18.296582156940627,25.212511172089695
SUB-027,Control,18.64388888888889,2.0,1166,0.3347954920374912,77.76971227652047,0.0043049598903887,96.59737871418722,48.497404912652826,86.28422284394331
SUB-027,Control,18.89388888888889,2.25,1134,0.470622892712717,75.55013690963965,0.0062292791510834,72.15923005694277,13.914408642587144,64.66881156779247
SUB-027,Control,19.14388888888889,2.5,1142,0.2140031249753141,76.20403374241658,0.0028082912998894,104.427109062197,37.73604065402057,103.1737971274346
SUB-027,Control,19.39388888888889,2.75,994,0.5904685674325091,66.2573170230423,0.0089117488295996,45.40351564471541,29.85105691921746,27.39946273333256
SUB-027,Control,19.64388888888889,3.0,993,0.9623558903025032,66.18411581220508,0.0145405869443531,23.2107812018383,21.271739354394374,13.38235768696201
SUB-027,Control,19.89388888888889,3.25,997,0.771210085189038,66.44798739909781,0.0116062218793327,36.82380373809763,18.086389077964625,25.05213017587054
SUB-027,Control,20.14388888888889,3.5,1005,0.6431531916572765,67.02502267513205,0.0095957176288416,36.71334875503978,15.435316776278476,24.743520971724724
SUB-027,Control,20.39388888888889,3.75,984,0.986876489021586,65.61392473291554,0.0150406562789638,23.14016871892158,19.97572280359189,10.268927678681282
SUB-027,Control,20.64388888888889,4.0,994,0.7619676721693629,66.26166023011595,0.0114993748952738,32.31785271678068,16.572888232610335,20.428027439743
SUB-027,Control,20.89388888888889,4.249999999999999,990,0.701895318071154,65.99039473143354,0.0106363254974866,43.79243330784219,15.717005660630758,32.1647094780549
SUB-027,Control,21.14388888888889,4.499999999999999,1005,0.7804762093566023,67.007296350047,0.011647630211483,32.04139469830554,15.039655416922322,21.991911627859096
SUB-027,Control,21.39388888888889,4.75,1006,0.3931907715188476,67.52856203095843,0.005822584691476,78.39125834608434,37.22542596544004,67.23182159076467
SUB-027,Control,21.64388888888889,5.0,1132,0.397302754621188,75.44319545030434,0.0052662503523316,88.7962224677574,32.460286556958465,82.43159089495661
SUB-027,Control,21.89388888888889,5.25,944,0.9568271114435186,62.95235893514485,0.0151992256942947,23.49324122223957,18.107022477217395,15.583491283879257
SUB-027,Control,22.14388888888889,5.5,923,0.8733234355337001,61.53880344919549,0.0141914269791528,28.60523011115171,21.800689555055857,12.725926530425484
SUB-027,Control,22.39388888888889,5.75,915,0.49752637455344,60.99898335027749,0.0081563060108144,63.16515566850668,51.557779191757234,40.99093235774789
SUB-027,Control,22.64388888888889,6.0,903,0.626057388100252,60.22288469618455,0.0103956725297802,46.21368076090849,21.40108996954829,35.276105678239816
SUB-027,Control,22.89388888888889,6.25,878,0.7761640922820833,58.52338435799247,0.0132624608230826,30.01820171736921,33.98173431151948,15.974148502736483
SUB-027,Control,23.14388888888889,6.5,861,0.8152549115036749,57.40350799215507,0.014202179274742,42.03082399350211,33.81773994346342,24.235932965461892
SUB-027,Control,23.39388888888889,6.75,908,0.6035180025859865,60.5261374481034,0.0099711963794725,72.00189321309193,34.59859599091339,63.66562937615449
SUB-027,Control,23.64388888888889,7.0,893,0.8395159817483977,59.50952952152472,0.0141072528803095,57.07460849251038,28.24555999078129,34.736218198852974
SUB-027,Control,23.89388888888889,7.25,852,0.9127270269502678,56.781955956218354,0.0160742442133205,43.20121112731673,26.044141323862025,19.622912058302013
SUB-027,Control,0.1438888888888883,7.5,862,0.6026376654497977,57.52438279740673,0.0104762126274732,51.9895893843791,25.35130635746801,33.53811474921012
SUB-027,Control,0.3938888888888883,7.75,845,0.6509464751712127,56.31725162925699,0.011558562542371,35.45525779023609,36.91131936994846,15.76793593567034
SUB-027,Control,0.6438888888888883,8.0,868,0.8192195939148961,57.87393306048426,0.0141552431395793,39.51906062099744,27.520171903382,28.02663963099868
SUB-027,Control,0.8938888888888883,8.25,901,0.8307401775868705,60.04218279879205,0.0138359423136026,52.918325791614905,28.32625401754822,32.48269092047652
SUB-027,Control,1.1438888888888885,8.5,852,0.8845119413361516,56.7897778399888,0.0155751963641829,42.80821499874944,34.57572285644696,15.391068848015015
SUB-027,Control,1.3938888888888885,8.75,875,0.5315312064145633,58.33190744226252,0.0091121862754218,68.81494926421166,31.674094837151397,52.58068783647203
SUB-027,Control,1.6438888888888885,9.0,852,1.1332613500345017,56.83751275842056,0.0199386161539344,21.91844992759782,17.134225066373652,10.555830734423775
SUB-027,Control,1.8938888888888885,9.25,864,1.1016824208521356,57.581062228422645,0.0191327213881846,20.496669766692047,17.85411462487679,11.174024609449347
SUB-027,Control,2.1438888888888883,9.5,844,0.7356712365928215,56.71020346913247,0.0129724668858444,45.65818778204252,19.99495784603037,35.31949838262829
SUB-027,Control,2.3938888888888883,9.75,867,0.9429442055518662,57.81599575882661,0.0163094000747692,37.46245452040526,26.297595144663127,26.358442415217624
SUB-027,Control,2.6438888888888883,10.0,891,1.026014561032484,59.38766056386062,0.0172765613477768,30.331258849086403,22.517733336344968,16.37724527066883
SUB-027,Control,2.8938888888888883,10.25,876,1.11293183846187,58.42103157136569,0.0190501914897264,29.46911879948236,27.406589405782388,13.656051944966102
SUB-027,Control,3.1438888888888883,10.5,868,0.599847088834913,57.86493071874511,0.0103663321010526,61.89478249159309,25.20373729633013,41.400619676746985
SUB-027,Control,3.3938888888888883,10.75,850,1.1427673182847853,56.6610635170522,0.0201684763283849,23.214791149078582,22.6654627962709,9.780295858274773
SUB-027,Control,3.643888888888888,11.0,871,0.8941002683080692,58.10391773392497,0.0153879515044479,33.56997211151258,29.762122035331707,23.715037149948675
SUB-027,Control,3.893888888888888,11.25,861,0.6340304173077639,57.353225258511394,0.0110548345703308,55.30653448675734,21.810894440143205,41.20078069586304
SUB-027,Control,4.143888888888888,11.5,879,0.5487366651033225,58.62540434188148,0.0093600491333636,77.21526642534569,31.495525227235184,63.595647516974566
SUB-027,Control,4.393888888888888,11.75,889,0.8259261223259304,59.245206736226656,0.0139408091865244,36.59131758967071,33.551896067580586,19.866190462788875
SUB-027,Control,4.643888888888888,12.0,898,0.6200720483836838,59.90833624276441,0.0103503466674652,62.5511669101692,24.94173813115968,46.37205377793656
SUB-027,Control,4.893888888888888,12.25,852,0.7315646047649226,56.782208241417685,0.0128836941609345,45.80496463185809,29.90140476717656,28.67935191934157
SUB-027,Control,5.143888888888888,12.5,866,0.7258672674360132,57.71928830651208,0.0125758180451112,42.54070249138346,22.61341358549036,32.58616593978862
SUB-027,Control,5.393888888888888,12.75,870,0.8004172617022756,58.05689575784268,0.0137867733238932,45.07197494320327,33.12387393053096,26.83839185515147
SUB-027,Control,5.643888888888888,13.0,875,0.4762240434105867,58.313571511876525,0.0081666073791003,77.61359431751177,26.98179316634453,63.61917629914967
SUB-027,Control,5.893888888888888,13.25,863,0.8480094032190963,57.507838191735,0.0147459795026858,39.12503825705214,27.536792514658643,23.09745058670126
SUB-027,Control,6.143888888888888,13.5,914,0.556268873711861,60.922705705782434,0.0091307315928856,57.42317737360516,22.250293818900055,48.23735045345428
SUB-027,Control,6.393888888888888,13.75,941,1.0631038203365306,62.74811400018671,0.0169424027682069,25.010185683645965,18.85245059977671,14.011534042607549
SUB-027,Control,6.643888888888888,14.0,908,1.096420256679287,60.558364123837855,0.0181051828684998,26.699849632200152,21.1756188982084,12.749512121475613
SUB-027,Control,6.893888888888888,14.25,917,0.5044717413618537,61.14603812125409,0.0082502768267908,68.30218994690541,28.605508371121555,51.2447281425395
SUB-027,Control,7.143888888888888,14.5,861,0.7695788981575127,57.7579710695846,0.0133242024244645,57.02896420017802,33.67546895445297,33.46455508559067
SUB-027,Control,7.393888888888888,14.75,981,0.3152793770664713,65.4001453336563,0.0048207748691992,116.5054186626219,47.1069343654002,100.52501576631973
SUB-027,Control,7.643888888888888,15.0,1097,0.3413724072022571,73.1560930067132,0.0046663564601643,101.40590396268507,14.627241858243885,101.4236267397023
SUB-027,Control,7.893888888888888,15.25,958,0.657582311697813,63.83240993999887,0.0103016995961131,62.701641879955794,58.8321381616269,40.126630191970165
SUB-027,Control,8.143888888888888,15.5,1033,0.9465652278300004,68.89453067685153,0.0137393377751544,49.15473429716552,42.43426288586461,25.500873153630483
SUB-027,Control,8.393888888888888,15.75,1115,0.6165757753247266,74.35043393313795,0.0082928335815659,75.55787651025994,16.63751789767128,64.43355665352604
SUB-027,Control,8.643888888888888,16.0,1165,0.4503057772162345,77.65260291747161,0.0057989785312775,71.80589494789221,44.84267075314442,56.73340564930497
SUB-027,Control,8.893888888888888,16.25,1078,0.6390673882601592,71.84870449054404,0.0088946264625309,43.87490265118244,30.04261906149796,33.068846847154724
SUB-027,Control,9.143888888888888,16.5,1073,0.7194035490897803,71.58033775512587,0.0100502955371744,43.78832577323749,40.11910904354384,23.7669319519856
SUB-027,Control,9.393888888888888,16.75,1151,0.3118929656327283,76.72608698067404,0.0040650185341953,88.68590884680174,30.332204151621625,82.39448304687623
SUB-027,Control,9.643888888888888,17.0,1099,0.7824104910314651,73.2778211794462,0.0106773165254935,44.152067460848,13.381028083383804,33.01182975502029
SUB-027,Control,9.893888888888888,17.25,1113,0.8656599502150144,74.22564908540618,0.0116625446982479,44.557878292117074,12.10594716800517,31.999167797686628
SUB-027,Control,10.143888888888888,17.5,1070,0.6270231555798947,71.30085183416443,0.0087940485905871,66.60766744613622,38.47896172963166,49.917137864179146
SUB-027,Control,10.393888888888888,17.75,1336,0.4880400630526987,89.6828877531841,0.00544184152941,75.60616086469955,20.10228525962101,67.66054804436715
SUB-027,Control,10.643888888888888,18.0,1411,0.2165387521304732,98.05954227297524,0.002208237435248,114.10373621592626,142.8347902472102,63.99565266351039
SUB-027,Control,10.893888888888888,18.25,1164,0.3660732732454809,77.61897352686212,0.0047162859364378,58.3718764735333,20.90187121097961,51.47694560885739
SUB-027,Control,11.143888888888888,18.5,1147,0.4150997859886553,76.50092207955339,0.0054260755910496,52.723163268953776,16.493903892637007,44.54406964743106
SUB-027,Control,11.393888888888888,18.75,1098,0.8732187460361928,73.14692784013377,0.0119378731523032,26.57448233706629,16.647889757074896,15.557143520574543
SUB-027,Control,11.643888888888888,19.0,1076,0.5843956839448,71.97709576432185,0.008119189552442,54.48861248747359,39.97424752407829,41.44959438170651
SUB-027,Control,11.893888888888888,19.25,1049,0.5858607737011634,69.92672914224768,0.0083782093183478,57.681982493319865,55.76382346677448,31.59662070990066
SUB-027,Control,12.143888888888888,19.5,1031,0.4897572869297028,68.74425603179172,0.0071243375839751,64.35192108659344,64.34687551349727,37.052511268815934
SUB-027,Control,12.393888888888888,19.75,1051,1.215634590157105,70.08044915500048,0.0173462728166656,33.34844130461466,18.59895030320132,11.756169864082242
SUB-027,Control,12.643888888888888,20.0,1054,0.3152349399876937,70.2143959496819,0.0044896055249638,88.2408579444801,50.955159700416665,75.02272265656175
SUB-027,Control,12.893888888888888,20.25,989,0.9616825986315366,65.94307825489767,0.0145835260361099,30.15626815168056,20.25645296293693,20.267921710712645
SUB-027,Control,13.143888888888888,20.5,1007,0.6704268146951591,67.13780918727915,0.0099858309767752,39.07134702053888,21.68099643378572,26.713447389718887
SUB-027,Control,13.393888888888888,20.75,1007,0.9241204647546604,67.17378688054362,0.0137571589703293,29.995699639727253,20.67042335295669,19.532403104691493
SUB-027,Control,13.643888888888888,21.0,1049,0.6103060223727498,69.88643177245493,0.0087328256271526,47.23244160044721,16.431357333367014,37.70633583850776
SUB-027,Control,13.893888888888888,21.25,1103,0.6165760178372205,73.51266810552144,0.0083873437562105,39.04614631527465,14.705549158176895,26.680153689068305
SUB-027,Control,14.143888888888888,21.5,1073,0.3439686352013312,71.53460505964551,0.0048084229292176,55.78868493189039,32.28942978931965,40.74366877329536
SUB-027,Control,14.393888888888888,21.75,1076,0.3629927241985834,71.78741318459906,0.0050564953951629,60.37015617749066,39.637039290554114,48.54252739093237
SUB-027,Control,14.643888888888888,22.0,1010,0.7043811237204116,67.28175065782901,0.0104691259789395,32.52519986298672,17.28281627382548,27.93131177613072
SUB-027,Control,14.893888888888888,22.25,990,0.7630134679378099,66.0554131521443,0.0115511118851133,39.30210578057453,19.543216480778188,26.001721912938383
SUB-027,Control,15.143888888888888,22.5,1076,0.4081144946221116,71.70043080230961,0.0056919392262419,80.56557171153314,67.29389204806589,52.686320489306766
SUB-027,Control,15.393888888888888,22.75,1074,0.5573763414576495,71.60739943127456,0.0077837813673514,54.61445598085446,50.488009889387264,31.182151846174268
SUB-027,Control,15.643888888888888,23.0,1048,0.595813629962885,69.91071041422762,0.0085224942849619,42.37772836362495,17.5074823682039,31.15376005020249
SUB-027,Control,15.893888888888888,23.25,1044,0.5290244515785234,69.6259163132944,0.0075980967948498,49.345386393857936,20.8125450773872,38.031530612437614
SUB-027,Control,16.14388888888889,23.5,986,0.7928446376187626,65.7315804911869,0.0120618526390836,27.671822785253624,26.07497974165884,19.045804007383325
SUB-028,PD,17.485,0.0,1585,0.1756356597393136,106.0409913661893,0.0016562996769126,82.66502103146001,102.2992120589342,38.55823487125458
SUB-028,PD,17.735,0.25,1549,0.4718289668525687,103.21482988543532,0.0045713292108922,36.547484190400574,43.29918153322333,9.165960995848792
SUB-028,PD,17.985,0.4999999999999999,1546,0.2356941549356819,103.39419650470548,0.0022795685145147,81.88818140642512,109.7881012881907,24.0716391215015
SUB-028,PD,18.235,0.75,1570,0.1735305911623346,106.92637744330176,0.0016228978790041,81.59351405925558,106.78783251251744,34.26490398012602
SUB-028,PD,18.485,1.0,1466,0.3722320989805505,97.74397656633722,0.0038082356791359,48.09857896329088,57.75513215379556,20.871928082711516
SUB-028,PD,18.735,1.25,1500,0.1898786258435091,100.5864188217307,0.0018877163345484,102.12341613989771,126.40282875293772,28.062183176449476
SUB-028,PD,18.985,1.5,1452,0.2872824720700472,97.81894736842106,0.0029368796107367,94.38934070413976,111.48294303865327,48.3333057870511
SUB-028,PD,19.235,1.75,1438,0.179228002449915,95.94160772247656,0.0018680946328141,113.81601620236364,133.82339133944194,51.44537245529311
SUB-028,PD,19.485,2.0,1493,0.2379839466955965,100.02523521227724,0.0023792390609283,93.84216752587946,116.33842020624913,46.14929353484621
SUB-028,PD,19.735,2.25,1484,0.22837085416788,100.47370689752448,0.0022729414612004,112.05758599773704,138.4215443417808,42.12851819769932
SUB-028,PD,19.985,2.5,1475,0.2154887325830682,101.65391493922014,0.0021198271872943,101.84723799550127,118.228629441175,51.05113653819734
SUB-028,PD,20.235,2.75,1492,0.2534780101745915,99.5165355083492,0.0025470943987326,72.74105461114219,88.59117172483275,30.945646065743063
SUB-028,PD,20.485,3.0,1484,0.261096308538736,100.16525467105996,0.0026066554654722,97.05051082279844,120.47948989279485,44.82482268420029
SUB-028,PD,20.735,3.25,1322,0.5592664404855293,88.1686007736428,0.0063431475103177,51.011629991055536,58.40914578972146,25.730722887477285
SUB-028,PD,20.985,3.5,1310,0.2078837512941066,87.8568626157872,0.0023661640662405,92.37832993947424,105.290021088757,46.482266830178126
SUB-028,PD,21.235,3.75,1424,0.2616968011477786,94.97923996598357,0.0027553052776744,86.49282280549602,94.5435385133805,57.41190718317328
SUB-028,PD,21.485,4.0,1384,0.3848918623010369,94.31272892472812,0.004081017129811,90.81303638266888,123.9926379220055,22.055457466146063
SUB-028,PD,21.735,4.25,1325,0.414258962504228,88.41103681124189,0.0046856023574146,60.618215561948354,59.65456326576369,33.95347461219492
SUB-028,PD,21.985,4.5,1294,0.2683784539258292,87.63662181366269,0.0030624007221144,79.14612068427022,89.75596372372841,40.05578902111387
SUB-028,PD,22.235,4.75,1452,0.2054472876913765,96.99539182820504,0.0021181139002485,112.3413261554157,133.4099949036023,63.23869086726522
SUB-028,PD,22.485,5.0,1341,0.4632503977180601,90.22202287508412,0.0051345600880557,73.76733333623537,97.64425990572776,24.058758866205316
SUB-028,PD,22.735,5.25,1406,0.2702014556643465,95.17190962053078,0.0028390883060105,124.16569722639746,147.3102374236837,48.34619736221431
SUB-028,PD,22.985,5.5,1354,0.1698011282277917,90.44786388732092,0.0018773370749731,85.50429524698147,100.37884630937234,37.50990068505454
SUB-028,PD,23.235,5.75,1252,0.4825589082232076,84.7314243947997,0.0056951586931285,32.829526356050046,36.89156014906139,19.11103060016173
SUB-028,PD,23.485,6.0,1393,0.2376663968705087,92.8719294093332,0.0025590767671358,85.35445610009734,69.22903641362214,66.59190602565366
SUB-028,PD,23.735,6.25,1290,0.2814989873821057,86.26319860373985,0.003263257008069,94.68927503407232,109.60605811347544,41.88861935173248
SUB-028,PD,23.985,6.5,1349,0.6250785177863271,90.05039885184073,0.0069414297521853,78.73069333252445,83.29487144061515,43.34378519154289
SUB-028,PD,0.2349999999999994,6.75,1273,0.71577572549776,85.32590967384455,0.0083887265689142,81.69884911715127,87.76263818036328,39.83258926640981
SUB-028,PD,0.4849999999999994,7.0,1262,0.6818944587153865,84.52892871974173,0.0080669951582638,98.48231886714996,118.12932267432856,43.73841095312882
SUB-028,PD,0.7349999999999994,7.25,1331,0.3355878678990246,89.54340264930067,0.0037477676519996,109.64909916974,122.60320801896398,60.67437062891123
SUB-029,Control,17.03805555555556,0.0,1311,0.5865995709820198,87.79713571053064,0.0066813064712732,62.37922012940724,76.56680463829665,20.109070516022573
SUB-029,Control,17.28805555555556,0.25,1394,0.5568161459675386,92.93942602903968,0.00599117263532,47.4037898744785,22.79688080828651,37.05552484287804
SUB-029,Control,17.53805555555556,0.5,1391,0.9347377807657316,92.77322582043612,0.0100755123312724,20.21963479919029,5.8440155702745615,12.674428029608192
SUB-029,Control,17.78805555555556,0.75,1275,0.3695206374317457,88.80850332712642,0.0041608700021732,76.39342442480836,82.54820674261023,35.18457350280612
SUB-029,Control,18.03805555555556,1.0,1433,0.6006981651922505,96.1626645491047,0.006246688026053,57.13001752194072,59.15473035104655,32.379585034074246
SUB-029,Control,18.28805555555556,1.25,1478,0.615563867698649,98.54921070616932,0.0062462587299049,45.80342533543437,38.804118955788745,32.58578306947518
SUB-029,Control,18.53805555555556,1.5,1244,0.2926685261593779,86.54605411911214,0.0033816507192411,98.20713255550572,126.1913269826082,41.44536532658675
SUB-029,Control,18.78805555555556,1.75,1198,0.6501380873703912,82.64149251363274,0.0078669693346008,56.69682295762141,51.709085990131726,26.49593214785644
SUB-029,Control,19.03805555555556,2.0,1251,0.5519614011741577,83.40574572915023,0.0066177862969606,62.11927347844635,57.91365987398828,32.0433134727795
SUB-029,Control,19.28805555555556,2.25,1286,0.4578111163937011,87.71331523592563,0.0052194027230906,77.78736456576495,53.39969687609794,65.71311618056946
SUB-029,Control,19.53805555555556,2.5,1362,0.7135989536709477,90.8474425533334,0.0078549151590262,38.971633826093736,7.5409730670479584,34.08020466837358
SUB-029,Control,19.78805555555556,2.75,1236,0.5308775158216307,85.02198350234166,0.0062440029502135,58.41547157912749,65.4099127056591,23.61272911643577
SUB-029,Control,20.03805555555556,3.0,1347,0.5799222498208005,89.78403839317455,0.0064590795891944,48.72562930466576,50.48565035265428,28.04664838300622
SUB-029,Control,20.28805555555556,3.25,1348,0.4188166436254549,90.21449365888482,0.0046424540740545,85.96298051550036,106.47923282506362,20.866148960558117
SUB-029,Control,20.53805555555556,3.5,1325,0.4592487114662912,88.39285118646555,0.0051955413283083,55.02870307603068,66.5954951163254,22.073752190694584
SUB-029,Control,20.78805555555556,3.75,1293,0.9936887484055988,86.19166813874659,0.011528826043905,28.299118888632,7.711366304270455,16.885647660482064
SUB-029,Control,21.03805555555556,4.0,1557,0.1620835470856486,103.76137770940817,0.0015620797512883,89.24450042628213,80.32062597053263,69.01233548031568
SUB-029,Control,21.28805555555556,4.25,1265,0.1201299361634702,91.79449160485557,0.0013086834957438,161.3615317805333,217.60753743402657,67.2535561794701
SUB-029,Control,21.53805555555556,4.5,1292,0.3734572804085398,86.50675415543765,0.0043170881170446,68.70724565599808,64.44970538043674,49.90811747490695
SUB-029,Control,21.78805555555556,4.75,1165,0.5143496285962421,78.16632317469335,0.0065801947399614,74.28826641832335,91.97217287958593,15.479750097401496
SUB-029,Control,22.03805555555556,5.0,1104,0.5199967870307483,77.34676314772368,0.0067229288708256,91.49299045168549,112.39931325872745,21.756732032477583
SUB-029,Control,22.28805555555556,5.25,853,0.4912768251654479,65.39288114543591,0.0075126958249909,273.41649175871703,369.1057474720509,76.23939886118123
SUB-029,Control,22.53805555555556,5.5,767,0.6322122586832026,60.29013151947639,0.0104861648623037,326.34818773930454,488.3485104144589,38.90693194306641
SUB-029,Control,0.0380555555555588,7.0,914,0.4067020668141579,70.42470566479689,0.0057749913609856,154.18108359544988,156.89386747638576,126.4728990169622
SUB-030,PD,17.491666666666667,0.0,1167,0.2163706857126483,78.24171796553654,0.0027654132774532,101.6502227423714,142.63742433140428,31.22997374015074
SUB-030,PD,17.741666666666667,0.25,1172,0.6029474727491995,78.32270021741455,0.0076982467544592,49.674994755980286,66.25924681291812,17.081440631098328
SUB-030,PD,17.991666666666667,0.5,1149,0.3183906307399174,76.63721162386625,0.0041545174203697,71.55479970726806,89.53624711276616,29.27633038642941
SUB-030,PD,18.241666666666667,0.75,1100,0.4279172917079339,75.8032560944095,0.005645104362997,99.8336944321184,132.63321457589427,23.89190596371523
SUB-030,PD,18.491666666666667,1.0,1108,0.3828109476899036,75.3670572950618,0.005079287442406,93.48543096730693,119.61872959423216,21.46256250849694
SUB-030,PD,18.741666666666667,1.25,1144,0.3204441482070467,76.62783921550239,0.004181824144954,77.0823942967927,103.23781462818675,27.00449027449314
SUB-030,PD,18.991666666666667,1.5,1111,0.310395069416569,75.0583543236247,0.004135383358903,75.02915483854231,83.75807611994986,33.560532562626925
SUB-030,PD,19.241666666666667,1.75,1176,0.3863146380728845,78.96901562928434,0.0048919773786521,89.82842254238857,124.24142249600084,17.83181453589024
SUB-030,PD,19.491666666666667,2.0,1212,0.4288920917958856,81.44477110457791,0.0052660482186778,107.74607982446376,139.07576842916183,40.25556879984629
SUB-030,PD,19.741666666666667,2.25,1176,0.6919593456527304,79.30433375255835,0.0087253661043512,74.10931916824912,91.185445833833,15.852739398541656
SUB-030,PD,19.991666666666667,2.5,1125,0.4744316129573308,75.85309446912947,0.0062546111833369,95.23922395399612,130.24505031544422,17.087319023198184
SUB-030,PD,20.241666666666667,2.75,1137,0.5257306706440209,76.25370957195312,0.0068944930495209,77.77586846070317,101.55807763936268,28.961473450170715
SUB-030,PD,20.491666666666667,3.0,1105,0.4310946608672429,73.71843338877967,0.0058478543432104,83.22819047031606,113.96117521560464,16.38071135582575
SUB-030,PD,20.741666666666667,3.25,1112,0.5937669556274183,74.42815151126406,0.0079777200369883,44.33567143383642,61.63003347478087,8.650573627089939
SUB-030,PD,20.991666666666667,3.5,1151,0.4879943803756082,77.12297574523733,0.0063274838095928,86.40801320023569,110.91728998398447,30.908309068266835
SUB-030,PD,21.241666666666667,3.75,1172,0.2905207579797146,78.48853757058332,0.0037014418534484,74.37140604694689,93.03086179756484,33.38573735494196
SUB-030,PD,21.491666666666667,4.0,1091,0.8755822512387059,72.76712962242463,0.0120326616671832,27.667923063532765,33.92983856363199,7.304172727315209
SUB-030,PD,21.741666666666667,4.25,1130,0.2790587591930761,75.30747776596701,0.0037055916287663,52.18800603143936,69.17112705763427,15.604936696690254
SUB-030,PD,21.991666666666667,4.5,1108,0.5107062874328501,74.16298900941986,0.0068862689362207,113.21908427510884,143.13474615045627,48.32976707068531
SUB-030,PD,22.241666666666667,4.75,1033,0.3400694624628268,71.23802211619912,0.0047737072473478,73.11564358928742,85.87152382863113,28.00136853924127
SUB-030,PD,22.491666666666667,5.0,1114,0.7595405392812239,74.5455498515,0.0101889454272492,91.34132816825792,107.616853892358,40.50117305926378
SUB-030,PD,22.741666666666667,5.25,1050,0.6979801225990485,69.94365649893142,0.0099791769194925,81.58234818921366,109.56425958347164,17.633690872567026
SUB-030,PD,22.991666666666667,5.5,1077,0.922333293612035,71.81587928886498,0.0128430272349954,73.54605737278085,78.01104439966906,26.371127490397644
SUB-030,PD,23.241666666666667,5.75,1062,0.7020917982866575,70.82022310815421,0.0099137190970783,72.7140709723219,99.10795815879408,16.881946906344567
SUB-030,PD,23.491666666666667,6.0,1048,0.5372836494276962,69.88491439431407,0.0076881205920373,78.30101895900398,87.90427958110115,36.2259335076288
SUB-030,PD,23.741666666666667,6.25,1039,0.6988776481062782,69.20346083910029,0.0100988829118125,83.10603831881639,96.9118941182142,18.218249748061965
SUB-030,PD,23.991666666666667,6.5,1044,0.9287410503851652,69.61121514021704,0.0133418307454397,81.77984087494909,84.46191991440874,12.685927191396257
SUB-030,PD,0.2416666666666671,6.75,1035,0.8313240742397117,69.38128872671369,0.0119819635739863,87.93844454856425,109.12848885283655,16.232965916965618
SUB-030,PD,0.4916666666666671,7.0,1231,0.2629570537981993,82.05645519668663,0.0032045870512916,127.61006988479733,115.39048233989728,100.41235870951589
SUB-030,PD,0.7416666666666671,7.25,1298,1.1080645200402497,86.49719672670085,0.0128104096083174,51.134421148682,49.81446687714758,25.00892373211161
SUB-030,PD,0.9916666666666673,7.5,1278,0.7620847728697895,85.30881613435805,0.0089332475516895,75.58738548956998,89.84331614838558,38.85413563109947
SUB-030,PD,1.2416666666666671,7.75,1127,0.2702778182366095,75.53096188601772,0.0035783711935839,105.18767159042848,134.19226484101694,35.296325366613964
SUB-030,PD,1.4916666666666671,8.0,1069,0.2981584130416343,71.7112765814718,0.0041577618926208,97.67360070076865,129.73465068367426,29.2936364052106
SUB-030,PD,1.7416666666666671,8.25,1043,0.1560595995944264,69.5723711638197,0.0022431260712238,70.246184495536,71.88444421804643,9.362174093035236
SUB-030,PD,1.9916666666666671,8.5,1072,0.6726574295087991,71.45340808983222,0.0094139306646244,106.34770066617216,104.7302836158474,61.64719360725069
SUB-030,PD,2.241666666666667,8.75,1017,0.7935645550415485,68.0065889045166,0.0116689363166815,80.62214563526994,82.49065205928096,12.757993620971028
SUB-030,PD,2.491666666666667,9.0,1065,0.227472283028224,71.12272621534714,0.003198306576993,74.53278559838637,73.05995838211922,49.95034039527155
SUB-030,PD,2.741666666666667,9.25,1075,0.3378076671436968,71.86397319752342,0.0047006539175785,73.42020476899387,87.73776952440333,32.62430697624016
SUB-030,PD,2.991666666666667,9.5,1074,0.275972731329641,71.88081438151713,0.0038393100259671,61.10837709973738,70.61410824557512,15.38357047664906
SUB-030,PD,3.241666666666667,9.75,1122,0.736983472963406,76.62556143134546,0.0096179846411138,120.83639933198238,146.65458820862204,54.53275778841863
SUB-030,PD,3.491666666666667,10.0,1060,1.02933404851045,70.63723448563098,0.0145721170428867,99.88958250470452,111.44010107866488,33.64060615449678
SUB-030,PD,3.741666666666667,10.25,1131,0.72583641679452,75.92175114537125,0.0095603223825109,120.37240742094724,125.2508421182366,70.85216898098132
SUB-030,PD,3.991666666666667,10.5,1280,0.4289087109587591,87.75548214667278,0.0048875432105983,132.4207086771803,174.15014685980046,26.00687018506579
SUB-030,PD,4.241666666666667,10.75,1287,0.4312447076432462,86.5776597796205,0.0049810159888932,68.99982258398154,94.76965608168771,14.049030040025508
SUB-030,PD,4.491666666666667,11.0,1260,0.4418293242016448,84.9840205310602,0.0051989694232007,74.11902880964858,99.97533452757196,16.690588782078265
SUB-030,PD,4.741666666666667,11.25,1233,0.3548163750075459,83.58830893552017,0.004244808628456,91.4555215453678,114.48090778270956,23.36758151429707
SUB-030,PD,4.991666666666667,11.5,1215,0.7003726755664392,82.66815144261027,0.0084720979403132,82.65805162608389,97.55406560794486,28.054626100908116
SUB-030,PD,5.241666666666667,11.75,1167,0.4543239392623899,78.45263878509333,0.0057910600114666,57.71891592978531,71.26671210221045,16.823552115348146
SUB-030,PD,5.491666666666667,12.0,1196,0.7999690026827149,80.44779917646386,0.0099439513681159,84.3318632607207,97.58716734348592,35.890747206898155
SUB-030,PD,5.741666666666667,12.25,1225,0.7214770379031504,81.68981211343214,0.0088319096254172,58.82093131517312,57.77932297456152,33.716504967216146
SUB-030,PD,5.991666666666667,12.5,1219,0.6285387822022666,81.21838684781824,0.0077388730138162,64.8728526935537,81.1318940765788,23.007698929359115
SUB-030,PD,6.241666666666667,12.75,1220,0.6604523457308075,81.5315455796982,0.0081005743364107,76.26532008627773,85.73965687638211,33.77180439246509
SUB-030,PD,6.491666666666667,13.0,1133,0.40399558864575,75.53618692261708,0.0053483714906025,53.84148519229249,71.99119007742024,15.42533333430016
SUB-030,PD,6.741666666666667,13.25,1172,0.6664044500078345,78.76785214225707,0.0084603608183232,80.53940627974745,93.72850849590871,41.162322001958174
SUB-030,PD,6.991666666666667,13.5,1109,0.6191635853737392,75.95274812201295,0.0081519576405463,107.611606193057,127.84575826415669,51.61120358245798
SUB-030,PD,7.241666666666667,13.75,1112,0.2988795052149119,74.55048471223424,0.004009088691624,74.54058181787586,95.76319052154584,15.38572811407262
SUB-030,PD,7.491666666666667,14.0,1132,0.5686257614833428,75.50525824310203,0.0075309425424724,38.06935196471172,54.25197458380905,10.277491749131071
SUB-030,PD,7.741666666666667,14.25,1157,0.7045265017743709,78.15420087273317,0.0090145698363882,79.02842516147878,103.9620638821854,19.58851277353537
SUB-030,PD,7.991666666666667,14.5,1178,0.6500375899769135,79.07110470209055,0.0082209246023057,107.50943838445552,135.74652462024244,24.197706565933103
SUB-030,PD,8.241666666666667,14.75,1211,0.6163601129384284,80.72696487277115,0.0076351206057336,85.95678651406982,115.11484025216294,22.74281078075431
SUB-030,PD,8.491666666666667,15.0,1190,0.3187927709630943,79.72709660489865,0.0039985498599419,85.52626440054428,104.53283072675153,44.12939971974304
SUB-030,PD,8.741666666666667,15.25,1140,0.3275884299888522,76.88183464335933,0.0042609340881168,93.05771247867024,124.16918985205729,18.603258172272252
SUB-030,PD,8.991666666666667,15.5,1134,0.3947990500144859,76.67213197883741,0.005149185757916,111.23150926947872,146.5863824502767,22.576962249671336
SUB-030,PD,9.241666666666667,15.75,1157,0.3297900824513792,77.71228989303646,0.0042437313699712,90.951705133508,119.6021193583847,21.256957488003508
SUB-030,PD,9.491666666666667,16.0,1154,0.3224193091163984,76.97472863184201,0.0041886384641702,81.081907279106,107.11583568729225,23.200771545256742
SUB-030,PD,9.741666666666667,16.25,1137,0.2425434579596533,77.48116919107024,0.0031303536135539,94.83133813889228,129.02583265748663,12.35392356646454
SUB-030,PD,9.991666666666667,16.5,1146,0.3121921323192723,76.60248590440732,0.0040754830425328,74.41494008465709,102.60844300747972,16.26791736984561
SUB-030,PD,10.241666666666667,16.75,1090,0.1506452336195915,74.47534171541537,0.002022753171046,127.1648475135604,166.93411049027418,27.84242712793122
SUB-030,PD,10.491666666666667,17.0,1149,0.267669606537121,76.57447517494168,0.0034955460801475,90.44303591346495,128.23839271393595,12.599059944873543
SUB-030,PD,10.741666666666667,17.25,1148,0.1807879774638349,76.54430468367133,0.0023618736653362,76.68121729084882,108.96121623503296,13.284530764373738
SUB-030,PD,10.991666666666667,17.5,1108,0.2472618103924843,74.81852456248946,0.0033048207223863,85.1133473949917,109.20832383376252,20.2443816887966
SUB-030,PD,11.241666666666667,17.75,1120,0.3980800370140838,75.41825144130787,0.0052782984145936,89.9821524310678,115.26027197133524,35.39587138480643
SUB-030,PD,11.491666666666667,18.0,1093,0.2520887577644731,73.28627128436482,0.0034397814672044,110.94349910426668,136.12587769691177,33.90986047243263
SUB-030,PD,11.741666666666667,18.25,1096,0.2356776135567864,74.79254622215751,0.0031510842384848,116.85633940695746,148.82919633044216,43.43899332784633
SUB-030,PD,11.991666666666667,18.5,1055,0.1070342148992975,73.53966262372786,0.0014554624141661,92.04442842090457,121.23188845344536,28.258659259353266
SUB-030,PD,12.241666666666667,18.75,1139,0.3211889117524813,77.07003065208418,0.0041674942780601,96.91750231156936,115.884278833859,27.75395770393016
SUB-030,PD,12.491666666666667,19.0,1113,0.3392606396023184,76.50965650853372,0.0044342198760816,115.41410303064974,154.2183995125142,25.51889496613388
SUB-030,PD,12.741666666666667,19.25,1169,0.2752201916440547,78.36267371565766,0.003512133756981,82.82820872510939,102.03753841883557,34.825207545124734
SUB-030,PD,12.991666666666667,19.5,1134,0.2535797717749389,75.81413280621489,0.0033447559497,55.75903383340009,63.06280930179389,17.931653721009287
SUB-030,PD,13.241666666666667,19.75,1086,0.263013922981565,74.6606412611186,0.0035227921772289,68.64058083183524,96.67579436751404,13.645180047125784
SUB-030,PD,13.491666666666667,20.0,1106,0.2369414287059789,74.13125342812363,0.0031962420402848,63.826740032384,63.27510143443835,24.657035004291803
SUB-030,PD,13.741666666666667,20.25,1082,0.4390857232841376,72.16949827080015,0.0060840900076174,30.198386672756115,38.84542054737357,10.101982541269424
SUB-030,PD,13.991666666666667,20.5,1104,0.1837851075889558,73.78051632995395,0.0024909707431031,97.0164868305279,120.40580748818236,35.17627358703067
SUB-030,PD,14.241666666666667,20.75,1169,0.4346643163984741,79.18543096450655,0.0054891955641853,76.56573493027037,76.66671443814275,50.76554119034669
SUB-030,PD,14.491666666666667,21.0,1144,0.7436808200761569,76.30515837989385,0.0097461408359007,95.03225704166468,107.58863769297352,35.27868767600393
SUB-030,PD,14.741666666666667,21.25,1109,0.3314028111449184,76.12183612183611,0.0043535840440645,120.45984413711852,160.62895333600196,26.17979886148968
SUB-030,PD,14.991666666666667,21.5,1255,0.5084621721074745,83.86103791677155,0.0060631514316827,74.67059276170647,86.14407371030637,32.70753590341968
SUB-030,PD,15.241666666666667,21.75,1133,0.2797158389922668,76.71577921022697,0.0036461317589664,71.24887243044957,98.19939871571113,17.96834244463608
SUB-030,PD,15.491666666666667,22.0,1165,0.3670129136386477,78.78728447619982,0.0046582759651973,71.35545173708574,70.56649760468801,41.42856085159087
SUB-030,PD,15.741666666666667,22.25,1129,0.1320662317506534,75.2336474547282,0.0017554144484371,77.83603640162286,99.75783177274856,30.87914694888905
SUB-030,PD,15.991666666666667,22.5,1170,0.4172909729582297,79.03509631135775,0.0052798186177229,124.45616986742505,170.7893439298834,26.90109643357839
SUB-030,PD,16.241666666666667,22.75,1174,0.5480690717714405,79.88767638459497,0.0068604958433504,93.19205531575903,111.71751460292028,23.34545891902082
SUB-031,Control,17.985,0.0,853,0.4470503322607085,62.23286863368576,0.0071835083626327,159.2195260261159,176.3813789635131,82.8400987042444
SUB-031,Control,18.235,0.25,910,0.8360445178620377,60.651099551115216,0.0137844907025542,71.03815407322473,53.72766760456499,53.99602775119369
SUB-031,Control,18.485,0.5,931,0.5100600925840014,62.11256094781144,0.0082118670491233,95.72426165216346,112.82693474654478,37.03088381286212
SUB-031,Control,18.735,0.75,863,0.4522023343369435,57.75298719463024,0.0078299384378681,72.28814621732555,56.219820468026015,48.79449059327918
SUB-031,Control,18.985,1.0,926,0.6884919991213351,61.77939330322941,0.0111443632303418,69.19172606975191,48.70587954962628,39.201483566140645
SUB-031,Control,19.235,1.2500000000000002,952,0.3520682796099816,63.859544777145615,0.0055131661341873,110.6618951603055,130.98746538630357,48.507503752690674
SUB-031,Control,19.485,1.5000000000000002,872,0.6064712232107314,58.12054681303446,0.0104347129623825,60.511585517145726,53.41009592509546,38.35311785321073
SUB-031,Control,19.735,1.7500000000000002,870,0.4002005216493051,58.119014827029126,0.0068858793088692,97.25176120770432,113.01672534246708,51.41048165348382
SUB-031,Control,19.985,2.0000000000000004,810,0.4831052787460683,54.18483047729477,0.0089158769067018,72.02400148647295,73.78608040348979,48.64494045109342
SUB-031,Control,20.235,2.2500000000000004,789,0.6002949842854178,53.02116478561373,0.0113217992609678,65.71741150196745,47.98761208588717,23.261474789736656
SUB-031,Control,20.485,2.5,805,0.4786579240602931,53.9246060321873,0.0088764287637926,97.49182540673118,80.19270168154378,72.61411371092224
SUB-031,Control,20.735,2.75,779,0.5456030395857507,52.10899855735892,0.0104704188276652,82.14118208365565,78.06305539092472,45.6595400943455
SUB-031,Control,20.985,3.0,790,0.4244566124943921,53.11442123770048,0.0079913628465391,116.1855446259525,124.75784402241167,60.03269399708171
SUB-031,Control,21.235,3.25,902,0.3848145720092059,61.22864577440888,0.0062848780524563,131.70891630256128,135.04351253381066,83.24292412549948
SUB-031,Control,21.485,3.5,831,0.254239599387081,56.04999308649304,0.00453594345667,163.9025464962178,150.0687191986648,102.6077436417227
SUB-031,Control,21.735,3.75,775,0.2614369206969101,52.4612801906206,0.0049834262478339,130.47784643546177,138.62225828111468,62.35292037055438
SUB-031,Control,21.985,4.0,790,0.7919134554596023,52.845519391183934,0.0149854418043947,49.55726696869224,27.613712359372464,28.369627308922464
SUB-031,Control,22.235,4.25,787,0.518150364749474,52.82080079108154,0.0098095893471755,78.30372835388204,53.34031840390555,58.38694922310701
SUB-031,Control,22.485,4.5,768,1.2667417600186894,51.1848720267121,0.0247483623551429,30.181985392476065,35.32756014596839,8.786287392743775
SUB-031,Control,22.735,4.75,758,1.0779787811192332,50.57941680197513,0.0213125980740279,48.880348437263,48.18565483182723,16.34346887238848
SUB-031,Control,22.985,5.0,755,1.0554097547471268,50.68264941591882,0.0208238868115611,61.317465000147415,36.58629564710971,33.90378858097467
SUB-031,Control,23.235,5.25,769,1.350853424702969,51.23199968021639,0.0263673765055985,34.671529080060175,28.59828629772537,11.28232889514907
SUB-031,Control,23.485,5.5,757,1.2594353124347455,50.6032391866493,0.0248884326908271,57.899732135469904,38.289726750176406,19.869157965560376
SUB-031,Control,23.735,5.75,715,0.8587057228351584,50.41880515658623,0.0170314572145902,115.25210619936264,136.85008358839704,42.50269913790784
SUB-031,Control,23.985,6.0,801,0.4498904240492362,55.39310548317979,0.008121776530219,205.27287199914292,160.32052660217906,151.6731766256461
SUB-031,Control,0.4849999999999994,6.5,690,1.3005154611837295,45.999284455575136,0.0282725150309616,28.44015687888661,28.537755400681807,15.664523414304073
SUB-031,Control,0.7349999999999994,6.75,657,0.8505463341584829,48.03515266575601,0.0177067478077327,67.78896173802157,30.67952463300755,53.69183297530201
SUB-031,Control,0.9849999999999994,7.0,645,1.1636686165941683,47.91074488209252,0.0242882597517098,35.63724060995302,22.664752233122247,15.894233457713542
SUB-031,Control,1.2349999999999994,7.25,698,0.9882155407836466,46.4985627414167,0.0212526040058316,56.24668071267069,25.52338787369209,30.875722913056148
SUB-031,Control,1.4849999999999994,7.5,672,1.3415657089963031,44.8062230865398,0.0299415040273573,30.06942587562211,30.30355613055955,11.414486089731726
SUB-031,Control,1.7349999999999994,7.75,710,0.7832680985171591,47.45899420354115,0.0165041023658844,101.11557488682828,83.74970264983106,56.971529624280855
SUB-031,Control,1.9849999999999997,8.0,697,1.1482191219668938,46.48407236932052,0.0247013452875681,47.07385081652463,58.06422326173412,10.391804527585933
SUB-031,Control,2.2349999999999994,8.25,690,1.3858380559568808,45.98456962219345,0.0301370235133838,43.80472327211955,43.37613531262237,15.07086873234574
SUB-031,Control,2.4849999999999994,8.5,712,1.2417734011880008,47.4642407165856,0.0261622936012559,32.232791068272164,31.06010234699665,10.605790233399118
SUB-031,Control,2.7349999999999994,8.75,693,1.0810547250869853,46.38445551811035,0.0233064010994997,61.38276941497894,57.28623244502701,26.06263788576088
SUB-031,Control,2.9849999999999994,9.0,685,1.2494869917724354,45.62165330207528,0.0273880252322113,54.59149676632124,49.69340208243259,22.586748004998608
SUB-031,Control,3.2349999999999994,9.250000000000002,766,0.2720924261341627,52.20502626721567,0.0052119967288482,241.4105368230701,193.56146783403287,191.9132579614821
SUB-031,Control,3.4849999999999994,9.500000000000002,728,0.556550377959838,49.26475066487112,0.0112971317310795,98.96237469117509,83.14760412379194,61.13321733655236
SUB-031,Control,3.735,9.750000000000002,671,1.1202127381149762,44.74660816042092,0.0250345843890313,49.2290251257297,51.24943392479511,26.940901892425774
SUB-031,Control,3.985,10.000000000000002,653,1.0519174554241322,43.91943395718808,0.0239510704179275,44.54916625799363,51.49782591158225,13.687536895666954
SUB-031,Control,4.234999999999999,10.250000000000002,673,0.7626064649070685,45.08125343300779,0.0169162657830782,75.76926634685796,49.04512317389831,54.36637919361833
SUB-031,Control,4.484999999999999,10.500000000000002,693,0.8011588775229752,46.674891086308136,0.0171646651738624,61.90472758454466,50.56271502094224,23.766728594995392
SUB-031,Control,4.734999999999999,10.750000000000002,664,0.8988809196475142,44.5683448408561,0.0201685955100469,60.45131287007996,44.65697988206355,33.96819182010738
SUB-031,Control,4.984999999999999,11.000000000000002,856,0.3014487475696611,57.65519811677648,0.0052284747501708,221.0376153801969,151.15268605924268,177.73916562179085
SUB-031,Control,5.234999999999999,11.250000000000002,851,0.4074836969184934,57.3599590189717,0.0071039746870062,187.2382044702521,181.8366687927577,106.64380711190736
SUB-031,Control,5.484999999999999,11.500000000000002,736,0.5096752613066784,49.22489736452842,0.0103540136921433,78.94471452491103,65.28132735078441,48.201980037993145
SUB-031,Control,5.734999999999999,11.750000000000002,726,0.3592327645010761,50.66400552698242,0.0070904927623568,165.75539102898708,142.0516030568979,95.2322746049844
SUB-031,Control,5.984999999999999,12.000000000000002,818,0.4384268010360277,56.289245061215134,0.0077888200589514,127.0581847454061,132.78824216873244,69.01250043988719
SUB-031,Control,6.234999999999999,12.250000000000002,863,0.470464871753286,57.98166041648703,0.0081140289597417,96.59377969853394,100.0348025286068,63.37036593833896
SUB-031,Control,6.734999999999999,12.750000000000002,697,0.9622237910552672,46.44844855295645,0.0207159511465323,43.700144785028165,32.34865290591845,21.45308056118405
SUB-031,Control,6.984999999999999,13.000000000000002,737,0.3903087622275354,52.11144448398828,0.0074898856881133,193.78538730578904,160.43768684039188,115.91039178461946
SUB-031,Control,7.234999999999999,13.250000000000002,709,0.3807131384491004,50.36673948176959,0.0075588204113728,178.43460561491744,188.20011662670424,93.01127444865232
SUB-031,Control,7.484999999999999,13.500000000000002,683,0.3471380007085097,47.80781677636721,0.0072611138536681,154.89077873945342,143.60993112147762,83.13855267501337
SUB-031,Control,7.734999999999999,13.750000000000002,857,0.4371616580614172,59.82798581441457,0.0073069760265285,180.698494298736,212.30023870721436,79.58363971674794
SUB-031,Control,7.984999999999999,14.000000000000002,863,0.5161296068462881,58.62419940832355,0.0088040367639205,119.54695450505774,133.68859476870006,67.48874164969102
SUB-031,Control,8.235,14.250000000000002,832,0.820569701492331,55.85579537444195,0.0146908605631959,92.66011579878632,75.28456244782384,56.566826684462285
SUB-031,Control,8.485,14.500000000000002,953,0.5902145379467101,63.519147390416144,0.0092919153073481,86.60407635774845,113.3737590613343,24.856694728631496
SUB-031,Control,8.735,14.750000000000002,1005,0.3804484471210135,67.02509717527563,0.0056762088106506,136.15266665508844,152.75676574892424,64.35854147353274
SUB-031,Control,8.985,15.000000000000002,1111,0.4512871711312719,75.11095937179924,0.0060082732920158,82.75953048042192,102.13814615950744,29.188142618211685
SUB-031,Control,9.235,15.250000000000002,1073,0.5075285255368424,71.5193473276337,0.0070963808326134,68.99520250164927,76.31068052826267,37.838377200177376
SUB-031,Control,9.485,15.500000000000002,1072,0.3109617254994255,71.75392153253524,0.0043337244690999,95.7373459009756,114.5425725820178,44.75808980276734
SUB-031,Control,9.735,15.750000000000002,1127,0.3088663007546681,75.43120277183455,0.0040946755375084,81.09508984801052,96.40376808448984,41.354983323179184
SUB-031,Control,9.985,16.000000000000004,1089,0.2858911572173198,72.58201578942106,0.0039388704503159,83.06305963652918,111.22334032847392,22.889624947134152
SUB-031,Control,10.235,16.250000000000004,1027,0.3644073794754273,68.45715872795445,0.0053231449602453,77.49792899749656,96.06541184436004,31.999332803734003
SUB-031,Control,10.485,16.500000000000004,1036,0.3807110680501609,69.31056283611329,0.0054928289783241,70.8925392065952,79.20065021935794,37.59939809078705
SUB-031,Control,10.735,16.750000000000004,1009,0.2188356273944904,67.4296215854983,0.0032453930816891,134.25442663727654,105.41387159855589,115.84680003854756
SUB-031,Control,10.985,17.000000000000004,859,0.7939020713257016,57.359653037535296,0.0138407753409209,62.1456120692558,48.9945051864139,41.51090797665108
SUB-031,Control,11.235,17.250000000000004,878,0.8777910744127739,58.56365629314735,0.0149886658377148,53.04657811605259,55.45330968753954,26.683893550373284
SUB-031,Control,11.485,17.500000000000004,902,0.3120219825438557,62.98127668587216,0.0049542022480761,140.02294570241403,147.65588275253967,92.08323582817204
SUB-031,Control,11.735,17.750000000000004,1014,0.3202658407501132,70.39963712481587,0.0045492541414992,167.61656853242675,226.6832681240149,56.375977064504994
SUB-031,Control,11.985,18.000000000000004,857,0.2724873426603875,59.14382923513296,0.0046071981842278,123.00124305858178,170.54127340494276,33.72306289642379
SUB-031,Control,12.235,18.25,832,0.220553307765729,58.929842558631776,0.0037426420670696,155.37705289715998,223.1048115110345,33.97290363253556
SUB-031,Control,12.485,18.5,806,0.2643993810296859,59.19665874276873,0.004466457848214,180.2979503298529,240.11519233497515,47.92348677094718
SUB-031,Control,12.735,18.75,1007,0.1966537869763554,68.88759419027433,0.0028547053977988,153.26271881935327,199.97447153177708,65.55441777559312
SUB-031,Control,12.985,19.0,1016,0.3256519932022177,67.94789769472044,0.0047926720951003,108.11959768296558,134.1756587059015,50.84501275217215
SUB-031,Control,13.235,19.25,860,0.3536680150202294,60.72345643562725,0.0058242405123158,202.28642320019168,251.6736018390307,69.52922293943786
SUB-031,Control,13.485,19.5,798,0.2703558692144703,54.5104928144742,0.0049597032654726,115.93345880477445,137.18326128545502,46.82362968650062
SUB-031,Control,13.735,19.75,692,0.2980058128931585,53.00847344022694,0.0056218523860943,148.81118534713093,180.05700978521512,71.511671401494
SUB-031,Control,13.985,20.0,732,0.3586151162214377,52.35352456515105,0.0068498753274034,111.59323618137962,116.67717690915866,49.7587907762127
SUB-031,Control,14.235,20.25,725,0.222584232922073,55.58586866656529,0.0040043312852994,175.10725013357597,226.69085662006336,63.88230191797057
SUB-031,Control,14.485,20.5,603,0.4476983199674451,53.92016596323056,0.0083029848289551,135.17374794385145,154.95281673878145,65.29465655974744
SUB-031,Control,15.735,21.75,737,1.4255701431786434,55.61291799295469,0.0256337950718435,29.77438774905245,18.91733303429516,11.81226875603402
SUB-031,Control,15.985,22.0,804,0.3454688492796177,56.721510786376015,0.0060906143805075,167.8877966943755,223.451405255338,63.666964966556215
SUB-031,Control,16.235,22.25,913,0.3438216005419813,62.74317562018732,0.0054798246525373,177.8242152008235,237.30360762740725,53.00871694797702
SUB-031,Control,16.485,22.5,889,0.3565676930048584,61.217814452867216,0.005824574042567,103.56174360689802,140.83639716268578,30.314013397461917
SUB-031,Control,16.735,22.75,728,0.2797066265711051,59.72965766209259,0.0046828767737709,112.05976682074024,144.95845347016564,44.2524288589186
SUB-031,Control,16.985,23.0,666,0.3579542845488053,58.23502408242675,0.0061467182368148,170.40199220216078,210.4845501804388,43.563369619129936
SUB-031,Control,17.235,23.25,749,0.324124243287227,57.85987969676994,0.0056018824267503,165.40504041754338,208.87092706052465,59.60325633936081
SUB-032,Control,17.62027777777778,0.0,948,1.067668731260466,63.16420694939534,0.0169030655623657,96.38587013491352,74.87716798270937,65.2237866187815
SUB-032,Control,17.87027777777778,0.25,1005,1.040152305861739,67.03329320229047,0.0155169506997486,78.6913883969352,54.81998792135229,52.10958244330893
SUB-032,Control,18.12027777777778,0.5,1022,0.868089352824707,68.16029451649763,0.0127359976799189,100.1433599244538,82.25556195823856,67.01117818322342
SUB-032,Control,18.37027777777778,0.75,916,1.223808032671025,61.11888936213276,0.0200234010376055,92.74128063847516,52.58669656612502,67.5614130711905
SUB-032,Control,18.62027777777778,1.0,1032,1.0016457271561283,68.9558401988494,0.0145259012763481,73.09415301463143,35.72058556048186,46.51150883080648
SUB-032,Control,18.87027777777778,1.25,1083,0.7094566244250555,72.58396919705241,0.0097742880731557,112.00084491513324,107.36046267781992,64.355795622261
SUB-032,Control,19.12027777777778,1.5,979,0.6210079525532244,65.27674829779266,0.0095134633502297,151.53263314157195,93.76892583336306,124.48966913075247
SUB-032,Control,19.37027777777778,1.75,851,1.16787742959445,57.04696486908023,0.020472209735867,59.89747118765667,52.20699750258861,33.62626954172224
SUB-032,Control,19.62027777777778,2.0,815,1.1240319101515155,54.37217923471992,0.0206729236527226,63.54150615049918,53.53629736109077,32.896097052264366
SUB-032,Control,19.87027777777778,2.25,840,0.9788293882463776,55.955049443613625,0.0174931377593143,92.96160602614388,63.783220094891895,68.95112004586628
SUB-032,Control,20.12027777777778,2.5000000000000004,894,0.8398660932871017,59.58205917995804,0.014095956145967,89.19212381530836,59.31316474239188,55.83026758646148
SUB-032,Control,20.37027777777778,2.7500000000000004,886,0.8610652174473253,59.22717230360944,0.0145383475853506,84.88650390885049,45.40606495241882,60.20454484253657
SUB-032,Control,20.62027777777778,3.0000000000000004,886,0.8322304614949511,59.22558866291215,0.0140518731900102,84.46636701311282,74.03398211952789,36.33797965862289
SUB-032,Control,20.87027777777778,3.2500000000000004,930,0.6618391569852544,62.25538542554568,0.0106310346078698,93.06013700375976,54.12302097401941,67.86125521278498
SUB-032,Control,21.12027777777778,3.5000000000000004,940,0.813139309311862,62.649264093307416,0.0129792316171631,72.8376639484404,71.77902874089447,36.19139686498155
SUB-032,Control,21.37027777777778,3.75,971,0.8719865392706867,64.70723474865137,0.0134758739522377,77.32631136623068,59.39768991307919,41.28592253772104
SUB-032,Control,21.62027777777778,4.000000000000001,973,1.0878602140529745,64.88966644844118,0.0167647681610036,55.36614359192801,42.51084344846134,25.437058503400262
SUB-032,Control,21.87027777777778,4.250000000000001,972,0.876098742965991,64.79748009799619,0.013520568109146,69.8474547325059,42.335755206421474,45.07004597652938
SUB-032,Control,22.12027777777778,4.500000000000001,926,0.6787777652314759,64.68995163389866,0.0104927851712256,97.5843335838017,126.90621350835043,41.33947084362238
SUB-032,Control,22.37027777777778,4.75,919,1.016913090298303,61.2608809168023,0.0165997137990777,47.606382960911645,54.44384086633553,14.4489957587966
SUB-032,Control,22.62027777777778,5.0,937,1.1464048557660458,62.46139214910741,0.018353815314096,71.83009153681658,48.48844474206481,35.56145561131172
SUB-032,Control,22.87027777777778,5.25,950,1.2552459265754925,63.29359901839401,0.0198321148748501,51.16548607978971,43.1314431817187,22.3973423102676
SUB-032,Control,23.12027777777778,5.5,922,1.3280850630618255,61.520052401028,0.0215878402444214,27.344993355671026,25.358386663163785,9.479296466212348
SUB-032,Control,23.37027777777778,5.75,910,1.1203859593722771,60.63661785381911,0.0184770522998705,38.6986538186013,30.231941668204215,15.563628757347187
SUB-032,Control,23.62027777777778,6.0,899,1.3270539998390194,59.93353311177704,0.0221420952668357,28.43222153868074,28.907174223772945,9.063278416758571
SUB-032,Control,23.87027777777778,6.25,890,0.9558591260065544,59.30657947636955,0.0161172526631284,60.14279637718294,35.80532603298647,45.01962622389439
SUB-032,Control,0.1202777777777797,6.5,913,0.6365980289019254,60.90496912502751,0.0104523167493131,90.2260731105028,39.611435084754056,63.59466391138586
SUB-032,Control,0.3702777777777797,6.75,837,1.0489704935592166,55.81494600220726,0.0187937204761917,63.54068219993177,43.77392715492401,31.9255403581417
SUB-032,Control,0.6202777777777797,7.0,815,0.7913265847830343,54.71567430634735,0.0144625209286918,84.05087088997723,46.97178828135985,69.70324043189868
SUB-032,Control,0.8702777777777797,7.25,791,1.323575591136419,52.70592625168246,0.0251124623977966,45.316279638505726,57.60970821843015,13.406398734061453
SUB-032,Control,1.1202777777777797,7.5,789,1.3353380993408437,52.59450679595687,0.0253893073761744,46.69248885322829,54.3108532590484,19.93379015680772
SUB-032,Control,1.3702777777777797,7.75,804,0.847740650110587,53.6290192581986,0.0158074986609229,81.29726485376055,49.337882504848814,65.3377444052747
SUB-032,Control,1.6202777777777797,8.0,770,1.2446881535743404,51.33641351814442,0.0242457169925673,60.12767118034718,54.20727929659099,31.850280482703184
SUB-032,Control,1.87027777777778,8.25,798,0.9322237290208072,53.190248454450014,0.0175262149756477,80.59283515458418,52.03906215490782,46.761109273610494
SUB-032,Control,2.12027777777778,8.5,755,1.2191976635516155,50.3441293521833,0.0242172757626355,68.03616991995244,60.02153680668802,28.06822772116079
SUB-032,Control,2.37027777777778,8.75,814,0.6297830042945516,54.23376484932474,0.0116123784886453,108.80551089641034,57.32243023991644,90.74324675990304
SUB-032,Control,2.62027777777778,9.0,836,1.3113997231263783,55.71358596230891,0.0235382393804907,38.03033204734507,36.32733748985461,13.678095207217844
SUB-032,Control,2.87027777777778,9.250000000000002,852,1.243751895239665,56.79930578626261,0.0218973080396429,36.02365832566577,37.94293445386932,11.596337136404902
SUB-032,Control,3.12027777777778,9.500000000000002,851,1.3384122418233866,56.766510204853056,0.0235774973130013,30.21273047475235,30.591694374550144,9.325124309894656
SUB-032,Control,3.37027777777778,9.750000000000002,855,0.8935277545801654,57.00456036482919,0.0156746714449087,58.86954011715503,31.31847065575612,34.10345825877679
SUB-032,Control,3.62027777777778,10.000000000000002,812,0.8076302529030279,54.14831436697486,0.0149151504039358,78.61119791273784,39.02577478296369,46.02224076165504
SUB-032,Control,3.87027777777778,10.250000000000002,802,0.7310800360993641,53.47248922660467,0.0136720778604715,96.87751643374168,41.428894607080025,80.48723330663651
SUB-032,Control,4.12027777777778,10.500000000000002,746,0.9878449285947586,49.720350797291815,0.0198680200914544,90.93976267723478,67.60831726761427,57.89062798526096
SUB-032,Control,4.37027777777778,10.750000000000002,780,0.9496914971190126,52.037409115219496,0.0182501687394973,84.17366044905758,56.85713917100621,56.17175940850515
SUB-032,Control,4.62027777777778,11.000000000000002,775,1.3685182834708265,51.63098392000196,0.0265057564192701,43.77655430337876,49.55927205910539,19.024028319290963
SUB-032,Control,4.87027777777778,11.250000000000002,779,0.8629085481328325,51.99462922400742,0.0165961092715015,87.60659364223064,55.164919835550606,54.178135163996245
SUB-032,Control,5.12027777777778,11.500000000000002,764,1.2054187845659237,50.884766650496914,0.0236891876275146,45.77996141832254,52.87866622817536,11.115342323934032
SUB-032,Control,5.37027777777778,11.750000000000002,778,0.9451962978048464,52.02476414437206,0.0181681995747614,84.99811802441062,55.58546470745645,50.20616170442657
SUB-032,Control,5.62027777777778,12.000000000000002,787,0.8862784062864624,52.57227853287493,0.016858284080882,108.08035057286548,51.02628669462671,68.79117449479237
SUB-032,Control,5.87027777777778,12.250000000000002,785,0.9764379013773858,52.75431274907093,0.0185091578393196,88.77710895688861,52.35205100946818,39.09358883692653
SUB-032,Control,6.12027777777778,12.500000000000002,784,0.7751923994092131,52.26271792797877,0.0148326078348522,111.0121686686392,51.950007897611926,83.06764427876571
SUB-032,Control,6.37027777777778,12.750000000000002,758,0.8919926863499527,50.5260912602527,0.0176541003687664,119.54993473095992,60.18573190521965,94.56358111951752
SUB-032,Control,6.62027777777778,13.000000000000002,846,0.7285248856606266,56.40463771465655,0.0129160458284677,116.26973243515836,47.43154519188619,103.17896292083503
SUB-032,Control,6.87027777777778,13.250000000000002,1135,0.5183937632453743,75.65960510352367,0.0068516583259463,125.45704893665064,54.497924818508544,108.44924389130406
SUB-032,Control,7.12027777777778,13.500000000000002,958,0.8885048757969342,63.875822201182174,0.013909877715523,79.45047242419506,45.30825571049597,55.6032660063363
SUB-032,Control,7.37027777777778,13.750000000000002,977,0.7951003535608958,65.12964265358296,0.0122079643180286,103.3446305270611,40.45229684050253,81.83579404619202
SUB-032,Control,7.62027777777778,14.000000000000002,946,0.8273543571094286,63.09295539808253,0.0131132604565639,86.99026603592918,41.77656617628454,69.29761177455919
SUB-032,Control,7.87027777777778,14.250000000000002,1114,0.4161127099135827,74.25965325497036,0.0056034830715524,134.59563194252138,63.15974698187142,131.341467916425
SUB-033,PD,17.946666666666665,0.0,1064,0.2077551638185288,75.5292906706419,0.0027506568905099,119.59487115682684,166.71315657658536,21.33256350258484
SUB-033,PD,18.196666666666665,0.25,1117,0.2611187520663914,75.10741638108217,0.0034766041044671,82.98319881173575,97.1955728965111,19.301505389836404
SUB-033,PD,18.446666666666665,0.5,1090,0.5092929131630731,72.66311424774788,0.0070089607146016,39.41185627929519,42.96277244714627,13.84647539697054
SUB-033,PD,18.696666666666665,0.75,1093,0.2369598186022926,75.8276522334354,0.0031249789703736,128.6245226094464,163.5389693788441,38.49237568241286
SUB-033,PD,18.946666666666665,1.0,1176,0.1844709361880988,80.11417632612464,0.0023026004216427,120.48945366020538,160.50386884712037,20.60335701082206
SUB-033,PD,19.196666666666665,1.25,1242,0.2732270497204846,83.19081194768312,0.0032843416637442,103.40343015955834,140.1555771915224,33.50949517423083
SUB-033,PD,19.446666666666665,1.5,1162,0.304146974784698,78.08466339708605,0.0038950923465983,77.90284209086273,109.14444908734724,14.461756652702602
SUB-033,PD,19.696666666666665,1.75,1071,0.2136975201399041,74.60295346893285,0.0028644646116979,123.74014403855304,153.60449577240675,54.69164053363414
SUB-033,PD,19.946666666666665,2.0,1118,0.2260915017647947,74.81972662022966,0.0030218167317342,93.04194302345552,125.68701802315294,18.32079050805731
SUB-033,PD,20.196666666666665,2.25,1072,0.2808198026038304,73.9391932902941,0.0037979830467083,112.59580198372052,151.97824676028034,21.407710896877603
SUB-033,PD,20.446666666666665,2.5,1104,0.342014999335609,73.86492887824329,0.0046302758904618,72.31384274300899,97.98208339931888,17.728327137845415
SUB-033,PD,20.696666666666665,2.75,1061,0.3419587073734105,72.919041079101,0.0046895667073084,96.67140151326372,121.14075705091132,39.69110227771918
SUB-033,PD,20.946666666666665,3.0,1080,0.5788621082887045,71.97808667139115,0.0080421991616898,41.594781817409775,43.45419328222631,20.73538419908534
SUB-033,PD,21.196666666666665,3.25,1038,0.3085238268157867,70.99409978387153,0.0043457671518482,132.21223355059968,166.66069677511268,37.40615867265819
SUB-033,PD,21.446666666666665,3.5,1073,0.3555358226013535,71.97751457326659,0.0049395401426295,95.50302232512377,132.48593279310714,21.85996586478315
SUB-033,PD,21.696666666666665,3.75,1007,1.1737565964013053,67.15430039823545,0.0174785023362725,26.850637943308744,20.761712543850496,16.077934729832837
SUB-033,PD,21.946666666666665,4.0,941,0.985380569939178,62.69355775391391,0.0157174134830091,30.21460073145664,23.307199143502707,24.122737923471817
SUB-033,PD,22.196666666666665,4.25,930,1.129809466267878,62.04274055460428,0.0182101798883871,17.8612862042031,23.34797838626529,7.519020501392281
SUB-033,PD,22.446666666666665,4.5,956,1.1743597684431368,63.68988268003829,0.0184387177213501,16.649134973661607,20.99438967690557,5.061094591844388
SUB-033,PD,22.696666666666665,4.75,1149,0.2682052149991961,77.33710857483885,0.0034680015834785,124.90420192290092,126.41420910961062,77.30636605318891
SUB-033,PD,22.946666666666665,5.0,966,1.156338673762207,64.44152898534611,0.0179439981013665,21.259958501973543,25.821006028650515,6.696305073677542
SUB-033,PD,23.196666666666665,5.25,959,1.1341211111727756,63.878539741466206,0.0177543368361717,18.433778652060617,26.156746077149347,3.394067913270702
SUB-033,PD,23.446666666666665,5.5,982,0.5953175372310116,65.48376520535918,0.0090910706701741,51.93609161607812,24.207857967193977,46.36318339997798
SUB-033,PD,23.696666666666665,5.75,951,1.1126180173780662,63.41479678591672,0.017545085276141,18.77249375194845,25.658260186331297,6.559594007087194
SUB-033,PD,23.946666666666665,6.0,957,0.6535153002974741,63.77534020178864,0.0102471472238284,49.21141389253616,46.4137297534192,29.37690356220775
SUB-033,PD,0.1966666666666654,6.25,960,1.2253384330086037,64.01450995558993,0.0191415732754758,19.42517662636788,19.862772174515968,5.89249177684913
SUB-033,PD,0.4466666666666654,6.5,950,1.0311132135954355,63.31581595758507,0.0162852392881767,25.907579004622583,22.74344936318416,13.91732470029756
SUB-033,PD,0.6966666666666654,6.75,927,1.178235449921878,62.10195349834306,0.0189725988241789,19.441562437550225,24.161064120573094,7.810688730586435
SUB-033,PD,0.9466666666666654,7.0,987,0.9631241323872352,65.81938015082218,0.0146328350431176,25.05133706099869,20.76703582306025,19.42499575432755
SUB-033,PD,1.1966666666666654,7.25,943,0.3132860800067692,66.99822380106572,0.0046760356056153,80.34718813077731,81.21582083646096,141.0790111584958
SUB-034,Control,18.721666666666664,0.0,1110,0.653440768402721,76.8356628229607,0.0085043942408401,97.2603105603753,132.31685540938582,24.41809020743539
SUB-034,Control,18.971666666666664,0.25,1202,0.6298719715823927,80.1678054896939,0.00785691921757,73.78308684853863,56.323719386495824,57.92863308623728
SUB-034,Control,19.221666666666664,0.5,1092,1.2079383742776353,72.78576633902703,0.016595804853537,46.713432841475054,26.885932112436368,31.093448340024104
SUB-034,Control,19.471666666666664,0.7499999999999999,1055,0.903815733947294,70.5377360172589,0.0128132228928661,64.37881046162799,53.75693768385724,31.56568833993515
SUB-034,Control,19.721666666666664,1.0,1044,0.7064333521177297,70.5429237474239,0.0100142340945079,78.2192066483021,85.88392688629993,38.49891865206166
SUB-034,Control,19.971666666666664,1.25,997,0.717216054599119,66.4246715132322,0.0107974347220707,60.14789740046729,43.52555451206026,36.7906474776166
SUB-034,Control,20.221666666666664,1.5,1143,1.0224661639549797,76.22634043541713,0.0134135543975283,58.39098271131009,40.63571022769606,37.92321135441676
SUB-034,Control,20.471666666666664,1.75,949,0.2737218596805474,63.66008599813514,0.0042997406520714,121.67550926535496,105.22445368833444,89.46953467439428
SUB-034,Control,20.721666666666664,2.0,921,0.7240636393227442,61.40231964318652,0.0117921219186886,56.64357378148733,61.57023207899147,23.273779596192316
SUB-034,Control,20.971666666666664,2.25,916,1.2623485000240375,61.07976488291378,0.0206672128231646,34.34855084066984,29.21656465557208,23.71582783809894
SUB-034,Control,21.221666666666664,2.5,894,1.040147880194081,59.59344472108068,0.0174540653768607,48.16187618275372,54.29486910151161,19.774199055086147
SUB-034,Control,21.471666666666664,2.75,874,1.1077917134956627,58.48168432603873,0.018942541177844,36.86932054237102,27.99075285039204,26.64207525969741
SUB-034,Control,21.721666666666664,3.0,888,1.2694252750276709,59.16956054829571,0.0214540257400007,37.37376223350817,27.144670663576804,20.358332221486485
SUB-034,Control,21.971666666666664,3.25,861,1.2666204941537529,57.38151040220374,0.0220736694673186,34.73239931093097,26.608946738111005,20.706608132890945
SUB-034,Control,22.221666666666664,3.5,871,0.4657403898826716,58.079573238497446,0.0080190050290169,88.38641174629079,63.32260042147615,62.969806659695465
SUB-034,Control,22.471666666666664,3.75,883,0.8437549647889515,58.89113920673702,0.0143273670055346,65.45462136340312,37.92708423832317,49.81331685049473
SUB-034,Control,22.721666666666664,4.0,920,0.8893157392282763,61.322431567721296,0.0145022908663718,61.91408353426061,20.36829023280101,47.67640042472914
SUB-034,Control,22.971666666666664,4.25,845,0.793027233216846,56.36076223762231,0.0140705555023079,65.4155424916188,29.51198647959104,55.0807860970534
SUB-034,Control,23.221666666666664,4.5,829,0.5396669397795905,55.23469191723458,0.0097704345049709,96.25200193650711,37.421850936802045,74.20531806816027
SUB-034,Control,23.471666666666664,4.749999999999999,795,0.5994289961086985,53.64619826150329,0.0111737460534803,69.68288905243463,44.8284724204004,43.2970651167246
SUB-034,Control,23.721666666666664,4.999999999999999,779,1.2284228743634995,51.92456385143842,0.0236578371246053,36.51672076894282,29.108740372383654,19.41683368818095
SUB-034,Control,23.971666666666664,5.249999999999999,769,0.9190624841514422,51.27378802611474,0.0179246066954005,51.09977550222045,52.6457426460108,12.602840208505372
SUB-034,Control,0.221666666666664,5.499999999999999,794,0.7193935806295505,52.95110136957068,0.0135859984404963,83.15903717572627,51.452790590217816,58.58874021674789
SUB-034,Control,0.471666666666664,5.749999999999999,786,0.9999503012667106,52.37893202956145,0.0190906966316602,57.17926329750605,47.70100614516581,39.7595773052076
SUB-034,Control,0.721666666666664,5.999999999999999,835,0.7056753170376485,55.71916650355001,0.012664857737825,73.59721307493683,35.59575190885613,45.33922426995864
SUB-034,Control,0.971666666666664,6.249999999999999,909,0.3146911583175532,60.76846368543908,0.0051785274669196,127.42726151882415,26.147687122386564,112.65987534712714
SUB-034,Control,1.221666666666664,6.499999999999999,818,0.678406142198596,54.50771470742084,0.0124460573304174,59.36279877516695,36.27646124068442,23.350553952698093
SUB-034,Control,1.471666666666664,6.749999999999999,816,0.692768293532508,54.55341632970052,0.012698898440121,52.8076259756229,38.16652244549957,28.04389671325122
SUB-034,Control,1.721666666666664,6.999999999999999,793,0.7454466545898454,53.23487454896367,0.014002975697899,44.50463650236627,30.43167956607261,16.89634269071641
SUB-034,Control,1.971666666666664,7.249999999999999,801,0.6126936214212899,53.40777379818618,0.0114719932670569,54.31749881279883,42.03908895302086,30.264605651699604
SUB-034,Control,2.221666666666664,7.499999999999999,802,0.5968823025175325,53.43003740768828,0.0111712873783547,57.12506759322085,27.679681970851664,30.26675619782861
SUB-034,Control,2.471666666666664,7.749999999999999,828,0.5564598271700787,55.242659609365006,0.0100730093573507,64.04109582622125,43.83726915386266,27.732160016143148
SUB-034,Control,2.721666666666664,7.999999999999999,820,0.723493622382285,54.6172683817081,0.0132466094299324,55.41591700200077,28.50435350079297,26.12251489446321
SUB-034,Control,2.971666666666664,8.249999999999998,832,0.6641529373668422,55.66557833324413,0.0119311243546391,73.76421051023635,36.98445050045624,42.47913167821396
SUB-034,Control,3.221666666666664,8.499999999999998,819,1.232805326567463,54.651311509139134,0.0225576531015418,47.11528052157989,41.71050831226445,17.18499974484619
SUB-034,Control,3.471666666666664,8.749999999999998,797,1.26631919011729,53.15382708666564,0.0238236691415012,53.64472136273812,51.96415946926048,25.64272206735074
SUB-034,Control,3.721666666666664,8.999999999999998,775,1.1226673862476866,51.62106805655005,0.0217482401762362,42.74169076790355,44.36746078183188,14.957727460471755
SUB-034,Control,3.971666666666664,9.25,779,1.2771400529672632,51.91389446396183,0.0246011220339834,42.68540551171044,37.78295136542073,19.871006666584712
SUB-034,Control,4.221666666666664,9.5,825,0.5966651114602198,55.191822244422845,0.0108107521584959,99.62378012769568,73.17763332752348,61.59376756816496
SUB-034,Control,4.471666666666664,9.75,821,0.7125724727599902,54.82861327907608,0.0129963613913234,60.11540111267068,30.93908255375865,31.29526202414956
SUB-034,Control,4.721666666666664,10.0,979,0.7552640588651733,65.3842857317775,0.0115511556089096,110.24230713725048,31.880913381470265,94.0658276725359
SUB-034,Control,4.971666666666664,10.25,883,0.8625429645252269,58.901222050269496,0.0146438891164106,96.89431117698666,73.13894303763304,66.16315110296665
SUB-034,Control,5.221666666666664,10.5,769,0.8153035450394963,51.25994591820183,0.015905275170218,49.33661791488077,46.80592132234269,24.59491262276382
SUB-034,Control,5.471666666666664,10.75,785,0.9497981138856688,52.31008440693025,0.0181570747716062,44.86199029985596,39.69541239622184,22.445549166498918
SUB-034,Control,5.721666666666664,11.0,770,0.7248155079298366,51.52150130532288,0.0140682140381447,62.20413464103333,60.76436614050818,24.591097272519526
SUB-034,Control,5.971666666666664,11.25,922,0.3841565226615318,61.4813538789822,0.0062483419512474,159.4268534369958,53.39354635737095,155.2452116917465
SUB-034,Control,6.221666666666664,11.5,931,1.1488017242428747,62.08370519464787,0.0185040780127586,64.86435038339673,57.4675878727651,33.21719167939434
SUB-034,Control,6.471666666666664,11.75,982,1.2395368316773738,65.4386007778886,0.0189419825140302,54.18097550079483,50.11554437468935,26.5725278357369
SUB-034,Control,6.721666666666664,12.0,921,0.6807259749794943,61.406208850005946,0.0110856212706808,91.23035113041875,31.006591164656808,82.30287982797644
SUB-034,Control,6.971666666666664,12.25,932,0.6701974126934276,62.53585579177975,0.0107170103328389,95.66045298970646,42.05519109152116,81.7868310429539
SUB-034,Control,7.221666666666664,12.5,914,0.8918106866550672,60.93340103711226,0.0146358265167555,60.87651436570742,54.08328938387997,31.419715596982737
SUB-034,Control,7.471666666666664,12.75,936,0.6217789326189838,62.59487872242247,0.0099333834542002,90.84402873365472,31.82967706788728,77.21169461741098
SUB-034,Control,7.721666666666664,13.0,853,0.4949508642691759,56.865655721676056,0.0087038627795249,91.6531085216445,29.43533534947666,79.59291151575839
SUB-034,Control,7.971666666666664,13.25,890,0.7648246954004791,59.34665335997635,0.0128874106979767,106.1915619911552,34.75742712223504,91.85161930667444
SUB-034,Control,8.221666666666664,13.5,996,1.249181025564866,66.42228836787456,0.0188066544568048,73.33876455181226,65.50271773102818,30.13797189770815
SUB-034,Control,8.471666666666664,13.75,1091,0.9304712162845864,72.707320269859,0.0127974901678547,85.79378455141406,60.85973496039513,64.01572499103645
SUB-034,Control,8.721666666666664,14.0,1014,0.9603985722426002,67.62366828389936,0.0142021069932295,67.0398262035342,45.66374590448768,43.37393096421988
SUB-034,Control,8.971666666666664,14.25,968,0.9818400413341724,65.84922025135627,0.0149104277558085,90.00564264196758,79.45826140224324,51.885765414491445
SUB-034,Control,9.221666666666664,14.5,922,0.6625595478142977,61.66983451035912,0.0107436569771077,63.47129552508727,51.44518392394483,34.384376289666164
SUB-034,Control,9.471666666666664,14.75,881,1.0637429035823145,58.71115356420908,0.0181182422590106,35.901285076547886,22.929139856206007,17.23450306340914
SUB-034,Control,9.721666666666664,15.0,865,0.9122221950825036,57.69179464833572,0.0158119919937144,50.41609189309143,27.59193387232608,29.044056928636014
SUB-034,Control,9.971666666666664,15.25,843,0.9269744431190792,56.18121050626402,0.0164997235688918,41.74379457317303,21.55267534963678,23.7177059442782
SUB-034,Control,10.221666666666664,15.5,808,1.0274350396640357,53.89571046619567,0.0190633917018027,41.879746116248505,36.028540937453805,18.492424446797983
SUB-034,Control,10.471666666666664,15.75,803,0.8002074291112509,53.52679116996811,0.0149496618725057,57.05869906934681,53.751042441900815,36.731199120078585
SUB-034,Control,10.721666666666664,16.0,828,0.8316765117740292,55.325157801426336,0.0150325194689745,51.66412074771935,26.494734938167863,41.17282426347347
SUB-034,Control,10.971666666666664,16.25,933,0.3730767320700994,62.18044770366651,0.0059999042439847,102.19709708359878,44.51389810456415,90.10471391037152
SUB-034,Control,11.221666666666664,16.5,1070,0.7676273718875715,71.34062593065069,0.010760031354838,102.93079700185976,29.37552419769929,89.92598938131444
SUB-034,Control,11.471666666666664,16.75,871,0.653977735257792,58.07821777886935,0.011260292761527,54.364489497327455,22.90708368078793,40.955540123684194
SUB-034,Control,11.721666666666664,17.0,871,0.5413976578362186,58.08254256163352,0.0093211769657246,70.34648943588533,26.64949159550423,48.46975344991693
SUB-034,Control,11.971666666666664,17.25,864,0.9211566417554918,57.571917697922906,0.0160001034981804,46.63286516507122,28.07416514433804,25.30923160851064
SUB-034,Control,12.221666666666664,17.5,1016,0.613779261728137,67.75712361229054,0.0090585200345901,119.99237967607192,67.32130149861915,99.96574884140055
SUB-034,Control,12.471666666666664,17.75,1136,1.3540824154380426,75.72037673553636,0.0178826687586005,48.096562422593,26.2198767793823,21.8551120900839
SUB-034,Control,12.721666666666664,18.0,1014,0.846116058251004,67.6187078425031,0.0125130468364135,57.91781666020336,25.424316193347444,41.02629684213503
SUB-034,Control,12.971666666666664,18.25,1142,0.6590130097350564,76.12715857491558,0.0086567398819506,88.77724028781246,43.134971506553306,75.47284991023366
SUB-034,Control,13.221666666666664,18.5,1170,0.9228876191988424,77.9887349605057,0.0118336016049779,73.97214262987879,51.988516202499504,53.629913524064456
SUB-034,Control,13.471666666666664,18.75,1069,0.7205590370117811,71.3134958622829,0.010104104816335,82.2566944584269,26.520591250943585,69.24466058522734
SUB-034,Control,13.721666666666664,19.0,977,0.978494014400602,65.11329290873809,0.0150275615114727,45.93704952526372,25.5044595907538,20.863806110497684
SUB-034,Control,13.971666666666664,19.25,997,1.0831636364886577,66.45743646715734,0.0162986069591165,42.41176005126212,30.966898378441503,14.461517287956235
SUB-034,Control,14.221666666666664,19.5,982,1.0069772956996812,65.48172746398339,0.0153779891688646,41.99041917384493,26.297095028381037,19.4002709145524
SUB-034,Control,14.471666666666664,19.75,1042,0.7123577796277826,69.66490201562446,0.0102254902973668,86.52861999653587,33.25241860285476,65.11729907105497
SUB-034,Control,14.721666666666664,20.0,993,0.716936333244024,66.2437208557648,0.0108227062728713,65.48097520077357,46.7705664611492,42.6593795952905
SUB-034,Control,14.971666666666664,20.25,954,0.9462059471238996,63.54344633276384,0.0148906929310823,50.65808201888802,26.021078710360705,25.05648023974981
SUB-034,Control,15.221666666666664,20.5,1143,0.996807965810064,76.20999197672583,0.0130797542416023,73.8315002306344,43.06907049873748,46.43004138794485
SUB-034,Control,15.471666666666664,20.75,1149,0.7421320413859444,77.12599931533056,0.0096223329094476,80.79611964822132,25.34983454577678,74.21312398587936
SUB-034,Control,15.721666666666664,21.0,994,0.9985030656065282,66.318911231181,0.0150560835072495,45.03279200342988,24.921589018246017,18.1093657800156
SUB-034,Control,15.971666666666664,21.25,992,0.8980417642316307,66.10549557464134,0.0135849789253546,54.06137450253568,50.075372050278006,18.688343149320964
SUB-034,Control,16.221666666666664,21.5,1156,0.8490600446037668,77.03080454766058,0.0110223442373425,88.72071780965483,43.41979718836544,70.72270841847951
SUB-034,Control,16.471666666666664,21.75,1115,1.3865262176504765,74.36092950050352,0.01864589680312,44.42335169386847,25.346999369151145,19.7906982173406
SUB-034,Control,16.721666666666664,22.0,1126,1.2003422409991962,75.0486549894692,0.0159941872531576,57.18704677225145,44.42184647720583,28.06357791100635
SUB-034,Control,16.971666666666664,22.25,1008,0.5124858681379822,67.88457825807814,0.0075493710248836,133.2637821033824,154.11443857974098,64.2430708260207
SUB-034,Control,17.221666666666664,22.5,931,0.562645014242157,62.0797723963948,0.0090632583291305,106.88517981492105,54.3653906352629,87.68918356185243
SUB-034,Control,17.471666666666664,22.75,991,0.5122870472677633,66.07958889738438,0.0077525761860186,122.68102676097048,58.42590058001553,112.599215160968
SUB-034,Control,17.721666666666664,23.0,1082,0.9309881561538264,72.13237156837909,0.0129066622365421,79.45210428437254,27.99957050020794,67.18642722848367
SUB-034,Control,17.971666666666664,23.25,1113,1.2362648500803897,74.18705847979852,0.0166641578115276,58.35808944477456,46.08897205757296,25.99835822880397
SUB-035,PD,17.6375,0.0,1177,0.2287665938059184,83.85420624667528,0.0027281469117118,110.7768154933286,140.4203329221206,40.65104137858223
SUB-035,PD,17.8875,0.25,1260,0.2068210458811775,84.27774198079449,0.0024540411385049,103.89956708206311,64.23689650131558,92.58526354426496
SUB-035,PD,18.1375,0.5,1416,0.5996738271804993,94.35942544705776,0.0063552085479468,49.81470807045783,74.59419543726484,13.965030871025844
SUB-035,PD,18.3875,0.75,1388,0.4931187620727302,92.57128756123343,0.005326908321833,67.57683617930564,95.91012450568743,13.4216860341426
SUB-035,PD,18.6375,1.0,1448,0.3971238685053795,97.92418314797844,0.0040554218144997,60.12959168736164,79.11739722205738,16.05645464733639
SUB-035,PD,18.8875,1.25,1375,0.2351803752798873,91.90234512505404,0.002559024744797,84.86824553801814,112.57593911204025,25.83893780139684
SUB-035,PD,19.1375,1.5,1283,0.3435924285699581,85.50768102902462,0.0040182639084005,58.53025521322694,50.96663127871172,48.65687509125888
SUB-035,PD,19.3875,1.75,1077,0.5433226559691244,71.84270649775144,0.0075626696495089,40.42179063550602,45.87489047625267,21.213058085218524
SUB-035,PD,19.6375,2.0,1030,0.568720478770436,68.62671067067619,0.0082871592301661,49.9020447252718,70.2761939794212,9.390318604186364
SUB-035,PD,19.8875,2.25,1107,0.4795352252611731,73.8264134501455,0.0064954425232237,65.27988497204583,51.76549396345301,48.484624150331655
SUB-035,PD,20.1375,2.5000000000000004,1338,0.6275690370849153,89.43790482683939,0.0070168128189043,74.65978907707968,87.88785180636951,43.14738650125601
SUB-035,PD,20.3875,2.7500000000000004,1125,0.5175344189961711,75.00608382679928,0.0068998992160587,50.63233834262362,49.220444281124855,30.12191794741267
SUB-035,PD,20.6375,3.0000000000000004,1140,0.5066955288457624,76.03463800175635,0.0066640092221397,62.82706992948994,66.95237650696025,26.264859311572412
SUB-035,PD,20.8875,3.2500000000000004,1113,0.4575798350525797,75.30191806772436,0.0060766026522863,72.93363900412956,77.25865181696831,27.60293294201376
SUB-035,PD,21.1375,3.5000000000000004,1150,0.4804083113937579,83.74070963576432,0.0057368550312425,131.89957639259023,182.8307177867154,39.77228237159355
SUB-035,PD,21.3875,3.75,1320,0.3319252033157076,90.9754010326627,0.0036485159674815,101.53278479665283,116.67538217924002,55.698919744973466
SUB-035,PD,21.6375,4.000000000000001,1213,0.374660558822609,80.8809556354956,0.0046322469347553,73.27769616010163,74.60768127753711,52.39345891727514
SUB-035,PD,21.8875,4.250000000000001,1103,0.8543270561420495,73.5114432591184,0.0116216879749001,29.938110991209445,7.657896296018951,14.996097853754344
SUB-035,PD,22.1375,4.500000000000001,1138,0.4321374217184466,76.77180626250156,0.0056288557317625,90.1118866229126,112.78765238031822,29.74129937300997
SUB-035,PD,22.3875,4.75,1127,0.4959620170422262,75.3269235267972,0.0065841268144422,59.91442142604844,63.92216070170362,34.05769778842577
SUB-035,PD,22.6375,5.0,1100,0.661922280080332,73.7623020990963,0.0089737204675508,46.75649449524272,45.67372518171167,23.86550726695741
SUB-035,PD,22.8875,5.25,1114,0.5082082134914865,74.51804085782707,0.0068199352484467,57.52619791049646,65.93153082186039,25.951589113542
SUB-035,PD,23.1375,5.5,1090,0.5670328156133934,72.64979576964905,0.0078050159619345,55.73208620241296,60.19633472576961,35.40759026683976
SUB-035,PD,23.3875,5.75,1072,0.6139848485947118,71.45975888997397,0.0085920363870812,53.693313533855495,61.101842094787,30.72904799942443
SUB-035,PD,23.6375,6.0,1258,0.192480525433301,87.32250324509302,0.0022042488279688,208.5979092571584,197.13430237841496,121.55451068187652
SUB-035,PD,23.8875,6.25,1398,0.3446586653858313,93.6666681555662,0.0036796298210736,76.29230591001466,74.37936479255151,56.867928864937255
SUB-035,PD,0.1374999999999993,6.5,1476,0.1669016025674686,98.44867740160412,0.0016953158434686,86.87199996984492,71.47927991821909,75.49757600323733
SUB-035,PD,0.3874999999999993,6.75,1257,0.3780748503328464,84.17692556670424,0.004491430968612,53.075197333230406,61.11096594912953,28.247083031404767
SUB-035,PD,0.6374999999999993,7.0,1259,0.3680109206444024,85.03749800183267,0.0043276310955958,81.6150099373035,101.04498518089196,34.9518945659437
SUB-035,PD,0.8874999999999993,7.25,1165,0.3203998235108704,77.66416415471056,0.0041254525429851,50.68099352693636,53.464998024368285,29.05153565232556
SUB-035,PD,1.1374999999999993,7.5,1131,0.484168872253052,75.4173459895776,0.0064198609205893,48.06141657209413,63.696174570120434,14.111215398800866
SUB-035,PD,1.3874999999999993,7.75,1130,0.4890688032932031,75.32580075325801,0.0064927129669052,36.984265296313,26.85921040068184,29.95696457308894
SUB-035,PD,1.6374999999999993,8.0,1118,0.6493471107133377,74.5764219326722,0.0087071368387661,29.764268599139857,17.621581746279862,19.995713192381853
SUB-035,PD,1.8874999999999995,8.25,1101,1.1637726225168057,73.40481209323723,0.0158541734435421,12.986661538705716,5.895838285681612,4.260314868443517
SUB-035,PD,2.1374999999999997,8.5,1083,0.5536677072818801,72.18844984802432,0.0076697547661363,36.157695279307774,44.50540476845971,12.576108007487225
SUB-035,PD,2.3874999999999997,8.75,1072,0.7992811048311029,71.4465822385485,0.0111871146216964,23.03127682799452,25.360114106374372,12.3954206221153
SUB-035,PD,2.6374999999999997,9.0,1072,0.5159828788587124,71.48994061399989,0.0072175592038142,52.45457421665873,73.13201293911314,19.68674749144546
SUB-035,PD,2.8874999999999997,9.25,1072,0.7126818626682971,71.43698063249272,0.0099763715705551,35.829343386186444,45.715149384932,12.39596052665135
SUB-035,PD,3.1374999999999997,9.5,1033,0.605312810693027,68.88182066721345,0.0087877005112489,37.95429766755404,48.05992907761867,8.249558467079224
SUB-035,PD,3.3874999999999997,9.75,1023,0.5746860272081094,68.22456084190308,0.0084234478040808,43.27094648722929,55.58101753983287,12.646011108900014
SUB-035,PD,3.6374999999999993,10.0,1004,0.9302420484119992,66.94709468057323,0.0138951817528526,25.45004395637621,32.391301467642464,7.43094425965332
SUB-035,PD,3.8874999999999993,10.25,1035,0.4388105074712606,68.98696912805359,0.0063607738246441,52.38244877124843,50.37601360384808,32.86888918120422
SUB-035,PD,4.137499999999999,10.5,1015,0.8995020667541546,67.67095249365794,0.0132922920929545,44.56507876329111,42.48178632808708,19.141983791346707
SUB-035,PD,4.387499999999999,10.75,1010,0.6422107490831875,67.32360881206048,0.0095391610820503,68.38325564300729,69.96060763326926,38.09510587800597
SUB-035,PD,4.637499999999999,11.0,1009,0.7602650672452437,67.7352440326078,0.011224069213942,61.153530741987495,63.1845762398006,17.66880203535828
SUB-035,PD,4.887499999999999,11.25,1182,0.2657460908787574,78.76289392552842,0.0033740011017119,128.43183271761836,59.361690762886965,117.729062958871
SUB-035,PD,5.137499999999999,11.5,1676,0.3328597662266745,112.15666242472976,0.0029678109086926,40.99959272790691,52.517562094581365,21.586382701327647
SUB-035,PD,5.387499999999999,11.75,1436,0.4831127929938084,95.76429712273637,0.0050448111405718,66.90740855451035,81.85389380056142,40.00186032296184
SUB-035,PD,5.637499999999999,12.0,1226,0.4171316989184667,81.7356945867325,0.0051034214736602,83.94920423902826,120.14471885766665,45.1513955815742
SUB-035,PD,5.887499999999999,12.25,1143,0.3874573997850158,76.21456545028605,0.0050837710284886,87.01775759417671,138.93680920733186,19.39025126126275
SUB-035,PD,6.137499999999999,12.5,1144,1.0697332994853253,76.24768946395564,0.0140297143035529,16.26057890941828,6.040038471889667,11.91913528152642
SUB-035,PD,6.387499999999999,12.75,1308,0.2871025460811277,87.81401510785973,0.003269438776128,105.43499378537864,110.47009517547984,70.39067385573529
SUB-035,PD,6.637499999999999,13.0,1362,0.5691899109717152,90.79546022698864,0.0062689247848817,55.2064707783965,92.76944789581822,6.5793434075011
SUB-035,PD,6.887499999999999,13.25,1328,0.5265837403081631,88.54809134855809,0.0059468672027648,41.37143379628631,67.17002574589237,8.55237871701058
SUB-035,PD,7.137499999999999,13.5,1295,0.5567321067394044,86.39044701775062,0.0064443711771165,29.747198198084817,34.73298455910905,12.129928583077726
SUB-035,PD,7.387499999999999,13.75,1279,1.1216987575662505,85.22358141161968,0.0131618354801188,13.487019517060965,17.613104205380967,6.23394811260228
SUB-035,PD,7.637499999999999,14.0,1266,0.8080924059022054,84.44053145509844,0.0095699587861063,24.65329643668949,32.012016024619165,8.02909999635326
SUB-035,PD,7.887499999999999,14.25,1290,0.2343212438674756,86.23426976619817,0.002717263618081,76.98790387334407,91.64447106510968,40.85634524083968
SUB-035,PD,8.137500000000003,14.5,1351,0.5730139808636405,90.04235523075437,0.0063638271055344,64.31697307664788,90.55656713818082,18.28410669552508
SUB-035,PD,8.387500000000003,14.75,1478,0.5461543434063717,98.55643934300151,0.0055415389095543,34.70776260152868,43.83153877596809,18.7042512816382
SUB-035,PD,8.637500000000003,15.0,1510,0.4461875310484281,100.63960579488626,0.0044335182707074,70.32185466791915,88.01880936399635,18.512351199507197
SUB-035,PD,8.887500000000003,15.25,1409,0.6536671766939055,93.9933846624232,0.006954395557108,49.80445732795327,77.26203385233914,9.507740840918032
SUB-035,PD,9.137500000000005,15.5,1401,0.8042499402623475,93.38339850693212,0.0086123438761189,37.2261623766149,57.903842704953526,15.406257523912467
SUB-035,PD,9.387500000000005,15.75,1440,0.7405415811142039,96.01344188186346,0.0077128948468004,21.766576678928324,31.78393001326701,6.969037604747979
SUB-035,PD,9.637500000000005,16.0,1449,0.9993917319400324,96.55933778997512,0.0103500267795311,13.89645099906006,13.211596070052703,7.659025301847535
SUB-035,PD,9.887500000000005,16.25,1479,0.8470956066700499,98.6142442797293,0.0085899923774417,14.573846863161537,20.657019370077357,6.908688178639388
SUB-035,PD,10.137500000000005,16.5,1483,0.5864054831587957,98.85161925351365,0.0059321788311318,44.34076039888979,71.73481679505973,7.930890997085299
SUB-035,PD,10.387500000000005,16.75,1460,0.5755904489234018,97.36016146671528,0.0059119709771658,45.1508684939808,70.42645968271238,15.601146591155192
SUB-035,PD,10.637500000000005,17.0,1614,0.2916828204171549,107.65143346265435,0.0027095117179126,50.60256434968922,52.9044220016433,40.732143712851375
SUB-035,PD,10.887500000000005,17.25,1692,0.4188880789949024,113.5573010230448,0.0036887815686099,37.73430523195908,46.7286858030224,23.609488721222373
SUB-035,PD,11.137500000000005,17.5,1495,0.7617896139220803,99.6775204411147,0.0076425417742219,36.73043760832228,62.18377565317665,5.989755534939084
SUB-035,PD,11.387500000000005,17.75,1404,0.6883353867770177,93.6215329525791,0.0073523191200647,65.3085672907152,85.62553775369477,17.338084419382433
SUB-035,PD,11.637500000000005,18.0,1546,0.2528678634409051,103.04697324511316,0.0024539086930716,75.54243329352211,75.3326946732386,56.02068218383657
SUB-035,PD,11.887500000000005,18.25,1644,0.5295139932048962,109.65568071787564,0.0048288788117347,45.90171165569468,64.97087694407804,13.987122747950757
SUB-035,PD,12.137500000000005,18.5,1556,0.6047661466378547,104.00374306530313,0.0058148498199543,48.694580349515306,63.92172665270914,14.012578677023356
SUB-035,PD,12.387500000000005,18.75,1534,0.6889736531979845,102.20670539949896,0.0067409828983819,39.74603662121547,53.0047813816364,11.939715781265464
SUB-035,PD,12.637500000000005,19.0,1544,0.3196384406727032,102.99364183249524,0.0031034774087564,44.59480132040351,59.187252967208046,19.76017652500265
SUB-035,PD,12.887500000000005,19.25,1467,0.5170913400719515,97.79065555957986,0.0052877377405135,38.64179627007942,58.484166068808605,10.153166855193565
SUB-035,PD,13.137500000000005,19.5,1469,0.3412871565038518,97.8860217561512,0.0034865770452297,60.43736699420351,81.3218912716619,26.07721888309996
SUB-035,PD,13.387500000000005,19.75,1281,0.2864226562164353,85.41584938538595,0.0033532729379547,43.627959062547376,67.99592129311876,6.709475296051601
SUB-036,PD,17.329166666666666,0.0,952,0.6478047732780398,63.471109644341766,0.0102062934917632,45.74324108120733,45.13604857735896,29.71896323926522
SUB-036,PD,17.579166666666666,0.25,877,0.4817396363218867,58.42213601632533,0.0082458408605133,72.69573596534426,42.659691924209824,63.92753300136435
SUB-036,PD,17.829166666666666,0.5,937,0.3223367688028237,62.480759549098295,0.005158976477383,83.43751892384154,67.00538152899477,66.9898703678813
SUB-036,PD,18.079166666666666,0.75,975,0.7633124728792032,64.98758015134885,0.0117455130826772,51.88623262685465,43.74502611796685,38.4665681737422
SUB-036,PD,18.329166666666666,1.0,1011,1.0875530657493275,67.3776904980351,0.0161411449058356,29.739308650802972,10.857310353803648,23.1291885067884
SUB-036,PD,18.579166666666666,1.2500000000000002,969,0.9458314484602772,65.08969144530685,0.0145312019070644,32.69247101990463,38.00328933131973,13.891326605089697
SUB-036,PD,18.829166666666666,1.5000000000000002,999,0.6285101417322023,66.57618052207988,0.0094404655960063,48.48762027426117,28.00930277754461,41.25991692865624
SUB-036,PD,19.079166666666666,1.7500000000000002,1081,0.6591086341982393,72.05001510761957,0.0091479319360827,35.1665618350567,12.329128412317209,32.64406655071368
SUB-036,PD,19.329166666666666,2.0000000000000004,1035,0.407819016187527,68.99133775425975,0.0059111626105894,56.58039992099828,15.405888246053951,52.107568278068605
SUB-036,PD,19.579166666666666,2.2500000000000004,1065,0.5772958031475051,71.00859993043602,0.0081299420593147,38.512410295400485,7.843631581797901,36.62053318291902
SUB-036,PD,19.829166666666666,2.5,1114,0.563338569933325,74.27640512867242,0.0075843542637453,40.67576651459511,21.85499052759725,33.68707112882871
SUB-036,PD,20.079166666666666,2.75,1027,0.2882313313785937,68.49848040534381,0.0042078500088318,70.98176212526161,39.326344904005154,63.29509149620013
SUB-036,PD,20.329166666666666,3.0,1145,0.3728903533169513,76.33392704165477,0.0048849884680172,60.50380368606486,36.66215536985839,52.4597357994805
SUB-036,PD,20.579166666666666,3.25,987,0.3305292574285446,65.81177299494688,0.0050223423923546,80.80857071600134,71.13675655998269,62.158057460316414
SUB-036,PD,20.829166666666666,3.5,970,0.4656086365086485,64.64705705935866,0.0072023175947689,42.94756247905264,31.60968748060093,34.96113542485287
SUB-036,PD,21.079166666666666,3.75,886,0.4578998476440673,59.33856917698432,0.007716732202934,42.1673679695313,22.84417862771917,30.13051499160849
SUB-036,PD,21.329166666666666,4.0,869,1.1850507021220646,57.97823425475063,0.0204395790481488,14.025386997677932,11.79881271852472,7.177655905026537
SUB-036,PD,21.579166666666666,4.25,865,1.0234200056348477,58.36615257969398,0.0175344777820922,21.38421553512464,17.65175602428101,13.432531407759708
SUB-036,PD,21.829166666666666,4.5,873,0.6954919411635806,58.22361290968004,0.0119451869509106,31.29253375571445,32.16280617292949,21.55479344399763
SUB-036,PD,22.079166666666666,4.75,877,0.6337302636338493,58.47199411501938,0.0108381845569906,40.32202929612596,27.57708167645653,21.541621245157884
SUB-036,PD,22.329166666666666,5.0,834,0.8175293236896473,55.55919485799874,0.0147145639129424,36.44906041270329,39.480418961715145,22.072400683054592
SUB-036,PD,22.579166666666666,5.25,854,0.907006440396452,56.933902672360055,0.0159308671603989,29.82207306522253,13.382505070782504,22.8523430580936
SUB-036,PD,22.829166666666666,5.5,854,1.0247620090405651,56.97543184686463,0.0179860332045374,29.50583148103201,24.82952427047771,18.75814554492343
SUB-036,PD,23.079166666666666,5.75,825,1.113558081410431,54.97129276933157,0.0202570837488414,25.179305504986534,21.427315612762417,16.28466238010467
SUB-036,PD,23.329166666666666,6.0,808,1.0638470946150178,53.90230207748456,0.0197365799532223,31.2596032332446,37.35097609323912,15.630571118562758
SUB-036,PD,23.579166666666666,6.25,806,0.7588220844677513,53.74641162682919,0.0141185627374788,52.92078017769435,73.78563882554931,16.38850540293843
SUB-036,PD,23.829166666666666,6.5,816,0.6123253459863985,54.51721200581249,0.0112317802664067,44.37036011698421,27.77176922063432,38.31164528274467
SUB-036,PD,0.0791666666666657,6.75,786,0.7917131453216686,52.35288240583475,0.0151226276174133,34.33510932822728,35.943072470209415,9.301965765443017
SUB-036,PD,0.3291666666666657,7.0,805,0.483172050454557,53.87131781735281,0.0089690037301987,70.65888051498229,15.37127578969895,66.71793993087576
SUB-036,PD,0.5791666666666657,7.25,749,0.8000398900860624,49.94260046030763,0.0160191876817047,48.782891209059656,52.40966253729104,31.796608580524605
SUB-036,PD,0.8291666666666657,7.5,776,1.1645842887571876,51.73166642408189,0.022512019605366,25.80559792506341,16.85272065716355,17.64408933626861
SUB-036,PD,1.0791666666666655,7.75,761,1.301286499936227,50.76667011337445,0.0256326935966084,22.24231489665812,16.150892105065704,10.569011834561236
SUB-036,PD,1.3291666666666655,8.0,749,1.0412062300822424,49.87979568596373,0.0208743082397035,31.18390851322199,38.236580603614186,9.52225804603025
SUB-036,PD,1.5791666666666655,8.25,778,0.5786310731523334,51.873698434676704,0.0111546138141854,64.55492290357213,55.05070787538011,50.56754679915915
SUB-036,PD,1.8291666666666655,8.5,743,1.1229369961376512,49.55172252813822,0.0226619164550734,32.1197974664054,41.95121348266893,9.935965895219177
SUB-036,PD,2.0791666666666657,8.75,754,0.8160917024587807,50.29270711279396,0.016226839820503,53.4209747494872,37.808439370719896,37.165950393143376
SUB-036,PD,2.3291666666666657,9.0,769,1.2811405356760273,51.25857920194814,0.0249936801921215,30.0841975272624,20.00634664925108,19.723508462530468
SUB-036,PD,2.5791666666666657,9.25,757,1.3406124216441129,50.43662885215028,0.0265801353530978,29.530761866746573,20.78680518601331,12.261127505559983
SUB-036,PD,2.8291666666666657,9.5,749,1.1370359569600708,49.94670795179598,0.0227649829906194,31.100731663748537,41.537174896660005,8.48196434568437
SUB-036,PD,3.0791666666666657,9.75,802,0.3842998728210812,53.46221148237648,0.0071882524528145,82.72630192430647,39.24588768743207,71.40248182639723
SUB-036,PD,3.3291666666666657,10.0,751,1.1558026386614766,50.05298551729194,0.0230915823844749,28.32991652722284,19.559107000746906,19.22280372666677
SUB-036,PD,3.5791666666666657,10.25,752,1.3145943566481282,50.313231086261766,0.0261282038196724,28.75594899101992,22.399501849130807,15.936485849167386
SUB-036,PD,3.8291666666666657,10.5,750,1.0815626161276406,49.94367463360766,0.0216556475682276,27.94437939924415,32.51391814537613,15.966770146530235
SUB-036,PD,4.079166666666666,10.75,757,0.9541690787330982,50.48007193021258,0.0189018961789954,37.06307022974209,23.436365492823917,26.943050949883908
SUB-036,PD,4.329166666666666,11.0,772,1.15491730982951,51.49876756511559,0.022426115505953,35.480223952808274,39.04186452352669,13.350760091688594
SUB-036,PD,4.579166666666666,11.25,775,1.0601847852787427,51.65266305579377,0.0205252686416876,40.61238560832808,23.259156736498923,32.0003997066325
SUB-036,PD,4.829166666666666,11.5,759,0.9772665884160364,50.59685175144657,0.0193147706742069,52.0840559573872,24.97410268156477,37.06645366098592
SUB-036,PD,5.079166666666666,11.75,923,0.2010459397473482,62.3711862688786,0.0032233784825039,110.0143439801926,22.44975107234849,106.60396422269024
SUB-036,PD,5.329166666666666,12.0,841,0.6994665809638251,56.043626509101806,0.0124807515953705,41.11937810523503,31.1040879260956,31.91750287745484
SUB-036,PD,5.579166666666666,12.25,814,0.8781847559848689,54.30286857905271,0.0161719772631611,37.59520886789159,16.522637197959646,29.88040171768868
SUB-036,PD,5.829166666666666,12.5,879,0.5508612841257796,58.57507305224554,0.0094043635871259,48.03896117593496,56.20171934561423,24.61344679625072
SUB-036,PD,6.079166666666666,12.75,965,0.3381474418388263,64.70683556752589,0.0052258380258133,77.05959886436973,37.718450859886985,68.80416855900376
SUB-036,PD,6.329166666666666,13.0,970,0.2803003107241376,64.85734726763351,0.0043217973372774,97.21726144620952,48.736957451936064,87.82098564340068
SUB-036,PD,6.579166666666666,13.25,1111,0.2283652598459571,74.45083296476486,0.0030673298169012,90.49141668972985,117.57966438750144,40.703743897352034
SUB-036,PD,6.829166666666666,13.5,946,0.315847314888323,63.09449835093925,0.005005940662711,61.28646454096316,17.446516912580353,53.4799200513217
SUB-036,PD,7.079166666666666,13.75,958,0.2578682811990005,64.0363630286927,0.0040269039183792,80.52387248893905,10.620409758962976,81.37144430884477
SUB-036,PD,7.329166666666666,14.0,1076,0.9074624792933106,71.70425327506067,0.0126556297269039,26.869543581273,6.222838655327049,17.162776791319686
SUB-036,PD,7.579166666666666,14.25,1108,0.3531024218603774,73.8884227022401,0.0047788599207663,62.89126581967778,32.62734761062854,57.66642097848501
SUB-036,PD,7.829166666666666,14.5,935,0.982111917774078,62.3149158137706,0.0157604628835436,41.22028273309424,34.20689037367183,29.91110933710484
SUB-036,PD,8.079166666666666,14.75,966,0.8221407232572433,64.40858781170823,0.0127644581443189,44.53577251637703,63.21253728862907,19.680007896339117
SUB-036,PD,8.329166666666666,15.0,1036,0.4124923965185972,69.09783746890264,0.0059696860513795,62.73461043853565,21.92823164313915,59.62759124165265
SUB-036,PD,8.579166666666666,15.25,1101,0.9793645564518484,73.36258508160839,0.0133496462176517,26.35029822406948,8.118441408859887,17.363367105067876
SUB-036,PD,8.829166666666666,15.5,1112,0.4735373715419342,74.17396418260225,0.006384145390641,62.007082915003565,36.19867172125848,53.63968417791256
SUB-036,PD,9.079166666666666,15.75,1186,0.4471964094630524,79.05621367841363,0.0056566889388627,57.760252706778125,46.35051740957183,44.84482969928152
SUB-036,PD,9.329166666666666,16.0,1250,0.3249377473457467,83.29538765673416,0.0039010292945011,64.78852412492994,50.48041419970937,36.36255772903791
SUB-036,PD,9.579166666666666,16.25,1180,0.2725165489871048,78.67523352542833,0.0034638162071552,85.7845864212394,40.83778082441888,78.57730364503117
SUB-036,PD,9.829166666666666,16.5,1063,0.3231600454997799,70.8576126383851,0.0045606962112736,70.9517957271471,59.18928906260276,56.95249849566089
SUB-036,PD,10.079166666666666,16.75,1146,0.3798694186971344,76.39906623363491,0.0049721735804395,48.340013757997454,47.542479281633405,33.57262856750536
SUB-036,PD,10.329166666666666,17.0,1037,0.3598362391339825,69.18214518021048,0.0052012876761288,60.47812331799222,40.398139220880616,51.86229515722482
SUB-036,PD,10.579166666666666,17.25,1116,0.4373634015534077,74.87972946678387,0.0058408784949926,39.2380499313948,6.625741349501448,34.75217202157588
SUB-036,PD,10.829166666666666,17.5,1218,0.6738756576785312,81.21985374202583,0.0082969326664749,32.30108043865869,29.291552875255324,19.27400187851045
SUB-036,PD,11.079166666666666,17.75,1170,0.5138127401152198,78.5909163678458,0.0065378133232384,52.07625203599301,33.80606897291073,42.55067632988848
SUB-037,PD,10.227222222222222,0.0,1123,1.172480768530622,74.86467027545932,0.0156613361712081,26.82563175949338,29.301843614620672,13.881326319294669
SUB-037,PD,10.477222222222222,0.25,1150,0.4701521501304336,76.64818593739065,0.0061338979439705,55.43589270793269,22.361633343272093,51.91748762016927
SUB-037,PD,10.727222222222222,0.5,1219,0.142668206177598,81.22424955856387,0.001756473060114,95.65906588422656,25.72082337983404,97.16202659799256
SUB-037,PD,10.977222222222222,0.75,1157,0.2683540569622878,77.13573311169681,0.0034789849805886,94.41132413460048,23.70088255550908,91.5941261959264
SUB-037,PD,11.227222222222222,1.0,1319,0.7950291862446696,87.94632984652176,0.0090399359203744,27.19265570575181,18.23067084985662,20.00394356807637
SUB-037,PD,11.477222222222222,1.25,1316,0.4786788868370662,87.72261168079457,0.0054567331918808,50.56274287438731,18.627793127638164,49.00151105632196
SUB-037,PD,11.727222222222222,1.5,1017,0.5832456827683558,67.84500385255552,0.0085967374109948,43.62064369946444,21.440312681349024,38.32093545216009
SUB-038,Control,17.836388888888887,0.0,841,0.8844126813465947,56.317089993504446,0.0157041615866267,124.24858505591992,99.32621818557082,87.90030140343258
SUB-038,Control,18.086388888888887,0.25,885,1.128417110649116,58.97372392967133,0.0191342353078262,82.21412003633361,95.4407079449418,27.7861991726528
SUB-038,Control,18.336388888888887,0.5,909,0.8275982533489123,60.97915483383348,0.013571822299015,112.35995211123448,101.57235219919608,73.56629971077214
SUB-038,Control,18.586388888888887,0.75,1068,0.5834782298178347,71.37335795610227,0.0081750144105129,77.17576326042395,47.79421288586693,60.877743865079566
SUB-038,Control,18.836388888888887,1.0,1031,0.97053012515854,68.72493361922432,0.0141219507105795,50.857891268624606,31.029362855580857,31.953756013818836
SUB-038,Control,19.086388888888887,1.25,1067,0.6385339781908742,71.12068965517241,0.0089781747236535,68.13826103158182,54.02960240655239,52.841552005238086
SUB-038,Control,19.336388888888887,1.5,984,0.7286247038548983,65.75408373622187,0.0110810563002875,120.51156606789765,105.896996922829,88.7055344074249
SUB-038,Control,19.586388888888887,1.75,892,0.8770578465166684,59.50567594311826,0.0147390619905746,99.44786876379936,93.56270516599976,48.23275711616467
SUB-038,Control,19.836388888888887,2.0,923,0.9055475457073896,61.68693379849157,0.0146797302110278,85.10244596700927,87.94081400519259,45.31436033087751
SUB-038,Control,20.086388888888887,2.25,828,1.1537589595407318,55.15311984812909,0.020919196642325,91.84840543234108,97.01864715615072,42.63240750867151
SUB-038,Control,20.336388888888887,2.5000000000000004,861,0.836892677796276,58.57826934437922,0.0142867429707801,92.26134484078337,84.03262101915445,49.10362929902295
SUB-038,Control,20.586388888888887,2.7500000000000004,848,0.7885609234684794,57.03991112177371,0.0138247221631357,106.52271187616432,85.50446869989037,62.62016792230798
SUB-038,Control,20.836388888888887,3.0000000000000004,890,0.9807359281137076,59.35074288457948,0.016524408633283,66.1563298675739,47.03186818979045,28.65443579075487
SUB-038,Control,21.086388888888887,3.2500000000000004,852,1.1504881388926294,57.66803203328321,0.0199501890098941,49.14402085904903,45.19117245829225,22.01846318932929
SUB-038,Control,21.336388888888887,3.5000000000000004,899,0.66024163445978,59.958915804076405,0.0110115672641114,93.23149286564328,80.82116831137766,64.28242232759449
SUB-038,Control,21.586388888888887,3.75,832,0.8592370568416616,56.40646098044644,0.0152329545570944,120.1671721023512,113.74060572678108,75.9606621629986
SUB-038,Control,21.836388888888887,4.000000000000001,823,0.8554391379484556,55.41540229472286,0.0154368479253992,74.1843699715722,46.12683508373243,36.000355351801964
SUB-038,Control,22.086388888888887,4.250000000000001,854,0.5244485598453515,57.15413882298613,0.0091760381775611,120.08645925478876,85.0074957042528,82.72337405753181
SUB-038,Control,22.336388888888887,4.500000000000001,782,0.5573632926744116,53.2109737993792,0.0104745929810612,93.09621904902872,72.11270344009563,71.7038557735129
SUB-038,Control,22.586388888888887,4.75,721,0.8491535013325031,48.64232151832408,0.0174570924007526,38.82378677209388,53.862131100307074,9.48004455952352
SUB-038,Control,22.836388888888887,5.0,724,0.6027979203882425,48.79813255028656,0.0123528891144975,50.79757770299046,78.42068347143659,5.48104743013377
SUB-038,Control,23.086388888888887,5.25,729,0.5637911059405224,48.73553894887671,0.0115683773710173,76.45142127942351,79.48337651897498,36.98458875605113
SUB-038,Control,23.336388888888887,5.5,702,0.9024535515413866,47.403712615554994,0.0190376133375945,48.93199431567796,59.78551773833764,16.232724857317944
SUB-038,Control,23.586388888888887,5.75,712,0.3695202678359507,48.84568901349317,0.0075650538522217,120.94860454168376,55.49397149250765,76.16025952804117
SUB-038,Control,23.836388888888887,6.0,842,0.5407596215218797,57.00583937487658,0.0094860391049728,157.15975658640477,118.49775606579148,107.3379823404016
SUB-038,Control,0.0863888888888873,6.25,763,0.8808458514110056,52.906200703798085,0.016649198764858,94.83935718957994,77.46441059051881,37.037610176372304
SUB-038,Control,0.3363888888888873,6.5,799,0.83651080544211,54.28437812455061,0.0154097888626965,97.9724568462722,62.02023883429228,53.133596069845545
SUB-038,Control,0.5863888888888873,6.75,818,0.8264418522444739,55.33819666031503,0.0149343835202556,110.81653143530002,76.34360738941334,44.81849904306468
SUB-038,Control,0.8363888888888873,7.0,768,0.7513210140143356,54.02141864840942,0.0139078356846605,106.20705991695318,70.37829425666115,59.18273277410813
SUB-038,Control,1.0863888888888873,7.25,641,0.4094615501969096,48.933040871684994,0.00836779286353,98.46346460060424,77.74900521871646,57.28761839276634
SUB-038,Control,1.3363888888888873,7.5,714,0.2797617664604452,49.94322513855631,0.0056015959258599,128.53969607565355,123.3859609990902,69.22166847052608
SUB-038,Control,1.5863888888888873,7.75,705,0.796735391457698,47.49383029320423,0.0167755556150985,45.32436614565592,41.83970697250943,16.366423363211247
SUB-038,Control,1.8363888888888875,8.0,702,0.8641209134602402,47.85080364811255,0.0180586499615524,34.83133633042137,45.25366765820488,9.884520559440451
SUB-038,Control,2.0863888888888877,8.25,707,0.4988888668693901,47.58043078124106,0.0104851691898947,90.46635264123184,83.46620662714469,37.22062951479752
SUB-038,Control,2.3363888888888877,8.5,700,0.5820799017514618,46.61218220480061,0.0124877204674513,116.38649166663988,112.91730423883898,42.40952814282126
SUB-038,Control,2.5863888888888877,8.75,705,0.3436468221068707,47.77825468181715,0.0071925361107351,139.1345826897752,90.89874799117771,68.35281353334834
SUB-038,Control,2.8363888888888877,9.0,680,0.6004416665080126,46.450255533329766,0.0129265524939292,65.91112401687185,58.91306842977615,19.77934701352126
SUB-038,Control,3.0863888888888877,9.25,677,0.7753985497080507,45.804987127919055,0.0169282560334009,49.53443559363733,35.96519932003961,21.31551115366525
SUB-038,Control,3.3363888888888877,9.5,657,0.675394172083387,44.92809453363453,0.015032780247953,66.99958530112758,69.62521620582099,15.447274664215936
SUB-038,Control,3.5863888888888877,9.75,775,0.3711211353559701,52.45559887372753,0.0070749575512299,221.11326307749428,92.82799937357402,167.9965918877106
SUB-038,Control,3.8363888888888873,10.0,823,0.2912959926626676,56.000616936727695,0.0052016568494555,202.22953175566417,113.61377032642604,174.6579054753755
SUB-038,Control,4.086388888888887,10.25,728,0.5986747510254437,49.71788967591175,0.012041435284722,131.5807525557702,108.92980084929653,59.77360979258008
SUB-038,Control,4.336388888888887,10.5,717,0.6262275853328652,48.56188197047005,0.0128954554461803,114.13752529106976,65.50234547380599,64.45440064139694
SUB-038,Control,4.586388888888887,10.75,789,0.3744054059424812,53.48590487101355,0.0070000761293166,203.645495744258,98.3704925630984,172.12840031661872
SUB-038,Control,4.836388888888887,11.0,702,0.5888536831743967,47.48751367013541,0.0124001792821746,109.05050872185612,75.04311646999506,51.30150905198571
SUB-038,Control,5.086388888888887,11.25,706,0.6415144946010016,47.03285526960063,0.0136397097502103,109.41091216400925,102.52888193677757,40.097446607351166
SUB-038,Control,5.336388888888887,11.5,738,0.409486300234933,51.302787242892286,0.0079817554219077,174.39957846504402,81.51559606374857,140.86196409219627
SUB-038,Control,5.586388888888887,11.75,725,0.5910424645637452,48.831523386370726,0.0121037072689137,149.50587997237295,95.93848023056378,79.8448516883118
SUB-038,Control,5.836388888888887,12.0,754,0.4270582411961395,51.23495029960668,0.0083352914114062,167.12069376006033,102.77506092146264,108.8136838008464
SUB-038,Control,6.086388888888887,12.25,846,0.598922747196619,56.53304109003187,0.0105942071335381,166.16762036013534,128.96145931310517,117.800967883818
SUB-038,Control,6.336388888888887,12.5,763,0.407855813964484,51.50098715850221,0.0079193785685941,147.64496624477053,83.54506697120482,120.44291219942905
SUB-038,Control,6.586388888888887,12.75,710,0.4584483631494992,47.99356480652172,0.0095522882077557,99.69398208202112,73.6569833679852,60.16120592065568
SUB-038,Control,6.836388888888887,13.0,796,0.4905574758285234,53.62442021964006,0.0091480238633676,168.3942436286166,129.79878477205358,134.60673167678402
SUB-038,Control,7.086388888888887,13.25,794,0.2989146290865861,52.92392463562034,0.0056480057203732,171.00176563730938,116.00180456917,140.80271941654678
SUB-038,Control,7.336388888888887,13.5,746,0.3623380521550748,50.42573469934951,0.0071855780449292,148.18688149423707,109.96308105282824,119.58732988041952
SUB-038,Control,7.586388888888887,13.75,853,0.9249337035102596,57.600237693829634,0.0160578105324267,138.65440183386386,123.32862889137036,95.1006913183795
SUB-038,Control,7.836388888888887,14.0,852,0.9015404730179796,58.090975103380806,0.0155194584255741,134.0431772392507,144.56378731081006,78.508594379115
SUB-038,Control,8.08638888888889,14.25,860,0.9046410516631328,58.00105436025175,0.0155969759798553,110.30770742471724,105.25329501615546,70.67623731579677
SUB-038,Control,8.33638888888889,14.5,945,0.4946425547279703,63.9144740920932,0.00773913204723,157.12249972184557,150.14567431980566,122.0539107984503
SUB-038,Control,8.58638888888889,14.75,943,0.908689148557366,63.36641647123648,0.0143402325578856,110.3676445663592,93.92826575786574,72.70224778449379
SUB-038,Control,8.83638888888889,15.0,818,0.8482363485368664,55.376220945254495,0.0153177001618698,89.29540933695104,88.41589715109522,57.69715468905901
SUB-038,Control,9.08638888888889,15.25,816,0.6534165918493793,55.08829767483728,0.011861259458519,98.64639688731664,105.14658771436883,65.46601159298149
SUB-039,Control,16.137777777777778,0.0,816,1.075468987816694,67.42046492028935,0.0159516697057519,65.82512445261652,69.72359099404085,29.781914343782667
SUB-039,Control,17.137777777777778,1.0,1044,1.0661725014461114,69.82950631074131,0.0152682233882858,48.46419870947072,56.07193879499892,14.929653955389352
SUB-039,Control,17.387777777777778,1.25,1048,1.471295926984939,69.88110876247758,0.021054272793321,25.85510427412244,24.00260651239214,5.208758769539201
SUB-039,Control,17.637777777777778,1.5,1085,1.064664861278886,72.54419512716964,0.0146760862039,42.7704084724859,42.211840559194215,25.733868420650165
SUB-039,Control,17.887777777777778,1.75,1095,0.986763214311424,73.36871857121959,0.0134493723418866,43.56454604205821,50.18672628723272,22.091687752606653
SUB-039,Control,18.137777777777774,2.0,1105,0.9177175267021926,74.07035007457308,0.0123898094956787,44.31635661066342,42.15596043266005,18.6157725059719
SUB-039,Control,18.387777777777774,2.25,1134,0.835296749847604,75.77875366002247,0.0110228356828765,51.22666039976456,65.22243832243427,16.318095237413395
SUB-039,Control,18.637777777777774,2.5,1125,0.8494278686707002,74.98158785453795,0.0113284860053719,52.59664537576992,63.93787993907213,26.273705480557386
SUB-039,Control,18.887777777777774,2.75,1073,1.2478704585979925,71.97518097207859,0.0173375105382795,20.3830990836839,16.809734209055907,9.625220160812422
SUB-039,Control,19.137777777777774,3.0,962,0.5241538636340852,73.28974718084613,0.0071518034076541,42.24364712607939,37.31837040964165,31.239447791585707
SUB-039,Control,19.637777777777774,3.5,702,0.4527634941526942,66.64862786425327,0.0067932905546812,87.48941934115881,118.48127752564292,177.71083607959326
SUB-039,Control,19.887777777777774,3.75,1120,0.2480349378506341,74.64203479518426,0.0033229927149123,65.60574351959468,64.05952604858436,48.97115660035755
SUB-039,Control,20.137777777777774,4.0,1073,1.419400796539652,71.58567041236816,0.0198280017266474,26.49587577346218,23.385657838455465,8.685540568076238
SUB-039,Control,20.387777777777774,4.25,1085,1.191939843127268,72.33719131687023,0.0164775521613221,36.82714198232916,46.35022301382955,8.769070391603115
SUB-039,Control,20.637777777777774,4.5,1157,0.5747302813053123,77.18367424086598,0.007446267451738,44.02577314960261,47.98045125279821,20.318426855206333
SUB-039,Control,20.887777777777774,4.75,1083,0.9063111521329128,72.218134776066,0.0125496338965718,51.20505724268909,49.99408467781607,30.09486109249148
SUB-039,Control,21.137777777777774,5.0,1058,1.3932182197969614,70.5639894665349,0.0197440398470908,27.35824829154741,32.524192291286305,6.6283026270615615
SUB-039,Control,21.387777777777774,5.25,1062,1.3813651455450595,70.79756141732895,0.0195114791793795,30.203758488097385,33.95528467278958,13.32691468967849
SUB-039,Control,21.637777777777774,5.5,751,0.205006729482715,68.11760490882128,0.0030095997907901,187.2011331296012,216.7748939952841,228.3887793726168
SUB-039,Control,22.137777777777774,6.0,935,0.3232552483519515,70.49970593705545,0.0045851999530404,80.49216086347366,104.17688486641886,110.57383304432996
SUB-039,Control,22.387777777777774,6.25,1082,0.9382429464481958,72.11466364818885,0.013010432261397,32.60640342124596,39.72985791090526,12.216495170060856
SUB-039,Control,22.637777777777774,6.5,1137,0.7937201319773325,76.12063703890499,0.0104271346490658,47.81495566837478,50.29527250765938,27.071620816314866
SUB-039,Control,22.887777777777774,6.75,957,0.612575250660392,64.19903265407432,0.0095418143441685,92.13455959060542,99.09658341834134,46.92366647347722
SUB-039,Control,23.137777777777774,7.0,917,1.0476692156414549,63.241524693160216,0.0165661599830904,74.21446539488225,74.8646668369756,32.01311254741147
SUB-039,Control,23.637777777777774,7.5,779,0.2045954828649364,76.16434159560548,0.0026862371364179,108.98439706408782,138.146279723858,76.58067374658947
SUB-039,Control,23.887777777777774,7.75,947,0.4649117258179644,78.18520067810044,0.005946288067125,67.19278100536954,80.75508479922631,106.42859437007723
SUB-039,Control,0.387777777777778,8.25,882,0.9037393367745165,65.93850225402024,0.0137057910914167,72.66720664468203,75.29904814492909,36.84519886360155
SUB-039,Control,1.637777777777778,9.5,703,0.2341130861529772,73.59227298580845,0.0031812183080433,151.80907404557183,179.677330289447,55.14831063939965
SUB-039,Control,1.887777777777778,9.75,825,0.6556995377543968,64.20275099060305,0.0102129508103222,128.32094817263277,154.5521913606175,37.53629248019642
SUB-039,Control,2.137777777777778,10.0,616,0.9147952988313716,64.9958146634497,0.0140746800939138,82.55143304813112,94.92179065664224,11.898747226679967
SUB-039,Control,3.887777777777778,11.75,648,0.2473344919797693,72.79045037218985,0.0033978975362167,116.08149986386124,110.57457078029177,82.3416549216232
SUB-039,Control,4.137777777777778,12.0,901,0.5083488439779305,60.57726570851645,0.0083917429753925,145.6404113279165,201.01349871754053,35.24362999852424
SUB-039,Control,4.387777777777778,12.25,908,0.9995456502172768,61.98784364681493,0.016124865641598,63.34534393424307,75.1931874274635,18.89182291024422
SUB-039,Control,4.637777777777778,12.5,622,0.3970690300635028,70.12243241415075,0.0056625107885358,171.80934545589355,220.6893533005737,53.20920300070006
SUB-039,Control,5.387777777777778,13.25,1187,0.5783732059942701,79.11803717947863,0.0073102572638681,63.29423297718914,69.1382879942734,40.33894887471119
SUB-039,Control,5.637777777777778,13.5,1193,0.6203576470974702,79.77158446560394,0.007776674504503,65.84143064413352,88.48909328766163,26.692468530571634
SUB-039,Control,5.887777777777778,13.75,1158,0.6034085001448031,77.34816470661578,0.0078011999694311,81.80265275392208,110.6221816364541,17.650830878031414
SUB-039,Control,6.137777777777778,14.0,1044,0.9557546063967416,69.98257139026678,0.0136570375653511,63.04400028155975,74.26933959213305,30.25635650049917
SUB-039,Control,6.387777777777778,14.25,1013,1.1679113467678743,67.54609203960747,0.0172905835334342,45.73492163563488,54.53980125512575,6.905718213452254
SUB-039,Control,6.637777777777778,14.5,1063,0.9867973897533708,70.83180167983981,0.0139315585139807,65.919211486772,85.79889880284912,23.17170127909426
SUB-039,Control,6.887777777777778,14.75,1133,0.6450669821119122,75.71201368563142,0.0085200082617051,77.37542495579285,100.61787472303774,26.975684024645435
SUB-040,Control,16.875555555555557,0.0,1042,0.4032807507464257,69.67911053255705,0.0057876851134314,56.07473673635429,56.16328089630683,26.685626539197568
SUB-040,Control,17.125555555555557,0.25,1033,0.7173606535270438,68.84234237236177,0.0104203405753817,36.64845747301821,19.93866564233673,28.614657226859908
SUB-040,Control,17.375555555555557,0.5,1056,0.3950087704235251,70.40641480668239,0.0056104088172663,70.94325757698236,30.4365550983669,62.29186614292857
SUB-040,Control,17.625555555555557,0.75,1004,1.0386950218689437,66.90842852938073,0.0155241281957897,27.118646409191147,22.509065416454614,12.382965024913512
SUB-040,Control,17.875555555555557,1.0,1045,0.8089370840308945,69.64585029585602,0.011615007650772,38.46219280950336,19.741529052954814,32.9716157063766
SUB-040,Control,18.12555555555556,1.25,1094,0.917398249533552,72.9441128522326,0.0125767277668039,37.30298080920544,28.061590866809603,25.64931749678721
SUB-040,Control,18.37555555555556,1.5,1283,0.5530611683117543,85.5715552946983,0.0064631426460238,54.88071713480406,16.723874775885545,52.33912177790967
SUB-040,Control,18.62555555555556,1.75,1066,0.4987760424938834,71.05632402394762,0.0070194461836469,48.41031550785663,25.50179962350812,41.001714887096654
SUB-040,Control,18.87555555555556,2.0,1166,0.4448361182982945,77.72469725586046,0.0057232274168138,61.358943095690734,13.033630978383831,58.711749606727295
SUB-040,Control,19.12555555555556,2.25,1214,0.7451356965934448,80.92587016975101,0.0092076328006166,31.7365441553333,11.00262278557176,25.49410248676198
SUB-040,Control,19.37555555555556,2.5,1346,0.6647882866069695,89.71778225107649,0.0074097717300517,46.03498645852405,21.282486647904083,38.13396785334516
SUB-040,Control,19.62555555555556,2.75,1127,0.3862044760014514,75.127072743938,0.0051406831371932,90.61031198455024,50.519978286209465,79.86445261528219
SUB-040,Control,19.87555555555556,3.0,1047,0.8075958846587981,69.8035677379066,0.0115695502512292,31.68276959582361,25.91901639896596,22.55136417320953
SUB-040,Control,20.12555555555556,3.25,1148,0.4591677447338155,76.56702282337562,0.0059969387316132,66.40465651086413,19.373153932357923,60.90109285282757
SUB-040,Control,20.37555555555556,3.5,1081,0.3544915422022967,72.05273647094896,0.0049198900633735,99.21501294827432,24.60916721693587,95.4848117944768
SUB-040,Control,20.62555555555556,3.75,993,0.326993928711823,66.23017152258251,0.0049372351179904,92.61087156299244,39.06448865905643,81.34790759557033
SUB-040,Control,20.87555555555556,4.0,1210,0.3643394823953256,80.62608487061513,0.0045188785115884,83.38629006329516,26.55622809474921,82.75049702236221
SUB-040,Control,21.12555555555556,4.25,1008,0.931518423386985,67.1970881261812,0.0138624819819245,36.226146999302784,40.392697482719406,18.28609836854033
SUB-040,Control,21.37555555555556,4.5,1127,0.4653462135123837,75.16740922551557,0.0061907975585038,81.89208069475066,21.62380193089814,76.30321356070924
SUB-040,Control,21.62555555555556,4.75,1128,0.4832452152955489,75.18654996161797,0.0064272827459464,72.14408549347431,37.38415410059741,61.49642616748956
SUB-040,Control,21.87555555555556,5.0,948,0.8982846511822352,63.23639605906511,0.0142051841528603,27.13133443266434,17.197621455832792,21.843822401391645
SUB-040,Control,22.12555555555556,5.25,948,1.0598878042080349,63.17094136697119,0.0167780910221197,31.43947952138556,31.66540689244657,14.694175074904042
SUB-040,Control,22.37555555555556,5.5,955,0.4691195023887418,63.6743783413769,0.0073674767560926,75.39061326501086,25.515400044149764,67.91951709434358
SUB-040,Control,22.62555555555556,5.75,905,1.033932021363149,60.34929236842631,0.0171324630461464,36.91315547051215,31.94509255039179,17.631881124302858
SUB-040,Control,22.87555555555556,6.0,941,0.9300591797920444,62.68771061061116,0.0148363877183068,36.10986785294258,18.480553321365395,28.7711809345647
SUB-040,Control,23.12555555555556,6.25,989,0.5756823091754322,65.97915218902016,0.00872521531538,75.27457544719749,28.149686646561364,62.77674909549731
SUB-040,Control,23.37555555555556,6.5,1030,0.9024056058697376,68.66453043683086,0.013142238068604,39.96684984094551,18.78229321426921,30.47069047062228
SUB-040,Control,23.62555555555556,6.75,978,0.4577750754757628,65.17740516620904,0.0070235240925653,70.96799948994405,49.26610840174207,48.103537700772286
SUB-040,Control,23.87555555555556,7.0,991,0.5711352490231764,66.10023089502114,0.0086404425716793,83.19187410138706,57.89299603491765,54.61842060662829
SUB-040,Control,0.1255555555555574,7.25,990,0.4625750976042042,65.9917876886432,0.0070095857955339,96.4636846217122,37.84631793976229,86.65418061858486
SUB-040,Control,0.3755555555555574,7.5,1047,0.7421069392329548,69.77201367007234,0.0106361691485947,52.41698959812804,31.134845191297195,33.26759602088188
SUB-040,Control,0.6255555555555574,7.75,1078,0.8635224757467425,71.91117169181372,0.012008182531742,62.21075077856867,27.353271936062253,45.07507669276136
SUB-040,Control,0.8755555555555574,8.0,1017,0.7168891396904967,67.77688055296693,0.0105771928988418,62.048435673504535,56.52446164077573,40.38056378133045
SUB-040,Control,1.1255555555555574,8.25,959,0.8076353241209737,63.91373312184264,0.012636334707305,48.935603914918914,37.49950591184593,36.808506869195575
SUB-040,Control,1.3755555555555574,8.5,941,0.5750523946672861,62.73200899092131,0.0091668097980172,55.50503956691013,21.560627038606096,40.5336292245288
SUB-040,Control,1.6255555555555574,8.75,1039,0.6919750299080359,69.29061042204584,0.0099865627636017,51.65154896794783,24.805155937405395,41.858371133747504
SUB-040,Control,1.8755555555555572,9.0,1057,0.9096799554789982,70.43958655894512,0.0129143284326031,31.766892410160278,25.700010317177505,14.106525096909902
SUB-040,Control,2.1255555555555574,9.25,1071,0.6598407156263842,71.44890280458625,0.0092351413349349,41.23441998143909,16.517195797390844,31.38326154149413
SUB-040,Control,2.3755555555555574,9.5,1026,0.922038368022843,68.38898177515844,0.0134822648925263,38.51715274990718,30.633729218847293,14.836033368972275
SUB-040,Control,2.6255555555555574,9.75,1044,0.614207788015021,69.62994087457606,0.0088210298658933,60.39942121671405,40.329111078518814,43.18208399989325
SUB-040,Control,2.8755555555555574,10.0,914,1.2503971623244483,60.97072871361102,0.020508155121415,40.44926139297487,30.47459574401646,27.24893352610408
SUB-040,Control,3.1255555555555574,10.25,924,0.7476844377646881,61.547821124979606,0.0121480244807762,62.08449042630948,24.75041175226839,45.46564070674714
SUB-040,Control,3.3755555555555574,10.5,888,0.8707003852515058,59.23481690904988,0.0146991318735464,40.728166405486,30.87641292085393,22.67914280057701
SUB-040,Control,3.625555555555557,10.75,897,0.885289070248622,59.7958807282165,0.0148051848968063,44.471318431361695,29.516490548263256,27.859988223043217
SUB-040,Control,3.875555555555557,11.0,901,0.875891877443659,60.04791837215269,0.0145865485630198,45.96555759363012,42.29871287771191,23.867058733750035
SUB-040,Control,4.125555555555557,11.25,899,0.8400952130258588,59.92920487699737,0.0140181271343433,43.37644622276781,28.911141801514177,28.748126659078483
SUB-040,Control,4.375555555555557,11.5,988,0.4826095816778496,65.91192618931666,0.0073220372940045,87.44221822509267,35.97512649656383,72.0861455271837
SUB-040,Control,4.625555555555557,11.75,934,0.5619986607912193,62.23382103889614,0.0090304379742322,78.63838919729685,38.25751857818165,61.958796632579535
SUB-040,Control,4.875555555555557,12.0,897,1.0315952811661435,59.80505020423946,0.0172493004795273,37.07543103054223,34.956190694312546,19.63589568477404
SUB-040,Control,5.125555555555557,12.25,935,0.5820727789877361,62.31380834005345,0.0093409919004035,68.44324943486183,13.789678975693253,54.17745273202529
SUB-040,Control,5.375555555555557,12.5,938,1.0187906512311375,62.51860672819292,0.0162957990356447,36.86068595717006,18.8758794772735,15.021915093369252
SUB-040,Control,5.625555555555557,12.75,950,0.4942184938623591,63.37995280973338,0.0077977100321611,85.67726546356754,44.7821327083153,67.93857766584898
SUB-040,Control,5.875555555555557,13.0,976,0.8926994760077427,65.07693436075469,0.0137176018627284,49.89035978181868,30.94872517154123,40.04750462966902
SUB-040,Control,6.125555555555557,13.25,998,0.4757539416441604,66.51086744033127,0.0071530256626253,77.63889299663202,19.681108660701582,68.98757059470661
SUB-040,Control,6.375555555555557,13.5,1168,0.2295291894893582,77.86554194217194,0.002947763333617,124.74526545856764,30.047620017619064,120.86606793159994
SUB-040,Control,6.625555555555557,13.75,937,0.56828004433083,62.49937467274541,0.0090925716826194,57.864959518880525,27.895543098966986,51.90094826356265
SUB-040,Control,6.875555555555557,14.0,925,0.4709980474080842,61.63783385771767,0.0076413789701844,75.96901046525846,43.51089578425215,54.713318218592114
SUB-040,Control,7.125555555555557,14.25,1081,0.9962725327035542,72.07283289792572,0.0138231354679028,31.546587631870217,11.265236595631515,17.83436803986343
SUB-040,Control,7.375555555555557,14.5,1117,0.3472365034652617,74.44350646465544,0.0046644297126187,81.27519497256473,33.36879833780294,71.84800238351428
SUB-040,Control,7.625555555555557,14.75,1197,0.7063826401398436,79.84586701471846,0.008846827851586,43.75952821836658,14.906509094282486,32.49573277105367
SUB-040,Control,7.875555555555557,15.0,1187,0.571743319501891,79.10766729016808,0.0072274071412664,45.25584800238037,18.604225344650505,38.15000078688337
SUB-040,Control,8.125555555555557,15.25,1073,0.995230703777368,71.5428723829844,0.0139109693338797,41.67828851518456,23.578129095451807,27.208806664938013
SUB-040,Control,8.375555555555557,15.5,1181,0.5544318738125809,78.72467361923522,0.0070426697034551,64.5202666391518,29.67173510947379,54.713808801951785
SUB-040,Control,8.625555555555557,15.75,1065,0.4323220429766518,70.9995266698222,0.0060890834524451,64.83803446863747,13.16601629052638,57.93405672314488
SUB-040,Control,8.875555555555557,16.0,1070,0.6901787356131847,71.39028691778552,0.0096676840143254,43.70066642290204,24.994367934352574,28.7569987370616
SUB-040,Control,9.125555555555556,16.25,1036,0.7516210350399966,69.03958780611605,0.0108868123191982,27.80613362357192,14.820895290031151,22.052285128686627
SUB-040,Control,9.375555555555556,16.5,1115,0.4714542026901218,74.31417678998302,0.0063440681583876,66.93258402690066,26.508374070673145,55.29133044577712
SUB-040,Control,9.625555555555556,16.75,1152,0.3446148551983191,76.83414851044908,0.0044851782947975,91.29082575100212,13.847343210444256,81.7835535099331
SUB-040,Control,9.875555555555556,17.0,1086,0.3363849984806328,72.37185538957073,0.0046480084926647,64.8315016472877,15.298263507975244,59.63556216271133
SUB-040,Control,10.125555555555556,17.25,978,0.8532538819366889,65.20463677417061,0.0130857853697098,34.36969111807759,29.934113934985135,20.3776657570408
SUB-040,Control,10.375555555555556,17.5,1198,0.2644421578191097,79.8629397294793,0.0033111998971595,107.8673696813307,23.53122314763357,103.37545222055668
SUB-040,Control,10.625555555555556,17.75,1081,0.7978136461185942,72.07859967928025,0.0110686618451042,48.82358743720913,25.847594629832543,35.64609850922496
SUB-040,Control,10.875555555555556,18.0,1020,1.111645023277693,68.03084064776031,0.0163403099637324,33.734310003607604,18.033607269978223,22.43705440729253
SUB-040,Control,11.125555555555556,18.25,1042,0.9765796720465534,69.43233623375109,0.0140651996608438,37.26674293832597,27.79978507024774,22.198084375080896
SUB-040,Control,11.375555555555556,18.5,1171,0.3605792190895101,78.06796779946332,0.004618785774157,98.41544761088257,15.51271879602168,97.30254424043837
SUB-040,Control,11.625555555555556,18.75,965,0.7468538290851452,64.3199690730926,0.0116115389955556,47.79690056803615,34.96325872370756,23.080344752309507
SUB-040,Control,11.875555555555556,19.0,949,0.9844709082312078,63.3012009885393,0.0155521679345301,40.00086301883864,21.171217823616598,25.521985865284616
SUB-040,Control,12.125555555555556,19.25,1020,0.7598480888165879,67.98753561846995,0.0111762852102873,61.18371745057184,24.9227265035146,51.77121087393822
SUB-040,Control,12.375555555555556,19.5,1089,0.8304685619883323,72.63769089071774,0.0114330253592141,49.94208657527161,40.97077958022968,29.47995855419213
SUB-040,Control,12.625555555555556,19.75,1008,0.958487828062742,67.17566748044597,0.0142683781793719,35.48180420835066,32.42354080007152,19.1931741369222
SUB-040,Control,12.875555555555556,20.0,995,1.0373512698066896,66.34166289767494,0.0156364978581663,29.06380475910574,21.178483633491904,15.03060666979538
SUB-040,Control,13.125555555555556,20.25,1051,0.3677611086272279,70.03009539462725,0.0052514723356416,89.17687911225991,35.67780422455556,68.99889289744121
SUB-040,Control,13.375555555555556,20.5,1117,0.4013842620912945,74.52529323067479,0.005385879675091,78.47463091555873,31.74440091177201,73.18963861430056
SUB-040,Control,13.625555555555556,20.75,1087,0.4241517441175265,72.45225671783056,0.0058542240550133,88.72894239678101,26.94773606114924,76.12414862015818
SUB-040,Control,13.875555555555556,21.0,1037,1.2019058370511977,69.14846916491722,0.0173815248777913,25.75501837590584,20.50647322226433,11.710033450411236
SUB-040,Control,14.125555555555556,21.25,1019,0.7648789720207338,67.90775474571244,0.0112634996530941,48.66304945501862,22.28395512893986,35.78511816982045
SUB-040,Control,14.375555555555556,21.5,1046,0.5764094039556515,69.73666519622604,0.0082655143077711,45.46466446598423,16.01333176632437,39.443496222883255
SUB-040,Control,14.625555555555556,21.75,1051,0.6165159644734585,70.09267883859121,0.0087957255263872,41.676211152767,31.35749321856549,32.17855998775018
SUB-040,Control,14.875555555555556,22.0,1058,0.3981575662900741,70.46897167253908,0.0056501117703301,72.52926533349627,21.64240205472125,64.35305386659587
SUB-040,Control,15.125555555555556,22.25,1160,0.4922011679613735,77.35043637426497,0.0063632629760461,66.24350389425211,26.358335753146147,61.84215174628013
SUB-040,Control,15.375555555555556,22.5,1020,1.1861137523458476,68.00256898593946,0.017442190347119,27.34452540312622,14.56530756608327,18.78268396193352
SUB-040,Control,15.625555555555556,22.75,1022,0.8322636300782588,68.14181320342087,0.0122136995033245,43.54212857726767,18.86622320605597,35.799179376897285
SUB-040,Control,15.875555555555556,23.0,976,0.9759313442961852,65.07136626534138,0.0149978615834902,35.28362638205358,29.663652972826995,21.882340044068176
SUB-040,Control,16.125555555555557,23.25,977,1.2123400624811929,65.15729673913405,0.0186063591209892,27.218371258455548,16.996986232376802,14.90100315203363
SUB-040,Control,16.375555555555557,23.5,1019,0.6740776346016274,67.93159730362446,0.0099228880426408,52.040623888840415,31.2033227035306,40.40804117493328
SUB-041,Control,17.584999999999997,0.0,933,0.7627757076349935,62.13862085118144,0.012275388432932863,93.42866281179116,81.56914047672434,58.259532965955614
SUB-041,Control,17.834999999999997,0.25,920,0.7789536374664218,61.377456905130686,0.012691200918774254,76.40528887699938,34.39816782832471,55.19022560251181
SUB-041,Control,18.084999999999997,0.5,1022,1.0373097740869057,68.35167897450188,0.01517606867380488,66.07827329812714,44.97162017272497,37.42453812216347
SUB-041,Control,18.334999999999997,0.75,1032,1.238828457034249,68.77042871565227,0.018013970251028685,64.51315059863693,28.41498286489744,43.99728597326546
SUB-041,Control,18.584999999999997,1.0,1019,0.6775494051364683,67.90888613432497,0.009977330563135194,100.20457154794207,56.358660601139384,86.41921939660355
SUB-041,Control,18.834999999999997,1.25,1222,0.7682336196657438,82.34399619950787,0.00932956445063004,75.0040227946477,54.54211155466877,52.01083258112409
SUB-041,Control,19.084999999999997,1.5,1019,1.1760669745871155,67.93793801579885,0.017310901816207952,54.899356437646404,38.52523220824776,27.254692933468444
SUB-041,Control,19.334999999999997,1.75,1052,1.2253079075853084,70.11634959532024,0.017475352248901,51.93122727072666,22.723695073481743,23.142802046421714
SUB-041,Control,19.584999999999997,2.0,1083,1.1226021844739664,72.19430467152036,0.015549733314583987,56.150124987233205,24.84221929537312,25.538092953611145
SUB-041,Control,19.834999999999997,2.25,1097,1.1346602255305265,73.13162692870499,0.01551531496265892,51.3974787133618,35.47241140383495,14.88969400690853
SUB-041,Control,20.084999999999997,2.5,1078,1.1509448151124708,71.89526500541326,0.016008631653639666,52.86621476960001,31.438404206526208,26.990102010768272
SUB-041,Control,20.334999999999997,2.75,1085,1.0659395742757518,72.36203694132006,0.014730646335179112,62.13614974642855,37.480523847682264,32.64727750157547
SUB-041,Control,20.584999999999997,3.0,1271,0.48917295785408205,84.7042515403045,0.005775069715613044,105.34992305674152,61.295540678638396,86.1899132141005
SUB-041,Control,20.834999999999997,3.25,964,0.8824658516429063,64.28666696305517,0.013727043154221226,66.17916455145026,39.28636511443207,46.872671920458124
SUB-041,Control,21.084999999999997,3.5,937,0.824418088104586,62.461877922692594,0.013198740023874184,83.19941376537811,58.969797064361394,49.97837425379109
SUB-041,Control,21.334999999999997,3.75,947,0.3642872806488632,63.14526077147906,0.00576903596878329,148.71306206037508,39.34269665550202,124.43841927338752
SUB-041,Control,21.584999999999997,4.0,878,0.890713072112747,58.5090195851946,0.015223517304298452,66.80068929972784,36.553189872455285,44.83158973993091
SUB-041,Control,21.834999999999997,4.25,933,0.7343108308921529,62.23512827240265,0.011798976739922192,74.99804818924731,40.67724685886653,55.73370385210487
SUB-041,Control,22.084999999999997,4.5,1077,0.3820087096685929,76.0869949169366,0.0050206833649512365,158.1478351017075,118.58098811991078,116.39194847272798
SUB-041,Control,22.334999999999997,4.75,1296,0.26980860620774866,89.48020699202203,0.0030152881321765888,169.2858951016055,94.2501067664256,158.9589038276874
SUB-041,Control,22.584999999999997,5.0,1041,0.22926335565365058,69.45548721701003,0.0033008674309249206,147.25388644599533,82.08237536861276,117.46137440825929
SUB-041,Control,22.834999999999997,5.25,935,0.7291725833432026,62.290906304927866,0.011705923490240137,68.50975429028051,60.33494127938052,43.32870680646352
SUB-041,Control,23.084999999999997,5.5,956,0.8964554585153648,63.74409900338724,0.01406334817702465,48.46033162900831,28.3896043210865,32.062595676208154
SUB-041,Control,23.334999999999997,5.75,919,0.9925122978033964,61.26108510113523,0.01620135027260567,49.715454440793216,35.35891292604379,31.766817420557334
SUB-041,Control,23.584999999999997,6.0,887,1.148091328489598,59.16113906869562,0.019406173487573977,31.647260468432005,39.05764969887461,11.116721183932105
SUB-041,Control,23.834999999999997,6.25,898,1.1191073111162235,59.82226525201295,0.01870720385464786,36.90581654096307,39.651196593600396,12.975012460498148
SUB-041,Control,0.0849999999999973,6.5,894,1.1912963154245664,59.646258987525876,0.01997269125753064,32.66401803450845,33.35776073971017,12.183713683800915
SUB-041,Control,0.3349999999999973,6.75,901,0.968017139656346,60.01798541183262,0.016128784280478366,39.185415227552184,31.488463495911212,13.418597943659513
SUB-041,Control,0.5849999999999973,7.0,934,0.7039815702738507,62.27836115892873,0.01130379087011223,56.75070043697446,10.755740758830527,29.64540735571402
SUB-041,Control,0.8349999999999973,7.25,909,0.9749404091610341,60.589295891059244,0.01609096779922969,33.99891148942989,22.41302327520323,19.923630487948255
SUB-041,Control,1.0849999999999973,7.5,912,0.8623990042128884,60.79446094911353,0.014185486485927356,40.89621391937545,34.987342858002904,19.746453781750425
SUB-041,Control,1.3349999999999973,7.75,903,0.6128276844776475,60.19672262287943,0.010180416105323404,73.01832185917998,62.16222250590477,40.27147675354427
SUB-041,Control,1.5849999999999973,8.0,885,0.9614199352436572,59.0301053537304,0.016286942560621746,41.75443965707123,14.211436666526607,29.845568129274145
SUB-041,Control,1.8349999999999973,8.25,919,0.5404906136178773,61.273406741408216,0.008820965609092155,81.36546077690889,13.77993868780451,64.74733363194619
SUB-041,Control,2.0849999999999973,8.5,963,0.5754652184569093,64.21469803088263,0.00896158101031873,88.02864856512251,31.541610308815574,63.00748665979111
SUB-041,Control,2.3349999999999973,8.75,910,0.8458737471132904,60.629480585241055,0.013951525544145933,66.98747004226773,42.11186579723217,33.59979331117573
SUB-041,Control,2.5849999999999973,9.0,874,0.7037564039640751,58.723864576766,0.011984163662187098,96.503617755908,58.92953059522969,48.28468116405464
SUB-041,Control,2.8349999999999973,9.25,906,0.7754382407557814,60.38322688142183,0.01284194768654143,91.29180446713234,45.30238489691317,41.53092037492943
SUB-041,Control,3.0849999999999973,9.5,924,0.827424139846376,61.58344089700325,0.01343582183448018,49.638731953033584,22.54635287954603,26.980023990687574
SUB-041,Control,3.3349999999999973,9.75,937,0.5979058553529567,62.485342841360364,0.009568737693749042,115.01827932387212,58.167511565386754,81.04915345329444
SUB-041,Control,3.5849999999999973,10.0,883,1.057330220782945,58.873535245778676,0.017959346527585282,43.707881975070435,18.563948432537078,22.29336860459871
SUB-041,Control,3.8349999999999973,10.25,867,0.5375082846050347,57.78991886970829,0.009301073528358598,110.27805320073082,34.2495258813124,74.62203320518896
SUB-041,Control,4.084999999999997,10.5,865,0.7493585999726708,57.65379065342074,0.01299755994323696,69.55341527970637,17.749087091808203,42.79254262044312
SUB-041,Control,4.334999999999997,10.75,825,1.28130840733643,54.988941112953945,0.023301201685343737,25.54033504728831,14.410840714444365,16.760052745003694
SUB-041,Control,4.584999999999997,11.0,852,0.873256104562991,56.831194010934894,0.015365788450528906,55.22231739975364,49.10607478198127,30.240907107808038
SUB-041,Control,4.834999999999997,11.25,873,0.5145625206436243,58.15993426750461,0.008847371083277222,137.30985024423939,68.752948227027,86.18673543201295
SUB-041,Control,5.084999999999997,11.5,856,0.6971955089894019,57.25944011505402,0.01217607974490311,72.72365167560636,35.668486590722,45.36319837819156
SUB-041,Control,5.334999999999997,11.75,844,1.0401889465830751,56.37189420251135,0.01845226173962299,44.32507574390649,18.231736177150403,23.136706717568774
SUB-041,Control,5.584999999999997,12.0,858,0.6067095899099353,57.1780182285477,0.010610888741978448,103.10674810183713,74.6279062241324,61.03054129836737
SUB-041,Control,5.834999999999997,12.25,805,0.8052330674876323,53.674002113622194,0.015002292278914454,59.729772257148234,68.59521472075923,27.429621930764192
SUB-041,Control,6.084999999999997,12.5,829,0.5037255419269678,55.45224685280071,0.009083951877804322,102.43051067016432,46.92682400924021,65.35206014633458
SUB-041,Control,6.334999999999997,12.75,974,0.5645933666178128,65.34771042600133,0.008639833942723196,101.32986432932108,50.6581554669479,85.80653750822255
SUB-041,Control,6.584999999999997,13.0,1041,0.6687560356187087,69.4053981976376,0.009635504629112144,81.72657302549212,55.063477355335436,57.89402495034122
SUB-041,Control,6.834999999999997,13.25,1104,0.7138813140492889,73.56215635734061,0.009704464216376281,70.23788969362005,49.178390097520094,40.475139061594476
SUB-041,Control,7.084999999999997,13.5,1008,0.4748328950045841,68.10043913973651,0.006972537930779947,89.10419972481722,34.4997013645092,65.70552529329764
SUB-041,Control,7.334999999999997,13.75,1025,0.6609906210009232,68.28560927973672,0.00967979385368196,69.03597626915965,32.84968131504475,44.229849814579595
SUB-041,Control,7.584999999999997,14.0,1345,0.34306233898367766,92.75201077624352,0.0036987051397870704,140.05263040155697,121.17257591865373,105.88697168259797
SUB-041,Control,7.834999999999997,14.25,1369,0.30913663388203094,95.30207416018963,0.0032437555699198627,150.88505975463718,171.92324548815756,80.55708755066868
SUB-041,Control,8.084999999999994,14.5,1515,0.2729360013470711,104.87670929422244,0.00260244627414246,111.1735844747468,145.46336703539296,27.481188354408445
SUB-041,Control,8.334999999999994,14.75,1364,0.4180225615892937,101.15430109719787,0.004132523847776094,194.97905332839025,262.5978963594602,58.193147381159
SUB-041,Control,8.584999999999994,15.0,1228,0.24655095788972087,92.1036841473659,0.0026768848626645522,164.62101530573378,197.57448741325288,64.5233880016411
SUB-041,Control,8.834999999999994,15.25,1348,0.9574172936449491,90.80641213626352,0.010543498758746848,56.04743477983763,42.141751811371755,31.362153811986772
SUB-041,Control,9.084999999999994,15.5,1298,0.6881062643411571,86.73938756735444,0.00793303115965434,89.83716724591548,85.97271895205625,51.442185636636296
SUB-041,Control,9.334999999999994,15.75,1222,0.6975501984688295,82.19491360117306,0.008486537279587508,107.31302828324286,80.61901178645805,74.90391332388806
SUB-041,Control,9.584999999999994,16.0,1120,1.1848848649446624,74.647258379488,0.015873119665306447,50.94962350899075,38.34105684324592,24.872564361914964
SUB-041,Control,9.834999999999994,16.25,1090,1.2039521658971182,72.71934779417978,0.016556146368428767,49.953469524454476,30.011353835590214,21.501700662115645
SUB-041,Control,10.084999999999994,16.5,1131,0.8456588711884926,75.33571352445912,0.0112252055715107,74.8353589553608,40.34882196084935,55.97370038022246
SUB-041,Control,10.334999999999994,16.75,1233,0.41899838411225526,83.48030968283575,0.005019128291499436,184.18598924841075,196.6600625312755,110.75290537397632
SUB-041,Control,10.584999999999994,17.0,1089,1.1788786762039911,72.87433137187546,0.01617687125235098,53.303951740314695,30.24253979472118,32.83009717241191
SUB-041,Control,10.834999999999994,17.25,1074,0.8186369031655392,71.57447177173475,0.01143755424107544,101.16185299399807,41.618860428133296,71.41178956150696
SUB-041,Control,11.084999999999994,17.5,1125,0.3943415814663124,82.26169700396805,0.004793744790449564,177.2735157989396,170.93287323690816,118.83177952355942
SUB-041,Control,11.334999999999994,17.75,1291,1.0191746726392814,86.5243806402536,0.01177904614974074,75.14904574492282,71.54781022006769,34.40420227601592
SUB-041,Control,11.584999999999994,18.0,1450,0.5856325201887491,96.89523175223333,0.006043976670454178,77.83546579095199,48.92684783350952,58.62922352713689
SUB-041,Control,11.834999999999994,18.25,1382,0.45818553073375295,92.11593365697591,0.004974009517614597,68.28144720957985,31.018739518288026,55.740651217283826
SUB-041,Control,12.084999999999994,18.5,1261,0.9105637917414043,84.31342395410567,0.01079974871186647,61.89563534784156,26.852152525227755,49.73237704830766
SUB-041,Control,12.334999999999994,18.75,1141,0.9586659121423631,76.06801898700422,0.012602745870194746,49.06736734141068,33.174168242723,25.34026794595851
SUB-041,Control,12.584999999999994,19.0,1111,1.0712526981426138,74.08584666919324,0.014459613358081087,49.16356772086938,43.991194860167475,21.974657355397458
SUB-041,Control,12.834999999999994,19.25,1094,1.160385751221341,73.169752935039,0.015858817403026432,48.19839174173166,36.592986494234744,22.572992533769526
SUB-041,Control,13.084999999999994,19.5,1149,0.8002420681809589,76.68384099949279,0.010435602308786958,83.56352377562605,35.59165182233762,63.58848919831174
SUB-041,Control,13.334999999999994,19.75,1156,0.9132639414005851,77.11019108563501,0.011843621816296064,69.3253493923061,38.33598334525435,41.95294914052039
SUB-041,Control,13.584999999999994,20.0,1224,0.47591945762750393,83.15970649515356,0.00572295739950982,90.11760276340839,121.54832411033512,10.483853703995871
SUB-041,Control,13.834999999999994,20.25,1230,0.5689801560902852,83.75741673060074,0.006793191317258099,63.347103590333006,88.45854715451038,10.13423850559187
SUB-041,Control,14.084999999999994,20.5,1242,0.6304805794685965,82.77856954810588,0.007616471061416438,64.44511239031473,60.272160070908484,38.01886807241804
SUB-041,Control,14.334999999999994,20.75,1246,1.233853282814407,83.07460490669109,0.014852352102068542,24.51274240503164,13.896663954931961,10.66244737490781
SUB-041,Control,14.584999999999994,21.0,1340,0.24232329552471624,89.83591537099217,0.0026973988579512146,118.46325903953094,94.69812893399585,78.09037472678114
SUB-041,Control,14.834999999999994,21.25,1333,0.6226623436125102,89.15066105025677,0.006984382799601426,76.43229730938991,58.87254008428697,53.166744940217
SUB-041,Control,15.084999999999994,21.5,1446,0.2629817752561101,96.43171531970515,0.002727129496600084,107.24430291795728,30.97416045540145,99.18304842821253
SUB-041,Control,15.334999999999994,21.75,1153,0.9536601565609828,76.85744377341385,0.012408169069121035,45.354204410286854,34.02489641995827,24.555440895525845
SUB-041,Control,15.584999999999994,22.0,1348,0.3235303436681227,89.85558447791439,0.003600559114360257,124.94824039019737,16.659255961946265,116.7760226705136
SUB-041,Control,15.834999999999994,22.25,1468,0.297008978793478,98.14944612645098,0.003026089198820603,80.55765710019551,19.793738724814045,83.93179949970767
SUB-041,Control,16.084999999999994,22.5,1387,0.5168324714466481,92.44447999146871,0.005590733719247967,83.74411730008634,58.253451798710145,72.88749431803078
SUB-041,Control,16.334999999999994,22.75,1141,1.0244894272944856,76.07875473547465,0.01346616977179278,56.54598598341259,31.593928464017793,36.378735772748946
SUB-042,Control,16.670555555555556,0.0,922,0.5496194426703246,61.586006661797974,0.008924420862170554,68.01980948462682,49.37003799335988,49.49229058771806
SUB-042,Control,16.920555555555556,0.25,906,0.29023625348928234,60.412686664199484,0.004804226885365059,90.15642123432383,100.39616003750464,31.549636215932075
SUB-042,Control,17.170555555555556,0.5,863,0.8415195673037779,57.55245353734185,0.014621784399821867,36.487850536213166,18.632139236518235,30.740600417416815
SUB-042,Control,17.420555555555556,0.75,887,0.7937068211147532,59.16002107617436,0.013416270087070751,45.77433948752872,27.83077287349188,31.988564630421976
SUB-042,Control,17.670555555555556,1.0,893,1.1118823319845803,59.49386906685232,0.018689023750248546,23.81889823914767,12.880008495109026,13.083342410968964
SUB-042,Control,17.920555555555556,1.25,883,0.900944227007663,58.885575479237225,0.015299913767936796,32.79001193981527,28.438619903940776,14.919880499691207
SUB-042,Control,18.170555555555556,1.5,930,0.5639606582865191,62.002342310709516,0.009095796017840241,57.98532973146776,41.39114791766318,32.131719363841924
SUB-042,Control,18.420555555555556,1.75,1037,0.3470045455717843,69.20430619401898,0.005014204529396385,100.43509591017101,69.68643918977212,74.14597591477964
SUB-042,Control,18.670555555555556,2.0,1028,0.5070299400296815,68.52533871048378,0.007399159924941901,71.44173203047124,46.40981034858918,36.80558179903214
SUB-042,Control,18.920555555555556,2.25,972,0.9601682831939538,64.79445647427941,0.014818679489581009,28.774934994076382,9.34805861096446,18.68292320422267
SUB-042,Control,19.170555555555556,2.5,984,0.7579619257533227,65.61304970655274,0.011551999627257463,40.26097160109012,9.64243756723614,25.710653813975654
SUB-042,Control,19.420555555555556,2.75,970,0.7229775173099868,64.62975589496665,0.011186449759843394,32.39912993403336,23.37247196640598,17.894303033657632
SUB-042,Control,19.670555555555556,3.0,975,0.6199755666760061,65.45322723570322,0.009472039697040694,50.148427888323724,10.00215582511577,39.26756559509762
SUB-042,Control,19.920555555555556,3.25,1014,0.6440829429408697,67.62923085644795,0.00952373603520675,70.75525622594554,11.292879235231387,58.0091816981831
SUB-042,Control,20.170555555555556,3.5,866,0.6251162219608959,58.621117591976265,0.010663669469966884,46.905957854453725,11.255981069040121,38.697385587499944
SUB-042,Control,20.420555555555556,3.75,892,0.47644640989804604,59.425333046125694,0.008017563982825816,75.14833142300533,69.73838397737313,50.55787712649098
SUB-042,Control,20.670555555555556,4.0,859,0.4548054698792662,57.274812417766086,0.007940758785238552,71.62588252621649,46.849421537179076,60.90508692421104
SUB-042,Control,20.920555555555556,4.25,910,1.0954330952328089,60.68399531866322,0.018051433322418556,18.757439511053832,10.42522750528033,7.37290567480354
SUB-042,Control,21.170555555555556,4.5,905,1.2243793977726518,60.32575909913533,0.020296129150411325,18.484063932723938,10.104760991248895,10.409935907531384
SUB-042,Control,21.420555555555556,4.75,907,0.9156364352595865,60.448867833360175,0.015147288412145748,28.904419763533923,20.754717009530516,15.608769354680296
SUB-042,Control,21.670555555555556,5.0,909,0.5477339378919716,60.58768050496399,0.009040351657744933,85.46061391499573,65.76900237960746,66.39893409402666
SUB-042,Control,21.920555555555556,5.25,786,0.8974530650062507,52.41554994648412,0.01712188588925507,28.258036186740444,13.24723261570213,21.50832664287745
SUB-042,Control,22.170555555555556,5.5,782,0.808543677310239,52.152687775241034,0.015503394202706597,42.9834363591197,17.6477483483578,28.10027444285765
SUB-042,Control,22.420555555555556,5.75,793,0.7693941562235509,52.84676105333658,0.014558965221104572,45.407224345637324,30.96374957718764,14.365882196838937
SUB-042,Control,22.670555555555556,6.0,775,0.8324344418607085,51.70740060781215,0.01609894197108298,42.72370421743471,16.851149524886353,24.354174828592814
SUB-042,Control,22.920555555555556,6.25,767,0.8323987810105058,51.1092551953302,0.01628665449788361,48.69321681719944,17.213981202065526,34.344778898243554
SUB-042,Control,23.170555555555556,6.5,737,0.7910993790808993,50.168419309055395,0.01576887193131289,42.27890703971814,15.778442227622941,17.95584535255891
SUB-042,Control,23.420555555555556,6.75,717,0.7370016683953899,49.43628614209657,0.014908111549419355,35.35761303561279,15.534787058036795,32.44136000242652
SUB-042,Control,23.670555555555556,7.0,728,0.7443633262640957,48.52141862942544,0.015340922571721396,45.83978291048847,14.883176436931057,25.776676616738673
SUB-042,Control,0.17055555555555557,7.5,704,0.6706303900279573,48.65008678466002,0.013784772738358516,45.96626496805889,17.03180858148035,44.8441684621602
SUB-042,Control,0.42055555555555557,7.75,714,0.9146775328975956,47.612485051635765,0.01921087571685509,40.14728258198909,22.128782828095527,21.943779843290187
SUB-042,Control,0.6705555555555556,8.0,741,0.5140397402398019,49.366704900139574,0.010412680799328548,75.11415577057276,34.3591130364078,38.706592417406135
SUB-042,Control,0.9205555555555556,8.25,738,1.1188346195946717,49.220508545227176,0.022731065823235242,34.85042642865354,17.012606069164892,18.71586560419196
SUB-042,Control,1.1705555555555556,8.5,748,1.1038437960540057,49.87830493781882,0.022130739956582754,30.61948749074387,18.026753879212052,18.24835519662598
SUB-042,Control,1.4205555555555556,8.75,752,0.5047732552285691,50.281496141964986,0.010038946609770524,83.84023734575469,39.37974497438588,49.37901827536807
SUB-042,Control,1.6705555555555556,9.0,770,0.6165171453794368,51.36546528550638,0.012002561291962002,79.33957978636012,19.10483704299861,46.857715568613465
SUB-042,Control,1.9205555555555556,9.25,849,0.2344762839739268,56.72593156808114,0.004133493756599023,134.0128221630314,55.432284884777836,105.24810611600199
SUB-042,Control,2.1705555555555556,9.5,834,0.1707557739963526,55.57758370790448,0.0030723857102853322,133.90099630274688,27.153757209864068,110.81546332895049
SUB-042,Control,2.4205555555555556,9.75,802,0.5510738938927296,53.66953751848654,0.010267908377315746,66.7783166148576,19.984575825154778,35.40327099517609
SUB-042,Control,2.6705555555555556,10.0,803,0.6218392612259054,53.57816039419647,0.01160620776545479,77.48693959923312,21.916384970486433,40.02871437871548
SUB-042,Control,2.9205555555555556,10.25,797,0.47511780992673086,53.24070208253311,0.008923958387892948,99.97998888697812,24.337425942517786,75.57631039517777
SUB-042,Control,3.1705555555555556,10.5,727,0.5362172928789557,52.36148873723823,0.010240680809703771,90.48187944489133,74.0034620588403,43.63978343832928
SUB-042,Control,3.4205555555555556,10.75,782,1.269887712127348,52.11295137901621,0.024367986815628344,20.85204195375074,12.761427556925323,11.258467446459528
SUB-042,Control,3.6705555555555556,11.0,796,0.388868007223465,53.08518749874957,0.007325358080964202,90.62605931503,19.20134953328466,54.11491030584916
SUB-042,Control,3.9205555555555556,11.25,781,0.5586670746664162,52.480269501751025,0.010645278310694957,79.79491142892776,25.383039966653282,43.309471606521484
SUB-042,Control,4.170555555555556,11.5,788,0.4946751972301785,52.47671678666683,0.00942656529449389,103.66718366612358,28.010480884663316,60.441086038375545
SUB-042,Control,4.420555555555556,11.75,812,0.42744521453706774,54.36674790433595,0.007862254613595849,98.85080812323824,81.91443913674527,37.00187951063518
SUB-042,Control,4.670555555555556,12.0,851,0.36020837985145393,56.8992261883536,0.0063306375847547655,96.09490857299954,17.77066320057401,66.90301292840842
SUB-042,Control,4.920555555555556,12.25,842,1.1104094585999493,56.1612267426155,0.01977181630467063,22.37663335344817,12.83268345148406,12.780486086053456
SUB-042,Control,5.170555555555556,12.5,902,0.36381329478279445,60.098276005663365,0.0060536394546244635,105.93456505900818,34.014376408244374,75.03788256875495
SUB-042,Control,5.420555555555556,12.75,855,1.0322856832950456,57.01748536217773,0.01810472132781582,31.63922217181736,12.739600617271638,20.38199791147919
SUB-042,Control,5.670555555555556,13.0,887,0.46705638870315686,59.13096809460955,0.007898676510011922,63.799554019884184,16.16467876974732,49.64376927680706
SUB-042,Control,5.920555555555556,13.25,894,0.4962257761627801,59.60774900737096,0.008324853469997968,64.9524048447795,15.926939857169225,45.405736193384534
SUB-042,Control,6.170555555555556,13.5,863,0.7354272195847782,57.521381668475556,0.012785284328241844,50.754641018220326,32.70031964480454,29.940976823075694
SUB-042,Control,6.420555555555556,13.75,879,0.4022302736489146,59.04513471000823,0.006812250926759865,103.1405981386164,25.339561836729708,86.35312006371512
SUB-042,Control,6.670555555555556,14.0,845,0.7496378347203789,56.28505326542122,0.01331859510171095,56.00029615767018,28.525348334951705,40.41503664454062
SUB-042,Control,6.920555555555556,14.25,842,1.0279764376843552,56.17852583633945,0.018298387548991216,32.83521942804363,16.061045850656328,19.20775628671282
SUB-042,Control,7.170555555555556,14.5,862,1.0494036326495384,57.431378275348585,0.018272304516501157,26.208975214992538,13.442785370352262,18.8548054344013
SUB-042,Control,7.420555555555556,14.75,873,0.9682072959880623,58.23079762185333,0.016627065668506413,30.53296112155183,14.451714923156478,21.46807102504164
SUB-042,Control,7.670555555555556,15.0,844,1.1690882847922612,56.27004286923882,0.020776388735103797,28.9400864177636,16.58805899035857,16.880010579338254
SUB-042,Control,7.920555555555556,15.25,847,0.8424859532046609,56.840551181102356,0.014821917375860357,41.06533044313558,14.028677147397406,27.684909995832342
SUB-042,Control,8.170555555555552,15.5,882,1.0752430405064517,58.82464098850296,0.018278786277957967,28.72039604663552,19.021076785727345,15.975749813290196
SUB-042,Control,8.420555555555552,15.75,932,0.3626047376494356,62.13526643051117,0.005835731597851178,119.325323060921,67.67924444682922,95.83602881648734
SUB-042,Control,8.670555555555552,16.0,1020,0.30714012430952387,67.976510339205,0.004518327327732545,123.07132532011651,42.65108226586355,103.04230411127573
SUB-042,Control,8.920555555555552,16.25,1187,0.5113391045009509,79.15101039232096,0.006460297878276482,90.00625157943772,19.03394057363161,73.71157463292815
SUB-042,Control,9.170555555555552,16.5,1112,0.6843622517922646,74.08501344123333,0.009237526187872306,73.33192170151655,23.17646467543066,41.79248081567362
SUB-042,Control,9.420555555555552,16.75,1022,0.45227334967502697,68.17992294734735,0.006633526852535456,105.60066699685294,39.43137705650144,75.52075763793864
SUB-042,Control,9.670555555555552,17.0,997,0.47432695759734556,66.48299193468618,0.0071345609424938485,70.97716604373554,28.943061400149976,43.82220514794534
SUB-042,Control,9.920555555555552,17.25,949,0.9544843458015041,63.21805900352174,0.015098286167696668,22.24585188594578,8.570445241967864,14.07654931778718
SUB-042,Control,10.170555555555552,17.5,927,1.041999048198003,61.82919712086263,0.016852863965888504,24.411675818884465,9.584454656281453,15.174537003628568
SUB-042,Control,10.420555555555552,17.75,892,1.066439998502839,59.458342498716846,0.017935918723698926,21.097157355120853,10.989639034358657,12.857882058188858
SUB-042,Control,10.670555555555552,18.0,868,1.0142053242272182,57.842758326558354,0.01753383402813189,30.800554558734028,25.864454595719305,12.88511100128914
SUB-042,Control,10.920555555555552,18.25,814,0.5571042320669983,54.31446339445379,0.010257014379780946,64.20638301316352,17.643071806797927,60.13268042293919
SUB-042,Control,11.170555555555552,18.5,817,0.5619561230405241,54.45275096364262,0.010320068556604877,81.26976955053127,38.449530836781705,66.14046517263375
SUB-042,Control,11.420555555555552,18.75,849,0.867280965304766,56.58610496755797,0.015326747896890884,25.08170599413345,13.229558814075938,13.24750709988656
SUB-042,Control,11.670555555555552,19.0,840,0.8800631075960625,55.99639134366896,0.015716425406680494,28.152953495330554,14.107538623273426,18.75233878196422
SUB-042,Control,11.920555555555552,19.25,841,0.43827548809102146,56.09901709986092,0.00781253417169243,80.51803310405641,34.27108318768379,59.83749812450757
SUB-042,Control,12.170555555555552,19.5,816,0.887735862749403,54.37118327286539,0.016327322844791544,30.12867007013213,24.640582018462734,18.019955067491704
SUB-042,Control,12.420555555555552,19.75,849,0.4531142430163215,56.635113770537735,0.008000588554516809,80.93514383855268,95.20219297458337,35.82169627509584
SUB-042,Control,12.670555555555552,20.0,927,0.956968235706501,61.74785736489187,0.015497999064994387,37.05382507877456,11.94326038745306,30.858982224789965
SUB-042,Control,12.920555555555552,20.25,943,0.858407523779874,63.30537290086969,0.013559789389820987,40.573727248430856,10.551360584828991,32.665397317447464
SUB-042,Control,13.170555555555552,20.5,859,0.637630434075408,57.287608470207445,0.011130337800835397,37.020668002521376,27.868133542325133,22.810264752486084
SUB-042,Control,13.420555555555552,20.75,844,0.8802216892374106,56.28636689507995,0.015638275088498414,30.717489198741976,11.801290718961715,18.077637589404134
SUB-042,Control,13.670555555555552,21.0,937,0.7966874740542575,62.436350349885664,0.012759994291622083,54.43793585502315,26.95885595736426,41.11951914570369
SUB-042,Control,13.920555555555552,21.25,885,0.7189926711703072,59.00419585392739,0.012185449878009822,27.95753840701442,10.99197568282266,17.233798924181354
SUB-042,Control,14.170555555555552,21.5,887,1.0394521821552147,59.14798889058066,0.01757375359081309,31.707140783283307,17.53043145755506,20.848062867146087
SUB-042,Control,14.420555555555552,21.75,894,1.040137053030543,59.572133479783346,0.017460127617949562,26.65623052330895,9.827344897110494,18.246663875355924
SUB-042,Control,14.670555555555552,22.0,875,0.7764711956872756,58.38179021921528,0.013299886707340374,35.25648544504374,10.980584071196871,24.85407648773876
SUB-042,Control,14.920555555555552,22.25,873,0.8472079111355736,58.14605338380503,0.014570342470939563,38.521549357662465,11.045983952002192,27.426624987685646
SUB-042,Control,15.170555555555552,22.5,890,0.5359784571731983,59.34520237380809,0.009031538114861185,68.07130011702507,50.06143582220178,44.32094691079108
SUB-042,Control,15.420555555555552,22.75,865,1.0367935440658056,57.68813947413759,0.01797238658616499,26.469805378341714,12.29409109800013,9.159771564705522
SUB-042,Control,15.670555555555552,23.0,805,0.6087223175772287,53.78918648031627,0.01131681583992697,48.324750188643335,16.38707019731536,36.39449766929472
SUB-042,Control,15.920555555555552,23.25,844,0.5001119679308264,56.25860293357952,0.008889519857456691,66.57995834562716,16.641606307632102,55.01666979371005
SUB-042,Control,16.170555555555552,23.5,874,0.5944318632449506,58.30274959057995,0.010195605994901375,47.61493882448833,18.255912754925838,30.877833222425433
SUB-043,Control,17.15833333333333,0.0,886,0.9096299582837707,59.075199751075154,0.015397831274657953,65.79896034096217,44.89715806440188,28.735213214850404
SUB-043,Control,17.40833333333333,0.25,881,1.287338386206231,58.7174796138376,0.02192427867600182,36.66220293620934,28.04865901834298,20.60659384673494
SUB-043,Control,17.65833333333333,0.5,892,0.8035027076104072,60.09856973938197,0.013369747584589857,89.56721910152221,72.53566791647945,46.29073111435634
SUB-043,Control,17.90833333333333,0.75,1040,1.2310744577047785,69.33009792876332,0.0177567102093193,69.9709148292376,42.94917200975343,36.92719504039115
SUB-043,Control,18.15833333333333,1.0,1055,1.016126501022504,70.32036313302213,0.014449960946594367,77.82543402773683,56.78991044097303,38.78077917767191
SUB-043,Control,18.40833333333333,1.25,1033,0.6522093187368394,68.9113058792529,0.00946447481171881,107.85644492693879,56.239219466503535,89.34298731087087
SUB-043,Control,18.65833333333333,1.5,948,1.101447523443992,63.19417209301809,0.017429574388959892,43.14251633249426,30.062009128124313,23.824002171344063
SUB-043,Control,18.90833333333333,1.75,933,0.7646549679997705,62.22682667638937,0.012288188372136648,70.76944619349406,42.084117685575755,32.03485511906625
SUB-043,Control,19.15833333333333,2.0,909,0.947376936615574,60.59750876908394,0.015633925484060715,42.51145552176366,21.34450996689481,23.150501702899845
SUB-043,Control,19.40833333333333,2.25,898,0.860723262128045,59.827845042772246,0.01438666663512107,51.82395082552695,23.53504940986183,35.20320503125452
SUB-043,Control,19.65833333333333,2.5,913,1.1091047300656627,60.89901080796245,0.018212196148195053,48.79629407706044,24.396397490742675,25.665068447247563
SUB-043,Control,19.90833333333333,2.75,917,0.9509935245166528,61.08629688473209,0.015568033634632451,71.18476339758656,35.68559639957013,46.93209228839023
SUB-043,Control,20.15833333333333,3.0,883,1.1252401564457397,58.9301803054403,0.019094463153065563,52.096903573399565,30.395839015866272,24.349749571067676
SUB-043,Control,20.40833333333333,3.25,870,0.6646161317516028,57.97075697370438,0.011464679201154362,87.10961562415366,34.77896670030727,70.64207259652486
SUB-043,Control,20.65833333333333,3.5,889,0.7882144238549345,59.4158665092343,0.013266059558896304,61.84212945858671,30.819713329778555,31.34703982193942
SUB-043,Control,20.90833333333333,3.75,861,0.6607595142101566,59.454208980508774,0.011113755031654316,56.18730197108736,29.12463194697079,30.957346391437806
SUB-043,Control,21.15833333333333,4.0,848,0.8875638934768968,56.5386730969036,0.015698350259399793,46.103468702613554,29.826139261308143,29.643229870976462
SUB-043,Control,21.40833333333333,4.25,858,0.9837678170283894,57.15973414283716,0.017210853615414655,58.092988004652284,36.606185754221634,31.007170416041856
SUB-043,Control,21.65833333333333,4.5,860,0.44827441057075096,57.35576581062815,0.007815681723278197,122.71659711556458,33.78372285807677,106.08346202895878
SUB-043,Control,21.90833333333333,4.75,845,0.3736051435107178,56.889906249474016,0.006567160470829076,96.42742291347056,36.929386954742164,76.71538077703532
SUB-043,Control,22.15833333333333,5.0,831,1.2097848446490995,55.3650584964156,0.021851053308783598,22.142282974990522,15.045152923982664,8.561062827099999
SUB-043,Control,22.40833333333333,5.25,814,1.4005990780895234,54.32104807145821,0.02578372707844415,20.660374032948035,18.167493238697126,5.776483948856655
SUB-043,Control,22.65833333333333,5.5,817,0.49011977371547744,55.409928346891924,0.008845342131595978,93.91848698495104,31.945093059627094,68.18763310611719
SUB-043,Control,22.90833333333333,5.75,780,0.5777488946060967,52.0341112507088,0.01110327207901003,82.25643017694159,23.882467882188685,50.61523088182932
SUB-043,Control,23.15833333333333,6.0,840,0.5158822136102662,55.96878185723074,0.009217320736517301,111.66436931814881,32.56664570378272,83.28467682084295
SUB-043,Control,23.40833333333333,6.25,875,0.7001830438698426,58.75743141608767,0.011916501912950093,93.42306751705128,61.450981376444645,44.90652107425403
SUB-043,Control,23.65833333333333,6.5,896,0.9626828581086431,59.6822718340975,0.016130130917011206,79.27164342132863,35.91123445074725,52.83823701233479
SUB-043,Control,23.90833333333333,6.75,823,0.40583218233096224,55.29130388046866,0.0073398916981286845,121.37065700912176,75.57910246838743,86.76135079478607
SUB-043,Control,0.15833333333333144,7.0,754,1.3523612923119774,50.323084435773,0.026873577155986667,24.52862507560772,26.570835443183537,9.9408584967678
SUB-043,Control,0.40833333333333144,7.25,759,1.101831648558996,50.85591828211075,0.0216657507282998,43.943381503129416,24.891612006556755,18.498876313575828
SUB-043,Control,0.6583333333333314,7.5,808,0.6582449662495966,54.1872747086931,0.012147593134887743,97.29445109326606,32.091682477905415,38.849587580872836
SUB-043,Control,0.9083333333333314,7.75,865,0.8914826646324713,57.89548247908679,0.015398138619096849,74.66535575507635,29.919703497986195,37.815742307655945
SUB-043,Control,1.1583333333333314,8.0,927,0.7857612746737833,61.8086532114496,0.01271280369086293,81.09518512664292,24.383677222740786,52.03329464055386
SUB-043,Control,1.4083333333333314,8.25,881,0.8252398180647713,58.75481148108586,0.014045484910294191,76.5813233548595,26.354963306919842,36.14251379307315
SUB-043,Control,1.6583333333333314,8.5,889,1.3841568601575287,59.2548815291181,0.023359372670036443,22.85439801324721,15.69167306578886,12.189752833139723
SUB-043,Control,1.9083333333333314,8.75,920,0.49739445970614754,61.557127690894006,0.008080209041003157,92.5512273677569,30.846790483514507,42.73386375220366
SUB-043,Control,2.1583333333333314,9.0,865,0.6535566255428736,57.82646045238342,0.01130203405897613,91.98771845934667,60.142500533070375,46.62676856778075
SUB-043,Control,2.4083333333333314,9.25,855,1.0012420916736264,56.96291081584658,0.017577087921481178,52.931898097226195,20.840927577607527,27.841686563980886
SUB-043,Control,2.6583333333333314,9.5,898,0.5800699559099185,60.26886086483802,0.009624704160425606,100.51137439783444,49.593531782368856,57.51379329338067
SUB-043,Control,2.9083333333333314,9.75,871,0.9354731125167746,58.44774597039363,0.01600528980177667,44.84582557289491,32.21144224486468,14.909073651005713
SUB-043,Control,3.1583333333333314,10.0,883,0.7634101119404907,58.84424047279759,0.012973404122590359,98.60029020716739,60.682895713697995,45.79401404509257
SUB-043,Control,3.4083333333333314,10.25,885,0.7625929679843924,58.996656856111485,0.012926036976032397,70.55123903624806,50.25416171055656,35.79337970124125
SUB-043,Control,3.6583333333333314,10.5,940,0.6651860270971175,62.91707663166068,0.010572424255999005,81.67404220164238,48.1224365871928,49.13445616174767
SUB-043,Control,3.9083333333333314,10.75,928,0.6714112144596053,61.8621988411948,0.010853335753279179,88.37347976250484,65.63880768595402,50.66736998669618
SUB-043,Control,4.158333333333331,11.0,894,1.268560281738783,59.57583868764334,0.02129320056054697,29.656680423519788,15.595567463996813,7.122848897950259
SUB-043,Control,4.408333333333331,11.25,908,1.4336732670608314,60.56805902050509,0.023670450898475495,17.383021345589608,13.234839259754242,5.305378674094296
SUB-043,Control,4.658333333333331,11.5,932,0.4517256704878167,62.10483411501166,0.007273599179916783,87.45193588438119,23.882634618170755,35.248560279379696
SUB-043,Control,4.908333333333331,11.75,848,0.5382768381977511,60.099291400060714,0.008956458980766075,110.95059036338013,56.43235233100238,72.8750266207732
SUB-043,Control,5.158333333333331,12.0,906,0.5090822525993787,60.439688728932,0.008422979391614323,110.58848394095698,97.52365345609964,41.72877404497921
SUB-043,Control,5.408333333333331,12.25,911,0.8169487238906153,61.40641588073719,0.013303963635938033,61.92494126799978,38.47273902845557,26.264646407497505
SUB-043,Control,5.658333333333331,12.5,877,0.5216979217514219,58.76388131974162,0.008877866982829101,93.22201799746306,87.90481049272877,58.22368831241447
SUB-043,Control,5.908333333333331,12.75,813,1.2771805665675964,54.22952496359129,0.023551387688257864,27.61376876709248,17.227040835865896,10.045121798285235
SUB-043,Control,6.158333333333331,13.0,830,0.8189754474030349,55.50663739007345,0.014754549832440338,74.42615264930407,24.4050312200997,37.29697697633921
SUB-043,Control,6.408333333333331,13.25,874,0.9055942501962424,58.27981200204046,0.015538729777723652,91.74732643553376,31.451448064245234,37.48220436103537
SUB-043,Control,6.658333333333331,13.5,874,0.8850176904687078,58.241816824821406,0.015195571476258144,74.87946195005472,29.549500279720707,42.97117462937145
SUB-043,Control,6.908333333333331,13.75,876,0.9293830652859165,58.41622672964713,0.015909673002111935,99.37924495317165,34.51631498291786,51.96816384606394
SUB-043,Control,7.158333333333331,14.0,1072,1.013154153182697,71.46388751548551,0.014177148604785273,125.54496062511951,59.90322883949433,74.32932140913987
SUB-043,Control,7.408333333333331,14.25,1043,0.7156293575645543,69.53217446375893,0.010292060662327619,139.0070543518615,49.62214229311505,126.23523897694852
SUB-043,Control,7.658333333333331,14.5,843,0.8975390265904342,56.21167953785953,0.015967127009359795,55.86762484523641,33.577577067296176,42.003602539437324
SUB-043,Control,7.908333333333331,14.75,1052,0.6774552632450034,70.09478120367132,0.009664845964445648,140.00102189815019,64.68331696670644,108.0270165076976
SUB-043,Control,8.158333333333331,15.0,1150,0.9434664487806834,76.6777423405603,0.012304306569047444,109.88920552974702,64.50631964506606,61.22943244470184
SUB-043,Control,8.408333333333331,15.25,990,0.618064044573267,66.47976228448638,0.009297025490680755,101.94703412232657,89.77088576617521,52.601940978460675
SUB-043,Control,8.658333333333331,15.5,990,0.5663464777541793,65.9711925792404,0.008584754278527253,96.8904990774206,60.343891468927914,56.844001638086
SUB-043,Control,8.908333333333331,15.75,965,0.8866260760668012,64.34505843286999,0.01377924113615969,69.84792700523936,28.5691270560878,36.11413525551028
SUB-043,Control,9.158333333333331,16.0,961,0.7211408869328224,64.39968459120831,0.011197894702597204,111.17243814976052,104.48724005032066,63.582625443924954
SUB-043,Control,9.408333333333331,16.25,930,0.8880142430161457,62.014470043010036,0.014319468382141537,63.31438003425596,29.647171704850333,23.423765758845942
SUB-043,Control,9.658333333333331,16.5,1010,0.78500616731596,67.49163872149008,0.011631161758500989,112.39368282761231,76.83478213858258,60.28499554406609
SUB-043,Control,9.908333333333331,16.75,980,0.728664630070935,65.34160993725872,0.011151617334966214,93.56579485191844,54.123709164922836,53.688270492637585
SUB-043,Control,10.158333333333331,17.0,1050,0.9839594357833699,70.04070142983089,0.014048394943176478,100.88636017987584,57.817874205932554,50.50508135384235
SUB-043,Control,10.408333333333331,17.25,1068,0.49917492745162556,75.19370475675282,0.0066385201934979375,150.4296659235976,114.05479289608108,111.86781563429926
SUB-043,Control,10.658333333333331,17.5,1220,0.6533352867060958,81.34580635697473,0.00803157920445247,122.33975042843409,83.08393415605833,83.99602758851573
SUB-043,Control,10.908333333333331,17.75,987,0.9431606570907718,66.0064535185051,0.014288915807699833,102.07826212433208,87.06985840925496,42.820327754165156
SUB-043,Control,11.158333333333331,18.0,1025,1.0989263516972627,68.5227606984642,0.016037391670967703,100.21155906442107,77.11759233064139,50.68995028908908
SUB-043,Control,11.408333333333331,18.25,958,0.5799379939925331,64.25462179425554,0.009025623025990333,128.52013452212546,85.00837133772275,77.90636744642777
SUB-043,Control,11.658333333333331,18.5,852,1.2469797912445149,56.792743149486455,0.021956674780830524,41.08985852600864,23.715112913362596,17.22343025968853
SUB-043,Control,11.908333333333331,18.75,965,0.6116548799082909,64.32918767457208,0.009508201518143291,152.59997621967085,64.41505874041503,118.61579935126359
SUB-043,Control,12.158333333333331,19.0,1035,1.2289953311701904,69.03658939237796,0.0178020864296329,97.99781276145795,63.634709152297425,40.74456145850033
SUB-043,Control,12.408333333333331,19.25,980,0.8352043024689879,65.31700408231275,0.012786935258335795,114.27254390677477,53.31782631217979,86.12681673076588
SUB-043,Control,12.658333333333331,19.5,924,0.8692628719914726,61.61102152718431,0.01410888588509983,61.2333395408185,45.6696650946682,34.059279860107026
SUB-043,Control,12.908333333333331,19.75,959,0.771892706436285,63.90748630553865,0.012078283015950632,56.50748124737254,27.023746612971483,33.07504038378327
SUB-043,Control,13.158333333333331,20.0,979,1.162695652923194,65.26507129825715,0.017814975603255685,42.79938158588437,29.814714117598218,17.604413314402414
SUB-043,Control,13.408333333333331,20.25,985,0.6792047624429637,67.80415498354803,0.010017155476795863,92.18048225440243,87.71112160757345,49.70139265849687
SUB-043,Control,13.658333333333331,20.5,1028,0.8847257279906774,69.0284977572453,0.012816818513159887,122.9450454738947,99.70775700130729,67.14971740841668
SUB-043,Control,13.908333333333331,20.75,991,0.8028932661163916,67.01862905989071,0.01198015055483889,141.90008183320742,160.05553644743048,66.55954521875138
SUB-043,Control,14.158333333333331,21.0,1010,0.8734206843581301,68.09669731018046,0.01282618274979914,110.58932547859985,99.94581287080686,63.775022226248375
SUB-043,Control,14.408333333333331,21.25,1020,0.8918370805843026,68.05489761741138,0.01310467154910732,87.56691914947646,59.22323497035,47.800823192799285
SUB-043,Control,14.658333333333331,21.5,917,0.3227586536908313,62.34504389761906,0.005176973717764234,139.28910801927816,156.15684996308363,63.34612565577887
SUB-043,Control,14.908333333333331,21.75,899,0.5231240624504279,59.87432386081718,0.008737034987926929,81.48940787537126,68.74471026420562,46.92879334477645
SUB-043,Control,15.158333333333331,22.0,858,0.9580783518709733,57.214430750867166,0.016745396909440585,43.26915926757161,23.786879491419707,25.782188514256507
SUB-043,Control,15.408333333333331,22.25,845,1.1043186261414113,56.34572939379997,0.019598976497816452,33.39057065044779,24.853647447994316,13.907437282700016
SUB-043,Control,15.658333333333331,22.5,872,0.6781938639238211,58.1617033197304,0.011660488349105054,82.20553391624357,37.766656212452475,42.630036625690465
SUB-044,Control,16.835277777777776,0.0,982,0.7512713656213321,65.44921354305518,0.01147869202625506,33.76035804243759,16.610302245076184,26.047154716793536
SUB-044,Control,17.085277777777776,0.25,991,0.3227649473933861,66.334436676049,0.004865722293981959,76.59537985670599,77.32768396292951,17.683006708784358
SUB-044,Control,17.335277777777776,0.5,991,0.45648197370561305,66.05096121588868,0.006911057239781781,58.1884751237736,39.88152910353819,44.047913505330435
SUB-044,Control,17.585277777777776,0.75,934,0.5559203173660137,63.375097115211716,0.008771904780759348,71.17677104167477,66.1609489674565,39.04996459273074
SUB-044,Control,17.835277777777776,1.0,1040,0.5304360070176685,69.35622088622578,0.007647994660606048,64.36431437829752,46.58662644186504,51.46277483616278
SUB-044,Control,18.085277777777776,1.25,1173,0.5333044274335295,78.1682115939518,0.006822523076308855,65.33115024156308,45.92071925980563,49.0910786060145
SUB-044,Control,18.335277777777776,1.5,1461,0.21116325860292254,97.44601617430453,0.002166976823610815,89.25025205334077,18.8620260681948,83.74625340689752
SUB-044,Control,18.585277777777776,1.75,1213,0.5879318382882973,80.88023657302503,0.007269165660234763,29.666003892327954,30.491504524782282,15.97861582853651
SUB-044,Control,18.835277777777776,2.0,1180,0.3399372277574461,78.64097728075495,0.004322647549811613,49.83535408073824,29.536323434639314,43.92383111067722
SUB-044,Control,19.085277777777776,2.25,1067,0.41526947439988227,71.62475876150253,0.005797848140510383,62.58613898387466,65.27698955875385,18.867395688004645
SUB-044,Control,19.335277777777776,2.5000000000000004,973,0.7231294890313789,64.86198219017515,0.011148741753083728,25.833201027164844,5.446617102393219,19.33066037983675
SUB-044,Control,19.585277777777776,2.7500000000000004,992,0.2681468069326645,66.14678317924644,0.004053814774424217,72.78127266599651,60.078690409931134,51.68523613228544
SUB-044,Control,19.835277777777776,3.0000000000000004,963,0.44197740795067286,64.18887392851906,0.006885576594517928,63.7762837001442,62.20934076971142,41.839996272431605
SUB-044,Control,20.085277777777776,3.2500000000000004,1049,0.3344888047842315,69.99718632218946,0.004778603574786789,96.55445315303854,92.02413701792116,62.95008230501392
SUB-044,Control,20.335277777777776,3.5000000000000004,907,0.2868922041682883,60.46626355824294,0.004744665657932461,58.89435969885487,6.087115912519684,47.46651079096323
SUB-044,Control,20.585277777777776,3.7500000000000004,860,0.7693808299780247,57.34601317402404,0.013416465895253034,27.61871326499191,7.256084115680445,23.51268392927829
SUB-044,Control,20.835277777777776,4.000000000000001,860,0.5621717722202779,57.310536475490856,0.009809221947533043,45.17596600860788,28.563105390042953,26.1217592980183
SUB-044,Control,21.085277777777776,4.250000000000001,858,0.46000381709801397,57.38938497040233,0.008015486092685148,40.07927391923564,26.947353487432913,15.226408590231996
SUB-044,Control,21.335277777777776,4.500000000000001,853,0.40099043818197944,56.87823190715445,0.007049980717342599,51.45530834561006,36.29345379999531,35.50573326091777
SUB-044,Control,21.585277777777776,4.75,828,0.5534895416552654,55.20478441464927,0.010026115444957524,40.14812814927942,33.02530999646721,18.983819569815914
SUB-044,Control,21.835277777777776,5.0,818,1.0030699128823533,54.52436710407622,0.018396727301165944,21.961854966329934,7.496306720184577,16.711730263900847
SUB-044,Control,22.085277777777776,5.25,881,0.23174236235023432,58.84245339412755,0.003938353161415974,123.69375763950458,63.09093365207801,99.4599181037159
SUB-044,Control,22.335277777777776,5.5,818,0.3409707843126323,54.59047136002349,0.006245976189945936,60.56311575584148,62.0941264416828,25.10775294923712
SUB-044,Control,22.585277777777776,5.75,807,0.6902678789687797,53.78255055026592,0.01283442067931765,53.076880312228866,31.4121920032909,31.541825914564892
SUB-044,Control,22.835277777777776,6.0,805,0.7183517704313731,53.64556607734291,0.013390701654554213,39.29109707456577,13.848550043540937,28.461230970915604
SUB-044,Control,23.085277777777776,6.25,773,1.211834916209424,51.53367689117927,0.023515397877942743,14.67216193210871,7.2737906959220995,8.143640032626061
SUB-044,Control,23.335277777777776,6.5,781,0.21674742746393508,52.06267519490173,0.0041632018841237,76.77237261040588,59.92642925351821,54.868459522313564
SUB-044,Control,23.585277777777776,6.75,830,0.33207162389255485,55.35043046629959,0.005999440674535285,108.85431436256745,57.3178448983185,91.30511644106238
SUB-044,Control,23.835277777777776,7.0,795,0.5779940973504136,52.96239669834417,0.010913291946406273,61.22786864389465,8.722347452845547,48.42590611921374
SUB-044,Control,0.08527777777777601,7.25,775,0.7512662605104319,52.493023507843475,0.014311735356569395,52.13621268211641,16.93825235273279,37.88161853383625
SUB-044,Control,0.335277777777776,7.5,760,1.1560626692290192,51.30951791557334,0.022531154378243223,18.81439311413583,9.178008314832852,11.802822907743874
SUB-044,Control,0.585277777777776,7.75,758,0.3496935557519768,52.12936059006585,0.006708188088127383,56.591455505710066,53.41171310146576,32.05227452531797
SUB-044,Control,0.835277777777776,8.0,779,0.6453776146767203,54.48206486326447,0.011845689334580965,45.92308022838424,40.07271667990541,25.83660109634895
SUB-044,Control,1.085277777777776,8.25,748,0.6718920123371012,54.8044903536526,0.012259798567624505,43.190424212622496,48.913728933494575,12.569925681134388
SUB-044,Control,1.335277777777776,8.5,827,0.7728759354897767,55.26726433724392,0.013984334936023697,28.46453945958291,5.405808014585507,18.220802038935716
SUB-044,Control,1.585277777777776,8.75,827,0.47229652752777335,55.15889028583244,0.008562473339843146,55.141178687356025,28.39135444574497,34.519456257460554
SUB-044,Control,1.835277777777776,9.0,833,0.41987718952939374,55.9815590158536,0.007500276821702793,67.01155392712892,40.139944497106235,49.32230918018652
SUB-044,Control,2.085277777777776,9.250000000000002,802,1.1270724963019725,53.454847206006676,0.021084570534051106,15.208080741671708,4.692943676368069,9.391089625049592
SUB-044,Control,2.335277777777776,9.500000000000002,820,0.5603943347183565,54.66277953567746,0.010251844847234612,39.94570721990725,7.721020891965235,32.53637704284998
SUB-044,Control,2.585277777777776,9.750000000000002,845,0.5015719801616829,56.572824958993074,0.008865952522704114,62.53097675942979,28.95242461341123,46.88776495993865
SUB-044,Control,2.835277777777776,10.000000000000002,829,0.504722769734438,55.226658021078066,0.009139114837291134,58.945866831502215,33.28400335336861,33.858349056950026
SUB-044,Control,3.085277777777776,10.250000000000002,894,0.19312711726962878,59.61185613583146,0.00323974339650773,155.7669584329939,69.34786615140828,136.08585342005085
SUB-044,Control,3.335277777777776,10.500000000000002,813,0.6952492476254546,54.72972290693591,0.012703321169881996,23.493934854453734,17.614998647172854,15.957468359332282
SUB-044,Control,3.585277777777776,10.750000000000002,715,0.1871741840080588,55.92155860813978,0.0033470845353157637,84.87058563049607,106.11155669853305,38.22456550143729
SUB-044,Control,3.835277777777776,11.000000000000002,858,0.22248896076033103,57.21691077585153,0.003888517533425324,63.13905895197704,29.4214735159652,51.52251831287906
SUB-044,Control,4.085277777777776,11.250000000000002,816,0.4594978173820916,54.67806835428619,0.008403695141620192,41.59587932007739,27.14193549798332,16.63284662323938
SUB-044,Control,4.335277777777776,11.500000000000002,814,0.25707438036578967,56.24822928639378,0.004570355078323771,76.76606898905948,101.18238255123956,23.989758122254138
SUB-044,Control,4.585277777777776,11.750000000000002,823,0.5172469478424961,55.23940992944613,0.009363730505143764,52.32262382440543,8.556169072492683,44.16675710686799
SUB-044,Control,4.835277777777776,12.000000000000002,893,0.4504757095172217,59.63517696332515,0.0075538588540494875,62.434204416636085,39.53961514632233,36.4251345697042
SUB-044,Control,5.085277777777776,12.250000000000002,883,0.2723835866368016,58.85417650254224,0.004628109725144754,93.53276732840568,51.08353169940733,76.94595828976438
SUB-044,Control,5.335277777777776,12.500000000000002,830,0.5008729737253196,55.2905752884436,0.009058921364307238,42.337068913524554,11.20367422069322,32.95003579117773
SUB-044,Control,5.585277777777776,12.750000000000002,814,0.6468974951885434,54.33428266286935,0.011905880845108066,35.797372190526204,8.582140556490865,26.041437317525244
SUB-044,Control,5.835277777777776,13.000000000000002,983,0.29846958456894745,65.65157912195187,0.004546266648278509,100.21958575295824,52.16103843630381,88.07641468144931
SUB-044,Control,6.085277777777776,13.250000000000002,1276,0.14658354182332353,85.52278820375335,0.0017139705674012438,115.34954619274393,130.65940456010046,69.9896147493277
SUB-044,Control,6.335277777777776,13.500000000000002,1466,0.18833996450308266,97.69946418574894,0.0019277481823749359,79.62837700088372,44.97866008988294,65.90098507371758
SUB-044,Control,6.585277777777776,13.750000000000002,1193,0.38488393198381876,79.55339846828034,0.0048380576995372526,55.01537453747837,56.27560565597059,38.241202915970135
SUB-044,Control,6.835277777777776,14.000000000000002,1112,0.7417276408008231,74.15022310637423,0.010003039906390537,26.594524335363868,15.113730263712146,19.896699400317672
SUB-044,Control,7.085277777777776,14.250000000000002,1063,0.47471161418902047,70.89912270950703,0.006695592216761877,53.61244834901012,44.66733071434882,32.94125153709257
SUB-044,Control,7.335277777777776,14.500000000000002,1030,0.29354129767486126,68.71530183029545,0.004271847606808353,94.73469651468922,83.97707239506893,74.30770001777105
SUB-044,Control,7.585277777777776,14.750000000000002,955,0.575768012529576,63.6229082442187,0.009049696538854698,53.45476492986756,38.24259153258161,34.3284890930434
SUB-044,Control,7.835277777777776,15.000000000000002,1034,0.4802582817580068,68.9611476628907,0.006964186328593294,78.4424851907308,56.29350205546752,58.53288755945352
SUB-044,Control,8.085277777777776,15.250000000000002,1161,0.46078759251138574,77.39071311442626,0.00595404246799079,70.37582294718253,84.82656748757513,25.97473101297253
SUB-044,Control,8.335277777777776,15.500000000000002,1369,0.39423030862561353,91.27660567484016,0.004319072841402567,49.972202267350106,60.721761419951584,18.38261457972652
SUB-044,Control,8.585277777777776,15.750000000000002,1399,0.4088032954174793,93.30066957735707,0.004381568720453115,40.048410858821775,44.14469316001304,18.306725630642696
SUB-044,Control,8.835277777777776,16.000000000000004,1426,0.48360739966412725,95.04797389846664,0.005088034808408778,31.012396814535,35.68502560783135,14.226842386479586
SUB-044,Control,9.085277777777776,16.250000000000004,1474,0.2041591262520404,98.25487608153688,0.002077852361063677,81.68430735602263,37.1427495279806,71.06750699924785
SUB-044,Control,9.335277777777776,16.500000000000004,1247,0.44501602706850196,83.20405678159769,0.005348489536232884,45.127520713161374,41.172151600514276,31.099090065230442
SUB-044,Control,9.585277777777776,16.750000000000004,1160,0.6910916002820902,77.3437317683822,0.008935327847273663,20.211242699766494,3.944174721841148,15.946318663355703
SUB-044,Control,9.835277777777776,17.000000000000004,1161,0.3236543288933516,77.88235136277343,0.004155682554906186,83.2552623335503,68.28487488405493,59.844912705580064
SUB-044,Control,10.085277777777776,17.250000000000004,967,0.38468758436031925,64.51892699753468,0.00596239897751273,64.55990066124127,39.29192121115698,47.94532606783429
SUB-044,Control,10.335277777777776,17.500000000000004,963,0.3670057226796768,64.17041031080113,0.005719236029536538,71.25190223348179,80.83781020816657,38.734784426790235
SUB-044,Control,10.585277777777776,17.750000000000004,1100,0.4198188439951096,73.3613736806068,0.005722614271413096,74.95931046129287,44.36427913272493,63.143020526125476
SUB-044,Control,10.835277777777776,18.000000000000004,1285,0.1828007068055752,85.67875689125022,0.002133559279315867,112.51492364983798,48.337259481745626,101.0354300475108
SUB-044,Control,11.085277777777776,18.25,1049,0.3430368814080992,69.9900252537889,0.004901225284091877,74.03227018435679,61.255058990326646,47.58963881319272
SUB-044,Control,11.335277777777776,18.5,1036,0.595368480470216,69.14933854252418,0.008609894078800006,42.22043226098035,40.52384042156021,20.059134731544066
SUB-044,Control,11.585277777777776,18.75,994,0.4310887968340361,66.28095389450615,0.006503961869953834,70.81192177639656,75.36629584800451,38.99490925554859
SUB-044,Control,11.835277777777776,19.0,1013,0.48988627590521555,67.54654243496506,0.007252573680982801,67.76864711457327,53.57567327433617,46.00950538516062
SUB-044,Control,12.085277777777776,19.25,1161,0.5674649960258898,77.38074079340254,0.007333413847005608,58.188956142955014,31.711495794384113,49.95769380255194
SUB-044,Control,12.335277777777776,19.5,1134,0.277703224515054,75.59160093322964,0.003673731222604352,114.91953029899861,81.58913708564103,93.8962641244957
SUB-044,Control,12.585277777777776,19.75,915,0.6765913006547607,61.023256641142126,0.01108743351135082,36.57322143482436,6.021206142756344,32.50200810387593
SUB-044,Control,12.835277777777776,20.0,904,0.9751076554669144,60.246450635453435,0.016185312913572527,18.623344819223682,4.871209518234933,9.861940943283562
SUB-044,Control,13.085277777777776,20.25,908,0.5649163465137761,60.524658132334366,0.009333656131995204,41.504548961815004,7.168318143435926,30.978525800477023
SUB-044,Control,13.335277777777776,20.5,923,0.728767377677416,61.53586314104024,0.011842969944324672,31.978884633517005,13.71190245664245,24.448519191238947
SUB-044,Control,13.585277777777776,20.75,1038,0.31489352867144005,69.43221217627844,0.004535265675706407,118.54666350050061,80.38059179382996,95.03813353324318
SUB-044,Control,13.835277777777776,21.0,1117,0.451586631342081,74.47850047285291,0.006063315298710697,47.68087348534634,45.613107278013366,33.72784740029823
SUB-044,Control,14.085277777777776,21.25,1342,0.180927795146012,89.46626903880427,0.002022301780211021,79.81443683860964,9.948787581786128,72.48592155973398
SUB-044,Control,14.335277777777776,21.5,1162,0.4149561169142464,78.0220973082824,0.00531844350805726,47.91892023792468,47.058268350578295,31.367143006321236
SUB-044,Control,14.585277777777776,21.75,1050,0.32329230189786234,70.06929074306814,0.004613894310466461,55.03908374903895,59.18397259403461,24.835344042159623
SUB-044,Control,14.835277777777776,22.0,995,0.2411055778714916,66.48714025111424,0.0036263490497690787,63.30062964742094,72.85255637120028,26.857685982763606
SUB-044,Control,15.085277777777776,22.25,998,0.31509595121469136,66.56543266419585,0.004733627328830912,86.94389009403288,74.8109486245316,56.61181661795423
SUB-044,Control,15.335277777777776,22.5,939,0.16704364506176317,63.059916994614056,0.0026489670938835896,123.59349512481218,72.75206897020612,101.98105909780318
SUB-044,Control,15.585277777777776,22.75,1080,0.2785549491939164,72.21946693563217,0.0038570618285259164,100.11232893641663,47.728320583564695,99.89336374422494
SUB-044,Control,15.835277777777776,23.0,1022,0.3161265860416134,68.15567324845367,0.004638301860642038,92.30692604919902,105.92687311810835,47.47718818160753
SUB-044,Control,16.085277777777776,23.25,916,0.45595292908304136,61.06361348599237,0.00746685142024283,49.16557126689705,42.885398179907114,26.329216720730606
SUB-044,Control,16.335277777777776,23.5,932,0.3595925023781918,62.160822230275166,0.005784873646717205,52.86562744513949,45.63650572961795,31.883009248274448
SUB-045,Control,11.945,0.0,1144,0.8045594918004724,76.23354742550735,0.01055387711803204,59.434338005931636,63.46514808831904,18.78917773030086
SUB-045,Control,12.195,0.25,1284,0.5092721814763866,86.89796595142782,0.0058605765497554635,92.33295431623948,105.01465584537561,45.694271623074535
SUB-045,Control,12.445,0.5,1267,0.5527708795632644,86.04959680523044,0.006423863679622318,70.65471890124924,71.1335714842233,47.93536319123699
SUB-045,Control,12.695,0.7500000000000001,1202,0.8283473182551232,80.38789500083598,0.0103043787655655,57.61559345431659,65.26755285326537,23.856951336508022
SUB-045,Control,12.945,1.0000000000000002,1226,0.6819095246183389,81.70755006198044,0.008345734563098105,59.74473245871615,64.29156798745629,23.763338670774985
SUB-045,Control,13.195,1.25,1220,0.8552864733450971,81.32601399207405,0.010516763718783174,56.79253723333033,64.9264492052252,17.730211401331523
SUB-045,Control,13.445,1.5,1215,0.6801978376653987,81.2212828728937,0.00837462563512899,56.630958924500085,51.619361525974526,37.85737847985239
SUB-045,Control,13.695,1.75,1217,0.7014497915919724,81.16913794195884,0.00864182877109714,59.95093025334256,60.491809743572986,30.90074959237614
SUB-045,Control,13.945,2.0,1162,0.719170514817508,78.54473681542325,0.009156189758551586,60.23384233487144,64.86854792505575,24.885668591373275
SUB-045,Control,14.195,2.25,1175,0.7377383626263556,78.32384744514276,0.00941907716092548,53.631225787097044,54.26692813239705,14.99798609901352
SUB-045,Control,14.445,2.5000000000000004,1163,1.0498621188053785,77.52265243455346,0.013542649610598631,46.072519712071134,33.00796597120062,15.20098026097573
SUB-045,Control,14.695,2.7500000000000004,1178,0.7649269202264499,78.52059554783335,0.009741736099804159,65.98895319340754,65.52756299695156,27.60925272606422
SUB-045,Control,14.945,3.0000000000000004,1175,0.8089433604677915,78.33211483376925,0.010327097157844807,64.47715875308025,63.004637345888135,26.55422601220448
SUB-045,Control,15.195,3.2500000000000004,1142,0.9137357190742585,76.17599188879106,0.011995061651553111,47.88969848297049,15.491282782379448,27.35325525645194
SUB-045,Control,15.445,3.5000000000000004,1157,0.6909562494457434,77.34026149965686,0.00893397870718098,67.59947313575665,63.60170179003259,36.054826156078846
SUB-045,Control,15.695,3.7500000000000004,1182,0.8295463600278442,78.9868477765737,0.01050233530491484,67.77700673892299,65.41723704517712,35.20446154452271
SUB-045,Control,15.945,4.000000000000001,1268,0.3416601168848915,85.29932123805104,0.004005425974391938,136.1712025493485,152.16622614380523,57.26555696506278
SUB-045,Control,16.195,4.250000000000001,1133,0.45571181837290914,80.81053033247862,0.005639262810155741,139.88184904644075,156.8249203848363,63.53665730046398
SUB-045,Control,16.445,4.500000000000001,1077,0.5799604834074641,71.77695162331207,0.008080037815636373,57.362868670977974,24.166438062414894,44.744400723234975
SUB-045,Control,16.695,4.75,1106,0.9626285094675602,73.73095755803425,0.013055961042006911,63.520347736123476,25.456750653729433,46.61050288171064
SUB-045,Control,16.945,5.0,1135,0.9842945298321981,75.72708004830521,0.012997920020213783,52.93912299187884,23.28148055559762,33.797550122468024
SUB-045,Control,17.195,5.25,1122,1.0919338810906603,74.78471068137182,0.014601031028159756,32.74398528634873,31.24195525354052,13.891957235009897
SUB-045,Control,17.445,5.5,1132,0.7186053071445284,75.61546109065728,0.009503417644745622,52.604364295909505,32.94901347457665,28.553527062111048
SUB-045,Control,17.695,5.75,1213,0.3905219601144116,83.41308271969285,0.004681783089431533,131.13385386236408,156.47860702168057,56.5562296878735
SUB-045,Control,17.945,6.0,1246,0.6305740358649048,86.29506077360821,0.007307185720851297,72.46295819914482,91.65741172702835,26.251994269895047
SUB-045,Control,18.195,6.25,1217,0.6827927284873049,81.97926829405206,0.008328846337566595,67.93627830773302,70.55781620509225,41.253690773436546
SUB-045,Control,18.445,6.5,1150,0.9906761289013248,77.16170185165718,0.01283896162381038,39.920314770657214,36.81914257864085,18.96062937466339
SUB-045,Control,18.695,6.75,1144,1.0913958074863632,76.30795775047164,0.014302516273011087,42.56268480730921,36.64704796070852,18.455346575148326
SUB-045,Control,18.945,7.0,1182,0.5302482518567457,79.07015636758926,0.006706047846821935,74.31279644941019,65.7978777109235,43.40635591371152
SUB-045,Control,19.195,7.25,1183,0.5403100618331081,79.08925899225264,0.006831649059779854,75.55877410246613,69.21134165637008,41.211708063350706
SUB-045,Control,19.445,7.5,1150,0.5937492288995772,76.68651995461046,0.007742550180279506,72.03059593970096,71.25350983064187,29.231430668786796
SUB-045,Control,19.695,7.75,1174,0.46420337071157897,79.69768283852281,0.005824552912687705,91.92850823817491,100.41641347649134,45.96736476903115
SUB-045,Control,19.945,8.0,1111,1.0238107216119967,74.320429644776,0.013775629749524202,39.64349848397031,14.922381762891522,21.824575174661067
SUB-045,Control,20.195,8.25,1084,0.9447443359304352,72.30635482142421,0.013065854837568296,49.10500698272367,40.49988885453782,19.289202182250893
SUB-045,Control,20.445,8.5,1051,0.5609046548207817,70.0111245078904,0.008011650416464408,74.34180361762589,62.21763645232986,49.827442300473116
SUB-045,Control,20.695,8.75,975,0.8397266420132435,65.04495328994038,0.012909943040010034,55.92557131284149,42.363926384683694,31.4204657170369
SUB-045,Control,20.945,9.0,919,0.7017444219129644,61.27783284954147,0.011451847907806933,68.27913655530591,43.712008091783225,35.21696700808513
SUB-045,Control,21.195,9.25,886,0.9902857757757211,59.083406965306835,0.01676081029581125,40.036076068637975,20.79637625974111,18.152531090500045
SUB-045,Control,21.445,9.5,887,0.8799451371803458,59.15357700190732,0.0148756031634735,48.284818074397776,20.456251838439336,20.756601532742273
SUB-045,Control,21.695,9.75,938,0.41581458040298963,62.78839374168846,0.006622475200013102,118.41359240390995,79.52913724724641,86.82902673946961
SUB-045,Control,21.945,10.0,933,0.8340870085422498,62.21092147288079,0.013407404822091375,57.29949012648042,28.925592719304642,31.355934736724144
SUB-045,Control,22.195,10.25,930,1.3499902461324733,61.97734383764157,0.021781995847853113,45.83851566769526,29.338233925375675,16.54853369176283
SUB-045,Control,22.445,10.5,1009,0.6434831943817064,67.99046291689643,0.009464315534492312,104.73069064117972,67.03135371564848,59.6131972763987
SUB-045,Control,22.695,10.75,910,0.9046383433998834,60.678262956920655,0.014908771268586635,46.5618242429482,29.75155652250065,19.041402783788545
SUB-045,Control,22.945,11.0,925,0.6568229138508164,61.65707556602306,0.010652839237363492,77.20383084038961,35.029764709235714,43.44676547476863
SUB-045,Control,23.195,11.25,901,0.9198044677789714,60.05205400019329,0.015316786129846797,46.5057465715325,17.15818560726434,23.293031635521828
SUB-045,Control,23.445,11.5,953,0.47250140991769224,63.53058034151854,0.007437385387913777,90.18525041471887,57.32291877431506,60.43503994357048
SUB-045,Control,23.695,11.75,1005,0.3074030995310742,67.00543488527403,0.004587733816777795,102.55479884128438,47.7839802124126,88.92466760247649
SUB-045,Control,23.945,12.0,921,1.112459223138563,61.39215544680402,0.018120543496839805,28.605555456155702,17.063723279926712,14.739837016332606
SUB-045,Control,0.19500000000000028,12.25,918,0.6596300357565628,61.23129599573115,0.01077275966529518,60.21351600837969,43.76078773371482,23.038643979922437
SUB-045,Control,0.4450000000000003,12.5,995,0.6712807675118635,67.46059995864225,0.009950708530955883,76.92748117439837,47.85139008638302,51.5196633981183
SUB-045,Control,0.6950000000000003,12.75,993,1.248081856906676,66.21721647628384,0.018848298423321454,35.72331868343846,33.740291315643915,8.924316430958076
SUB-045,Control,0.9450000000000003,13.0,1165,0.2886780727605471,78.23990436598814,0.0036896526791517785,113.3705566399037,62.40339613191938,101.68395545684466
SUB-045,Control,1.1950000000000003,13.25,1118,0.5253646746907137,74.52290012731551,0.007049707858835023,71.90563457097346,50.33407640938369,56.327206303165596
SUB-045,Control,1.4450000000000003,13.5,1096,1.0132728479705502,73.07949617821795,0.013865350761306506,47.254304563041586,27.210996971158252,22.746609619423772
SUB-045,Control,1.6950000000000003,13.75,1067,0.7872247125020152,71.15238636123674,0.01106392564973603,81.74505951463573,88.19478378809964,35.056205150593804
SUB-045,Control,1.9450000000000003,14.0,1051,0.7729432497338946,70.39242717687966,0.010980488679438051,56.63456313960943,52.461623161716076,31.54903584292649
SUB-045,Control,2.1950000000000003,14.25,1014,0.45670320196563957,74.08949923828104,0.006164209593276172,87.13573260191795,108.77493813756547,36.187684422580915
SUB-045,Control,2.4450000000000003,14.5,1088,0.3850409727177643,78.48493300887765,0.0049059221681977,119.5880058421225,150.48626792942466,38.49629177483423
SUB-045,Control,2.6950000000000003,14.75,1088,0.32096771283699604,74.15022007667187,0.004328614433040294,113.66605739265992,125.82440561654981,60.173983575935814
SUB-045,Control,2.9450000000000003,15.0,997,0.958938623257864,66.42157379823253,0.014437156008540425,47.38665711956792,43.69420710963593,18.99152659730542
SUB-045,Control,3.1950000000000003,15.25,985,0.6820697456225517,66.10050632316772,0.010318676566377397,70.72832036372219,76.90309735058673,26.492132211451835
SUB-045,Control,3.4450000000000003,15.5,986,1.103335742100819,65.7817925872059,0.016772661533024414,33.848630178079645,38.82385053750305,7.707224659748374
SUB-045,Control,3.6950000000000003,15.75,996,0.9361751085133424,66.39786051338346,0.014099477020417587,47.61791467362705,37.02640644012523,25.768982121963425
SUB-045,Control,3.9450000000000003,16.0,1005,1.031864484169087,66.9688222927326,0.015408132453914515,63.53920345745927,22.427661492005804,35.20732171000747
SUB-045,Control,4.195,16.25,1012,0.6036736514589195,69.41165846080334,0.008697006595798501,116.6874156491507,125.14835508868885,65.4317205699668
SUB-045,Control,4.445,16.5,1083,0.6314708907628008,72.57545703104059,0.008700887553387644,108.7470804046297,110.93906422187425,42.19061879348994
SUB-045,Control,4.695,16.75,1123,0.5137720881335397,78.32106055410581,0.006559820366306394,91.85211637974561,84.41773411103894,67.61023137353854
SUB-045,Control,4.945,17.0,1237,0.33807640073029077,85.74973831425858,0.003942593964442163,131.37698169693613,173.9764589029998,45.75674313843651
SUB-045,Control,5.195,17.25,1330,0.30902865142648944,90.04993370383953,0.0034317476839331993,132.57093644099064,170.5872541741666,25.628727454686835
SUB-045,Control,5.445,17.5,1217,0.34169711115250523,85.83458915300938,0.003980878973433349,121.9476691763178,166.91519573061487,25.121060354423754
SUB-045,Control,5.695,17.75,1185,0.46302907363019247,81.70103625871306,0.005667358638683269,127.85958344951575,153.55027403233575,38.767447169763514
SUB-045,Control,5.945,18.0,1138,1.05929782275154,76.05850311340826,0.013927408236946982,45.89140270592911,34.44450496963692,22.921509244545938
SUB-045,Control,6.195,18.25,1096,0.9901756574913388,74.20672938579713,0.013343475257391609,59.28794402295759,57.289260430996954,25.369643129573912
SUB-045,Control,6.445,18.5,1122,0.8036332550169959,75.73081587242305,0.010611707344745964,87.45112117523533,108.0202016326082,13.331491183728595
SUB-045,Control,6.695,18.75,1130,0.904378567571511,75.33634678720482,0.012004545032240818,73.67360746823054,72.22179449200708,25.85044791818425
SUB-045,Control,6.945,19.0,1062,0.5995999935037266,72.33987480161028,0.008288651247297702,98.97008931758133,113.20315702161622,26.327165366672904
SUB-045,Control,7.195,19.25,1089,0.7077291782964761,75.22666436404455,0.009407956397901159,127.67585018787193,147.88622166660264,53.09688287975262
SUB-045,Control,7.445,19.5,1131,0.5162727241100107,78.29265253568512,0.006594140157337216,125.2376399993948,136.63828937707692,67.25377865011879
SUB-045,Control,7.695,19.75,1098,0.696309108997014,73.5933153855606,0.009461580924150533,90.42068569006862,106.54452850446536,36.43476884614057
SUB-045,Control,7.945,20.0,1219,0.504409761200902,81.49784889804077,0.0061892401826697556,101.64395123332224,109.62552319883088,51.019915230428644
SUB-045,Control,8.195,20.25,1194,0.5823649581596531,81.58570541911752,0.007138075906409835,114.05374907975337,149.66910135165924,34.342393779769466
SUB-045,Control,8.445,20.5,1119,1.1275358675064173,74.58425443517478,0.015117612638823384,53.67734637011113,45.15351473213878,24.640507688722387
SUB-045,Control,8.695,20.75,1204,0.47502032650698955,82.93315179269467,0.005727749593966747,135.80365209271216,166.4081602881115,60.53239021823036
SUB-045,Control,8.945,21.0,1295,0.3606689947164202,89.27863551910873,0.00403981302603157,113.0683593327004,132.67343203231528,51.87812611995764
SUB-045,Control,9.195,21.25,1248,0.8112179492520623,83.20138668977816,0.009750053232607069,52.100912944196835,64.08820105162636,16.272679639302645
SUB-045,Control,9.445,21.5,1086,0.21919753886687854,88.20782174330928,0.002485012491349783,217.3084988596203,270.86314840023977,91.21789324190624
SUB-045,Control,9.695,21.75,1291,0.3081847841177338,93.05409895737603,0.003311888327013941,169.82500111452586,236.16479760520403,39.12436263379482
SUB-045,Control,9.945,22.0,1241,0.5069771523797038,85.99850547856447,0.005895185614662457,107.54609313876189,137.65698369966677,38.38891970811549
SUB-045,Control,10.195,22.25,1125,0.3535361908187303,80.9364163513144,0.004368073195681944,161.95459765337822,191.42574031968508,37.53807485632307
SUB-045,Control,10.445,22.5,1198,0.7504659023309583,80.0445434298441,0.0093756035099221,69.95236067709264,72.19759621285152,22.916319826133048
SUB-045,Control,10.695,22.75,1155,0.5714935286116215,80.11681100409602,0.007133253576236373,102.10108110931236,138.06884538467716,26.738640232130944
SUB-045,Control,10.945,23.0,1153,0.47063611196921046,81.11682793101669,0.005801954094771167,110.0765334458916,140.26250810731838,42.73820282636801
SUB-045,Control,11.195,23.25,1103,0.41639180407147636,82.51664547018777,0.005046155253874365,150.1912739436251,184.55284656716503,56.42792253316727
SUB-045,Control,11.445,23.5,1123,0.661154595682899,78.20007520577136,0.008454654217955333,79.67582216060525,106.97147569885503,14.939841820594719
SUB-046,PD,19.456944444444442,0.0,1115,0.39719557916667725,74.5333311051321,0.005329100058689417,101.03035570594577,90.71077798348904,74.47055831395707
SUB-046,PD,19.706944444444442,0.25,1102,0.46494930233127185,73.4087553152513,0.006333703661566847,86.42607058238517,49.831450697885245,72.44286459042715
SUB-046,PD,19.956944444444442,0.5,1048,0.9888820529816555,69.87839070777432,0.014151471477313765,53.450572813380255,49.10415221794364,25.744410714138002
SUB-046,PD,20.206944444444442,0.75,1028,0.9252692539313534,68.5597669323617,0.013495805124953046,42.4453394828712,46.39787080028985,18.76501955614801
SUB-046,PD,20.456944444444442,1.0,1026,0.5578236404301691,68.38882982446201,0.00815664841556685,69.3562805373717,44.27871811659389,50.35031320258563
SUB-046,PD,20.706944444444442,1.25,1014,0.8135703286776984,67.57229535890285,0.012039998409947577,42.06391843088251,17.36268934364231,27.686574328853833
SUB-046,PD,20.956944444444442,1.5,1041,0.8939562849804588,69.42707655985834,0.012876190807338855,43.35402528641018,43.5089623835401,21.35690329672769
SUB-046,PD,21.206944444444442,1.75,1111,0.9350897900171049,74.08724645734927,0.01262146772529088,44.08939483212324,22.428103348696695,30.039830253074854
SUB-046,PD,21.456944444444442,2.0,1091,0.891900662512124,72.69989138329701,0.012268253026813194,54.21420024994599,17.706449351122128,44.85276772401331
SUB-046,PD,21.706944444444442,2.25,1183,0.4058069080409627,78.85597730085478,0.005146178158349499,74.4018800729751,35.97692671003394,67.34882630278788
SUB-046,PD,21.956944444444442,2.5,1090,0.5115392255547329,72.67433784677272,0.007038787565333821,66.86026572118321,37.743601188417884,50.72742874932035
SUB-046,PD,22.206944444444442,2.75,1048,0.8710680546037057,69.90138435422926,0.012461384887451134,27.8466443594869,26.93293521034962,15.124631219428887
SUB-046,PD,22.456944444444442,3.0,1052,0.8534350315150879,71.1583295379218,0.01199346635955351,36.041206689363435,41.27091344833711,13.160528676590504
SUB-046,PD,22.706944444444442,3.25,1037,0.8434852700527514,69.11689887071296,0.012203748776844546,38.648883997299535,44.11875208700135,14.10675748981877
SUB-046,PD,22.956944444444442,3.5,1016,0.7582083676664182,67.75719892451008,0.011190078393163157,46.35011096795966,60.1463486109633,7.500041334417544
SUB-046,PD,23.206944444444442,3.75,1023,1.1853376012840302,68.16152660498297,0.017390126957593344,24.132336362816606,21.30523212385333,8.543474754692236
SUB-046,PD,23.456944444444442,4.0,1024,0.9346843384728467,68.28692512111927,0.01368760325369775,36.96105476367443,43.43753169017881,9.838701113909217
SUB-046,PD,23.706944444444442,4.25,1082,0.7070323281878579,72.33474541333982,0.009774449666583999,45.41236615079087,38.93024906575764,29.14959113698694
SUB-046,PD,23.956944444444442,4.5,1074,0.6607588938267195,71.61113951059053,0.009227040630026564,41.54004667789385,53.520688703450986,9.530433579841041
SUB-046,PD,0.20694444444444215,4.75,1063,1.2270078632596575,70.86556431344401,0.01731458537227622,17.90232252466227,12.654692526405102,9.390996351783583
SUB-046,PD,0.45694444444444215,5.0,1052,0.853875073043539,70.12671025514257,0.01217617466920776,32.23382819012889,39.23011474555704,9.151277375641255
SUB-046,PD,0.7069444444444422,5.25,1200,0.3306503848040472,79.98151538311146,0.004134085022273357,87.80656742688232,35.50217604250657,74.9151632760281
SUB-046,PD,0.9569444444444422,5.5,1109,0.6225874557972929,74.63891992300547,0.008341324558816355,49.598380720572266,45.86861239331409,21.625800230813383
SUB-046,PD,1.2069444444444422,5.75,1086,1.022948402892281,72.5914801933099,0.014091852103968489,24.537894439620747,23.63852202449011,10.694202160828803
SUB-046,PD,1.4569444444444422,6.0,1077,0.6803392099172325,71.78628084410535,0.009477287330077609,41.887693490823295,52.51969890654554,12.752041317348736
SUB-046,PD,1.7069444444444422,6.25,1081,0.5644459410589658,72.04881457150061,0.007834215516465085,56.5001326052503,56.4631967974945,14.058234247067205
SUB-046,PD,1.9569444444444422,6.5,1073,0.6447945895315806,73.00544762613228,0.00883214349747753,62.265499609997086,55.297271598774714,19.467489952052667
SUB-046,PD,2.206944444444442,6.75,1085,0.39307275551493825,72.53789018365123,0.005418861156834831,73.45657461458099,26.034393941412944,59.656755275699744
SUB-046,PD,2.456944444444442,7.0,1064,0.911357999332715,70.91450159346574,0.012851503978090286,28.423462905065886,7.72498846915268,20.641651751457736
SUB-046,PD,2.706944444444442,7.25,1075,0.6448991109346219,71.67200224905632,0.00899792235039887,40.25744408387256,37.80715301853411,19.671648737161814
SUB-046,PD,2.956944444444442,7.5,1065,0.3620405788593139,71.02343773445237,0.0050974803587083145,64.12544774751464,66.93496450797753,30.118765816026603
SUB-046,PD,3.206944444444442,7.75,1016,0.8950305682093841,67.70948454822023,0.013218688255882023,30.901614606796993,23.863177314161113,14.958329001231716
SUB-046,PD,3.456944444444442,8.0,988,0.7348132524074875,65.86030017098348,0.011157150066121764,46.51202451118486,58.52086803822475,13.673814011956221
SUB-046,PD,3.706944444444442,8.25,988,0.7101300431053227,65.89053368220044,0.010777421329297201,47.37430849000639,58.99462479593004,13.572893924676354
SUB-046,PD,3.956944444444442,8.5,1032,0.8194268753736033,68.79831826333134,0.011910565491400212,36.72217907789302,38.878058011716156,18.658114836191746
SUB-046,PD,4.206944444444442,8.75,1044,0.7309235272126455,69.57843068648718,0.010505030366466689,52.19734467720756,43.2751126944257,23.330870158460762
SUB-046,PD,4.456944444444442,9.0,1047,0.915818985656213,69.80977336827155,0.013118778954129244,39.647047810301316,14.327332848063415,13.133331040715639
SUB-046,PD,4.706944444444442,9.25,1180,0.372734922766377,78.69377229934756,0.004736523766436182,96.896208774846,38.388255820009064,88.14230179904463
SUB-046,PD,4.956944444444442,9.5,1067,0.7038968305704998,71.10497035071566,0.009899404037419941,55.696254114162045,18.435578214150386,47.22369439839909
SUB-046,PD,5.206944444444442,9.75,1113,0.31339494023893544,74.24685801705965,0.0042209858923178524,114.6604122762856,59.54817135924676,104.48950345594638
SUB-046,PD,5.456944444444442,10.0,1004,0.8932423240305323,66.91511755133325,0.0133488867197355,51.33857100759438,45.62098395987966,22.975990988649194
SUB-046,PD,5.706944444444442,10.25,1053,0.6799448589709735,70.16889179130585,0.009690118250595212,67.80843697256877,43.35423109238782,51.15831723845477
SUB-046,PD,5.956944444444442,10.5,1070,0.48831129872846796,71.50526376754776,0.0068290259066226275,92.12419678036763,36.347931488323894,83.37115388376404
SUB-046,PD,6.206944444444442,10.75,972,0.7330037666189083,64.83010998441499,0.011306532825489896,54.15833847814937,46.72476766653042,36.376298477794904
SUB-046,PD,6.456944444444442,11.0,965,0.6788443096014866,64.31396768306432,0.010555161406722625,55.85200440119699,22.851359856754794,44.883958965017605
SUB-046,PD,6.706944444444442,11.25,1031,1.0171178209950942,68.72256679786834,0.014800346791276188,47.65256641926845,18.649058384829424,31.321943468485586
SUB-046,PD,6.956944444444442,11.5,1017,0.7892227953776751,67.81695423855963,0.011637544095557976,56.30113003040753,49.432298807099095,36.83557094758068
SUB-046,PD,7.206944444444442,11.75,1158,0.6439135510169169,77.18361992066129,0.008342619219969335,78.74371753273101,75.76707129406913,44.60191709392149
SUB-046,PD,7.456944444444442,12.0,1010,0.7281082766986712,67.37016235542097,0.010807577883773402,53.374177006298716,19.6725674685023,37.64016094032605
SUB-046,PD,7.706944444444442,12.25,1114,0.472468376771627,74.27079282182343,0.00636142901968321,90.80053493422358,33.851745904880964,83.54721392293031
SUB-046,PD,7.956944444444442,12.5,1289,0.8151864972702931,86.10755762492776,0.009467072574757365,44.78757616661188,27.96766378143345,32.36819053052294
SUB-046,PD,8.206944444444446,12.75,1216,0.3191762927124765,81.08486571430475,0.003936323873767831,97.62375305197168,61.71976359406277,84.09282735938616
SUB-046,PD,8.456944444444446,13.0,1186,0.2875558647995568,79.65228798846631,0.003610139420492165,91.07870172157068,53.56251129319606,74.03427510782893
SUB-046,PD,8.706944444444446,13.25,1100,0.6988257190797575,73.2869182850861,0.009535476936843293,45.02150936755102,35.138113042266006,20.57390214449813
SUB-046,PD,8.956944444444446,13.5,1093,0.4862078480045023,72.86860982959546,0.006672390884655382,75.85996762859298,65.72681139583554,51.98405010805044
SUB-046,PD,9.206944444444446,13.75,1076,0.8223117394993114,71.76522899066252,0.011458358749280986,44.48556801050489,19.36522896903767,36.17259448333871
SUB-046,PD,9.456944444444446,14.0,1149,0.5693927670897557,76.58493829546856,0.007434787828554613,67.22082303767996,65.82021363265302,44.187187749533834
SUB-046,PD,9.706944444444446,14.25,1208,0.8487410063725729,80.51839269824377,0.010540958133048839,33.00404846966749,14.08719444121233,24.031013187948325
SUB-046,PD,9.956944444444446,14.5,1393,0.8051446834767482,92.85346084112483,0.008671132730899238,28.90687004220856,8.821098662252645,20.759205452930008
SUB-047,PD,16.42638888888889,0.0,1270,0.3702837573629353,84.65961169902509,0.004373794657591128,40.93067971504754,50.355364426805046,19.95700679467933
SUB-047,PD,16.67638888888889,0.25,1178,0.19896945539876593,78.50672827541779,0.002534425517017345,49.97079720234158,51.07408782248485,33.76869227202531
SUB-047,PD,16.92638888888889,0.5,1204,0.22257147297335336,80.28406154666845,0.0027722996157085854,48.598791534225285,41.06847069371505,39.21562328829324
SUB-047,PD,17.17638888888889,0.75,1120,0.3244167448681343,74.64700962079986,0.004346011267110932,41.48286119259822,37.66853696907443,28.956310781294714
SUB-047,PD,17.42638888888889,1.0,1139,0.3954002682639638,75.96937658200058,0.005204732302063486,60.97733369607886,66.183248030445,37.10363473211118
SUB-047,PD,17.67638888888889,1.25,1076,1.1842448667819996,71.67885740170803,0.01652153661079118,9.944084704504334,6.724823850031575,6.408815355037265
SUB-047,PD,17.92638888888889,1.5,1175,0.6390788891156405,78.37251959312991,0.008154374676652119,38.493691091778864,37.547868369323815,23.757850066885972
SUB-047,PD,18.17638888888889,1.75,1150,0.7696792100040245,76.85675905071878,0.010014463522929755,17.05846865293419,6.480539254872434,13.537289101255674
SUB-047,PD,18.42638888888889,2.0,1192,0.6469194247042805,79.48759840091225,0.00813862083795019,23.969867070632457,10.88470992537375,18.499225923153062
SUB-047,PD,18.67638888888889,2.25,1217,0.7919023172240296,81.1284656253958,0.009761090772757556,17.341070083473095,7.913751771774445,12.849286206418302
SUB-047,PD,18.92638888888889,2.5,1239,1.0419678649987616,82.58054769321005,0.012617594507482717,13.073693710329458,8.239057461346727,6.830401670980442
SUB-047,PD,19.17638888888889,2.75,1164,0.4895652371070093,77.83653658618134,0.006289658540561579,25.04684301691731,9.320785489024848,23.105647886956575
SUB-047,PD,19.42638888888889,3.0,1146,0.5941747162638148,76.3689432963928,0.007780318682134757,15.697502860596572,5.461976544523582,12.746490748280332
SUB-047,PD,19.67638888888889,3.25,1144,1.0081904290987251,76.25632969752989,0.013221072048677195,8.192505889592697,4.54971565165738,5.782276389893367
SUB-047,PD,19.92638888888889,3.5,1159,0.6557838395465908,77.32079122052103,0.008481338967112704,16.522811752060814,8.777325946847483,11.963796690525488
SUB-047,PD,20.17638888888889,3.75,1148,0.31010136084121587,76.7170279948098,0.0040421451266620416,34.66832068611304,7.8475558309333735,32.64316707340686
SUB-047,PD,20.42638888888889,4.0,1190,0.29614588603319686,79.32592957990587,0.0037332797434776466,46.221195785720425,30.730768805672934,40.48729545545845
SUB-047,PD,20.67638888888889,4.25,1113,0.5671249781531696,74.6967332762873,0.0075923665370411205,19.719196859317393,22.301300894403756,10.366925611706819
SUB-047,PD,20.92638888888889,4.5,1078,0.6896195679336468,71.83489967769809,0.009600063075576988,21.079840552712053,11.847882956368958,16.98754869421905
SUB-047,PD,21.17638888888889,4.75,1043,0.24239380705664249,70.27520525009012,0.003449208098276335,56.09932000974295,66.85817343516328,11.081999957919244
SUB-047,PD,21.42638888888889,5.0,1032,0.4595804551306311,68.83548851852511,0.006676504591188426,29.542794342599937,12.084651309996085,28.640787280253175
SUB-047,PD,21.67638888888889,5.25,965,0.9871289992960779,64.32482816160974,0.015346002896673339,20.29745276372465,17.544135216588057,13.878159076089762
SUB-047,PD,21.92638888888889,5.5,967,0.25727941211356736,65.49138859352671,0.003928446436070793,65.29132007225097,22.53791376626989,61.36177052503122
SUB-047,PD,22.17638888888889,5.75,1129,0.21883469623821128,75.49693231021283,0.0028985905723828793,92.93434674255334,46.99431269347298,89.00142001517715
SUB-047,PD,22.42638888888889,6.0,1090,0.46333387910588764,72.66238765939339,0.006376529784264396,28.071132133170494,9.84657324105032,25.035429567666448
SUB-047,PD,22.67638888888889,6.25,1080,0.5793176599611588,71.97968573313753,0.0080483493927573,21.715724425644165,21.476672259543303,12.754111962812527
SUB-047,PD,22.92638888888889,6.5,1020,0.2932251212087858,68.00355129656771,0.004311908946196249,44.88711117588407,58.698293806380576,23.32746853919218
SUB-047,PD,23.17638888888889,6.75,919,0.8076034195609976,61.43130255752082,0.013146447917245497,23.155642495418075,16.198960401297004,19.955438218305265
SUB-047,PD,23.42638888888889,7.0,887,0.6471766138983382,59.17890108717046,0.010935934970219332,27.878264658300054,31.54206407115861,19.554029492968844
SUB-047,PD,23.67638888888889,7.25,943,0.9029512815993785,62.87393209882031,0.01436129810014412,34.65915910666356,27.919831395228808,18.609983711630147
SUB-047,PD,23.92638888888889,7.5,920,0.8674986315524393,61.32147784761612,0.014146733934041405,26.688174360703094,20.98823443660876,20.742330482046512
SUB-047,PD,0.1763888888888907,7.75,888,0.8363138207079949,59.32973435245069,0.014096031776239528,27.2977550999874,33.824502302791785,9.27575373993941
SUB-047,PD,0.4263888888888907,8.0,864,1.0354250581408269,57.62650819376913,0.017967860462050036,22.047920657745568,18.87210722347829,15.650977136754143
SUB-047,PD,0.6763888888888907,8.25,847,0.9794463370669535,56.442333749450235,0.017353044638706024,26.284723500503254,19.091202038422505,14.510489608273875
SUB-047,PD,0.9263888888888907,8.5,867,0.8149849780080446,58.243752680141924,0.01399265913519875,44.95918854342539,28.80346720212241,38.75837545210337
SUB-047,PD,1.1763888888888907,8.75,834,1.2478224081721887,55.61056600754143,0.02243858492652223,20.238882630419777,25.38531397612144,7.635496907639242
SUB-047,PD,1.4263888888888907,9.0,825,1.1959146656198822,55.052911965388965,0.021723004704487528,20.626973859563563,25.77347172307592,5.418457457485184
SUB-047,PD,1.6763888888888907,9.25,833,1.0708775121514287,55.48438377697897,0.019300520962003482,26.339666026638714,21.627695474517427,13.983579878967648
SUB-047,PD,1.9263888888888907,9.5,858,0.8576757049368455,57.36054579428423,0.014952363040839647,40.09022500841768,38.29107643332065,25.404115863528478
SUB-047,PD,2.1763888888888907,9.75,866,1.0394560636729469,57.77371073783789,0.01799185218324869,27.56280187312504,25.87368158658391,15.646126021942068
SUB-047,PD,2.4263888888888907,10.0,848,0.7938775358035579,56.65034777390187,0.01401363922728269,38.52552457968939,24.08772338652391,26.42873262939673
SUB-047,PD,2.6763888888888907,10.25,883,0.5264045887430027,58.88119069370445,0.008940114534730115,54.35764865196021,31.800522678572214,45.27172281421721
SUB-047,PD,2.9263888888888907,10.5,854,1.157064969420411,57.52216859922743,0.020115113835189297,24.24876092586732,26.29864999945188,11.850434876948505
SUB-047,PD,3.1763888888888907,10.75,860,1.1672103342060836,57.36673352040521,0.020346466716479675,26.350900547439455,27.037937388181412,11.889078295683955
SUB-047,PD,3.4263888888888907,11.0,902,1.0448795270259832,60.12184338104273,0.01737936610498953,31.90328338950636,23.704198197970268,22.98512480307896
SUB-047,PD,3.6763888888888907,11.25,892,1.0609127296811334,59.41451392666437,0.0178561206608645,33.63308078730536,35.471713015336945,9.577438673086457
SUB-047,PD,3.9263888888888907,11.5,866,1.1423491856618901,57.93656191774926,0.019717241545738385,30.632050023129786,38.434013717079104,10.862750259018826
SUB-047,PD,4.176388888888891,11.75,845,1.2603920319438504,56.3307045671202,0.02237486716400014,26.558546611293806,27.008555779753518,13.743189262621959
SUB-047,PD,4.426388888888891,12.0,1058,0.16728086623309063,70.56712714644458,0.0023705211335292233,134.1863197448957,56.63204277337131,137.88741843251847
SUB-047,PD,4.676388888888891,12.25,978,0.5640777725103417,65.22319046772186,0.008648423489640494,37.95401322374013,15.834449313326143,35.74148275840943
SUB-047,PD,4.926388888888891,12.5,945,1.088311405227092,63.51724207462772,0.017134109883870784,21.40967898680404,16.098248404559897,14.107222772947987
SUB-047,PD,5.176388888888891,12.75,960,1.1121092464985585,64.634495295484,0.017206125636386942,20.89864289602855,14.172113492143728,12.797504791339405
SUB-047,PD,5.426388888888891,13.0,941,0.45664522747036196,62.76471569117892,0.007275508579011054,54.91217118241051,74.60654240891188,12.086454783088536
SUB-047,PD,5.676388888888891,13.25,981,0.3338261716755045,66.41939003844561,0.0050260348895446874,85.80553102902384,78.28187555760482,64.21056263019445
SUB-047,PD,5.926388888888891,13.5,1128,0.3821023104752742,75.68353368744758,0.005048684857306649,48.12475289432441,58.08205650952986,26.55877570167683
SUB-047,PD,6.176388888888891,13.75,1096,0.9250392609570234,73.02196099943257,0.012667959724667098,13.160758537288254,5.753458360414441,8.539863221209275
SUB-047,PD,6.426388888888891,14.0,1077,0.3937306968195947,71.81994998610725,0.00548219118637311,37.883415075207694,39.217508987089126,24.147674026583147
SUB-047,PD,6.676388888888891,14.25,1106,0.24519285006761624,73.70999183591863,0.0033264533608065683,51.65301039963355,9.737969721591998,49.808838092515735
SUB-047,PD,6.926388888888891,14.5,1048,0.8901993504887342,70.07525734937664,0.012703476007950087,17.271283328459514,6.560933262288705,15.042894544061513
SUB-047,PD,7.176388888888891,14.75,1063,0.9212634455935085,70.87698320533322,0.012998062331809107,16.957193314452194,7.946324168860101,11.030395290304247
SUB-047,PD,7.426388888888891,15.0,1070,0.17610186529149946,71.87833081050096,0.0024499993712398804,70.10958838191392,74.88231490229376,45.03082531504085
SUB-047,PD,7.676388888888891,15.25,1094,0.2446728781306228,72.94662582959562,0.003354135648469639,47.337733594451166,6.597706773963652,45.34766504829528
SUB-047,PD,7.926388888888891,15.5,1167,0.3845189089838558,78.30751973624615,0.004910370169799591,49.18494837238666,60.49014350624834,22.074719325499196
SUB-047,PD,8.176388888888894,15.75,1138,0.7212068778467332,76.06240057748606,0.009481779070488677,16.68444654322446,5.234013646967333,14.08529008104382
SUB-047,PD,8.426388888888894,16.0,1218,0.5097238668591286,81.23989781648321,0.006274304628134429,22.155813198874917,6.215653365038457,16.3881246411129
SUB-047,PD,8.676388888888894,16.25,1253,0.41843369844273626,83.49390565566262,0.0050115477909058355,24.977283381886288,4.728068589589139,23.100970780672583
SUB-047,PD,8.926388888888894,16.5,1223,0.12089343431411967,82.06043485991685,0.0014732243927355927,59.78667273803052,65.49484306481776,24.67683120009835
SUB-047,PD,9.176388888888894,16.75,1144,0.3640985335099832,76.26497188951356,0.004774125322401735,41.66761234541609,47.42092003581193,24.579638602131208
SUB-047,PD,9.426388888888894,17.0,1169,0.5610788810905581,77.91411451841878,0.007201248253394703,20.876527907819522,11.966563004346165,17.051050544062807
SUB-047,PD,9.676388888888894,17.25,1088,0.5009588307284615,72.53639598116365,0.0069063099145227885,33.59677836175308,43.42506154930788,15.527671744461337
SUB-047,PD,9.926388888888894,17.5,1153,0.27151195285347296,76.85351617612098,0.0035328501070954767,45.077800499098906,49.765805696950856,27.485186674782536
SUB-047,PD,10.176388888888894,17.75,1197,0.9483286513533262,79.80523167629879,0.01188303863586137,11.37666791400707,5.199932466759821,9.906994551484406
SUB-047,PD,10.426388888888894,18.0,1209,0.754351769270347,80.661571666372,0.009352058900990123,16.224401647354657,6.291353258863674,12.545309710984657
SUB-047,PD,10.676388888888894,18.250000000000004,1257,0.7227018546159092,84.36939970422608,0.008565923867533562,24.05039652374665,10.8086645474528,21.71494511210695
SUB-047,PD,10.926388888888894,18.500000000000004,1310,0.4671851437430396,87.28639265106321,0.005352325025169303,17.504737406661715,15.729133897654982,10.918060121811175
SUB-047,PD,11.176388888888894,18.750000000000004,1290,0.4430683442954762,85.98203930734469,0.005153033678483929,28.83887283645302,38.889890513779775,5.802398263245029
SUB-047,PD,11.426388888888894,19.000000000000004,1138,0.2533233171467662,76.53721773538166,0.003309805668957049,56.52874044259927,17.781335762398804,54.53805137646192
SUB-047,PD,11.676388888888894,19.250000000000004,1049,0.31476932170816335,69.91740770157908,0.00450201647995388,54.88587806305476,39.64846723643265,46.14157011520732
SUB-047,PD,11.926388888888894,19.500000000000004,1142,0.9606210723196904,76.13883224899577,0.012616703513105962,14.118928565726204,9.666842957281151,6.68091904390271
SUB-047,PD,12.176388888888894,19.750000000000004,1203,0.43877068915050144,80.20525790024013,0.005470597572247041,33.14423150609579,31.778127975657586,23.36939348765349
SUB-047,PD,12.426388888888894,20.000000000000004,1111,0.37700650683177506,74.55675305675976,0.005056637948607573,41.24054788227618,7.744512733379517,40.263877639459274
SUB-047,PD,12.676388888888894,20.250000000000004,1063,0.7822029673731125,70.91820055907291,0.011029650515759475,16.920436182103714,23.580690494946403,5.3270958071336585
SUB-047,PD,12.926388888888894,20.500000000000004,1096,0.40582016235916785,73.45901945167131,0.005524442953205453,31.99690170930253,33.60097574143131,20.380978850238353
SUB-047,PD,13.176388888888894,20.750000000000004,1026,0.5441124026219789,68.44738079804131,0.007949353156805516,32.25524653473149,40.64947124127351,12.63428930834593
SUB-047,PD,13.426388888888894,21.000000000000004,1031,1.1428395830919709,68.71821532596162,0.016630810006793176,15.98067166855165,11.417879013417883,9.896116656031694
SUB-047,PD,13.676388888888894,21.250000000000004,1091,0.26655849859566844,72.71790097879227,0.0036656517172217137,85.73792833081376,95.29463244316054,51.765213516490896
SUB-047,PD,13.926388888888894,21.500000000000004,1065,0.4937691102249536,71.19071200738868,0.006935864192139372,36.61784655166659,40.15960872484107,22.9930491595129
SUB-047,PD,14.176388888888894,21.750000000000004,1100,0.6518502455875946,73.35917206393808,0.008885736128802786,23.885733355298587,10.926714264699337,21.907842780498083
SUB-047,PD,14.426388888888894,22.000000000000004,1167,0.2762302563950024,77.80587866638814,0.0035502491730657997,67.2265489440836,64.71452020384922,47.91004149376506
SUB-047,PD,14.676388888888894,22.250000000000004,1121,1.0282099912371407,74.9445938161239,0.013719601893631549,14.593567497717517,9.443109732951928,8.78547954062915
SUB-047,PD,14.926388888888894,22.500000000000004,1119,0.6042777066627932,74.6119379100656,0.008098941316752376,31.37272389560811,46.20323386214665,14.514807633598634
SUB-047,PD,15.176388888888894,22.750000000000004,1135,0.3057655943939476,75.6759159452822,0.004040461097491476,58.687458836665805,49.924431430067585,46.21123735116953
SUB-047,PD,15.426388888888894,23.000000000000004,1148,0.43680618656304304,76.53392859722243,0.00570735351718108,32.27091719877416,7.505882610168413,30.699452606394395
SUB-047,PD,15.676388888888894,23.250000000000004,1245,0.3932059209026966,83.5265887383348,0.004707553927941433,32.53510346615924,30.91645468707572,23.05505570027387
SUB-047,PD,15.926388888888894,23.500000000000004,1065,0.37273776910711404,71.21903810831535,0.0052336815970503,41.93538460175607,38.06900392905462,31.484694963594954
SUB-048,PD,16.703333333333333,0.0,1376,0.16382121989360948,92.71404186506155,0.0017669515490656657,57.46466777319171,75.39955148166574,17.074057806310016
SUB-048,PD,16.953333333333333,0.25,1408,0.12630386538159216,95.56863792065812,0.0013216036989713161,58.87705920585806,80.09089985014508,21.46346031583772
SUB-048,PD,17.203333333333333,0.5,1445,0.14894929774568655,97.14438097628422,0.0015332775426511742,91.94730809960558,130.4018002229457,28.51382744612824
SUB-048,PD,17.453333333333333,0.75,1318,0.10381861315095649,88.0495161618962,0.0011790935109747308,78.74470677257032,78.58906703771696,30.254149650757256
SUB-048,PD,17.703333333333333,1.0,1259,0.0800918611081897,84.0281918254385,0.0009531546421297962,56.532004301671186,68.53799730603295,28.157478946447814
SUB-048,PD,17.953333333333333,1.25,1345,0.3267193634898069,89.62344824828917,0.0036454674516057098,26.681164815180928,4.767979755869455,25.537033422979306
SUB-048,PD,18.203333333333333,1.5,1434,0.4630193157506854,95.6534596557854,0.004840591416315601,25.004016871134887,32.517105917509376,8.925395907814549
SUB-048,PD,18.453333333333333,1.75,1342,0.09240844008746824,90.48919456525404,0.0010212096652140073,75.69348657020798,99.00411263009924,22.941431963271313
SUB-048,PD,18.703333333333333,2.0,1355,0.04726858952306517,90.7904126217658,0.0005206341524185688,81.03242812358911,84.8578270544779,51.12615054795733
SUB-048,PD,18.953333333333333,2.25,1328,0.0861520556126546,91.79089003064306,0.0009385686922078431,97.63874697473418,125.82043340389602,29.52596872776177
SUB-048,PD,19.203333333333333,2.5,1281,0.052898543889625026,85.60459498200699,0.0006179404727134523,70.34597757538309,73.9648565198365,34.357788982001765
SUB-048,PD,19.453333333333333,2.75,1185,0.5570842911165805,78.98657228271193,0.007052898676532537,18.081422095857196,4.361223483183391,16.64929501111352
SUB-048,PD,19.703333333333333,3.0,1176,0.582162595933816,78.44576002668224,0.007421211748548316,23.44438143441578,16.593538860499095,14.024389300768963
SUB-048,PD,19.953333333333333,3.25,1281,0.11732704207318434,85.66413107080163,0.0013696169050756287,68.9212743601439,62.16331187887273,43.621614687983445
SUB-048,PD,20.203333333333333,3.5,1265,0.12734038603708658,85.0016350775654,0.001498093371037938,98.21083066530382,116.78408685706275,40.67906082283841
SUB-048,PD,20.453333333333333,3.75,1199,0.08547277727799026,80.1919076845562,0.0010658528989509384,62.87580524142723,65.59249672061131,34.301061483474115
SUB-048,PD,20.703333333333333,4.0,1137,0.8832714251773585,75.82122994438443,0.01164939458018877,12.410146413009985,4.8705062350761334,10.461604354054161
SUB-048,PD,20.953333333333333,4.25,1142,0.28028944510652665,76.08742725222449,0.0036837813450754063,33.26875716812291,18.032082616982898,27.590056403994307
SUB-048,PD,21.203333333333333,4.5,1104,0.9259655340059944,73.64664287382008,0.012573085450649328,13.656495593339107,5.82325036272224,6.81005325212839
SUB-048,PD,21.453333333333333,4.75,1101,0.8203214308780016,73.40114179553903,0.011175867443084608,15.56736729874346,6.497691897897283,10.608015826838265
SUB-048,PD,21.703333333333333,5.0,1120,1.125497059056227,74.64070828700685,0.015078863597173944,10.462499488081614,5.498395248868461,5.424679178338915
SUB-048,PD,21.953333333333333,5.25,1112,0.4889370112560628,74.13053284653691,0.00659562251182313,32.229861903866116,25.96530607776406,17.930308395654457
SUB-048,PD,22.203333333333333,5.5,1124,0.5269035705094016,74.95790286816234,0.007029326466565261,26.760773738236814,5.669276370765594,26.29234999120925
SUB-048,PD,22.453333333333333,5.75,1080,1.2700393517050692,71.98728224680306,0.017642551740609313,8.379638572228156,6.499518767385753,5.007122548390931
SUB-048,PD,22.703333333333333,6.0,1086,0.6330840078172315,72.39010668541965,0.008745449299700276,20.18129979384998,20.410397639370846,4.734126789852448
SUB-048,PD,22.953333333333333,6.25,1082,1.1719731031620881,72.15874924834637,0.01624159392132127,11.785097756899834,6.235065412892854,7.599808647500767
SUB-048,PD,23.203333333333333,6.5,1105,0.7143415382306498,73.65962807998346,0.009697870554749211,18.531226117001435,5.604572408672937,17.39489748385463
SUB-048,PD,23.453333333333333,6.75,1112,1.2135683829127768,74.14700933727777,0.016367057737858747,9.56300196650887,5.276683081106335,4.630090919862158
SUB-048,PD,23.703333333333333,7.0,1104,0.7194643191197078,73.5427183937844,0.00978294431907367,20.14905773330787,18.827363816702842,7.386287141082072
SUB-048,PD,23.953333333333333,7.25,1079,1.3646570971151915,71.97347854025246,0.01896055498209639,8.035431638352305,6.60641449126731,4.177758919632972
SUB-048,PD,0.20333333333333314,7.5,1119,0.2427636470356192,74.61575221435636,0.003253517385152227,40.51994311789227,5.652029571989834,39.29789316563725
SUB-048,PD,0.45333333333333314,7.75,1094,1.098654182618464,72.93430579074388,0.01506361335323623,16.181839034653578,6.590283679425139,12.501338989130552
SUB-048,PD,0.7033333333333331,8.0,1072,0.7619694386882067,71.44078922523619,0.010665747774508681,21.383997019719583,21.839944900967836,6.476667960051624
SUB-048,PD,0.9533333333333331,8.25,1111,0.24548046810090426,74.04971750910347,0.0033150763616448036,49.20343079038227,6.400943061149042,47.89266398578589
SUB-048,PD,1.2033333333333331,8.5,1133,0.4784049689721711,75.52393479922499,0.006334481515614576,26.752735609932788,5.149101949213302,25.051110682749155
SUB-048,PD,1.4533333333333331,8.75,1093,0.2286519048903996,72.90036283437678,0.003136498859544453,54.44067197351316,33.2845292907965,49.20671925576505
SUB-048,PD,1.7033333333333331,9.0,1105,0.4050070280980277,73.66584815724269,0.005497894047639606,30.342132850268417,5.017631954894919,27.357786524832637
SUB-048,PD,1.9533333333333331,9.25,1052,0.48191734727075614,70.1098854716367,0.006873743182275175,25.039885968257224,5.625228613601467,23.708994709119686
SUB-048,PD,2.203333333333333,9.5,1013,1.2157976215803992,67.52372995840591,0.01800548669822181,14.218346747023615,9.541256370233935,9.261248167173317
SUB-048,PD,2.453333333333333,9.75,1002,1.284753206038887,66.83193081138766,0.019223643405795104,11.25390490330051,9.38572895900516,6.246582280427176
SUB-048,PD,2.703333333333333,10.0,1027,0.5100976208509971,68.45487721559066,0.007451589157694405,32.17066821531038,21.977770977831124,24.931760580729364
SUB-048,PD,2.953333333333333,10.25,1069,0.8361449756347505,71.25186211309428,0.011735061384186455,20.658938772123282,6.709739134343177,17.52849849380621
SUB-048,PD,3.203333333333333,10.5,1095,0.58610443583096,73.0186603243051,0.00802677607652394,29.031888223771055,9.578168732621426,26.994688875849945
SUB-048,PD,3.453333333333333,10.75,1158,0.1956707031066024,77.29507293971585,0.0025314770484686695,73.25631855847432,74.62160378255335,49.44728313483123
SUB-048,PD,3.703333333333333,11.0,1210,0.147985874634593,80.75361138826136,0.0018325604525979723,80.71225017112938,51.59320266075798,67.81436988247681
SUB-048,PD,3.953333333333333,11.25,1084,0.5488461724714442,72.26690755635852,0.007594709543139335,34.727646533928464,7.695317615541466,33.50112520102591
SUB-048,PD,4.203333333333333,11.5,1038,0.9629586906001038,69.20346017300865,0.013914892235051643,21.998749021269113,16.61678810898254,14.714640717188741
SUB-048,PD,4.453333333333333,11.75,1049,0.5722632528877647,69.96823971070012,0.00817890024465271,39.5289919230659,11.129014414226493,34.97058228736178
SUB-048,PD,4.703333333333333,12.0,1146,0.3547251010591353,76.35707035822082,0.004645609102012183,36.192950440009724,40.05502765165283,21.915251432945546
SUB-048,PD,4.953333333333333,12.25,1180,0.7391940829884327,78.67400957422693,0.00939565794331382,16.527245027781706,5.268289761812556,12.18537809855482
SUB-048,PD,5.203333333333333,12.5,1223,0.1768428868720425,81.76709637664122,0.0021627634428579515,47.64530563001483,56.842029930431856,18.535653234300696
SUB-048,PD,5.453333333333333,12.75,1243,0.5149220268955508,82.85736822867656,0.006214559283061305,16.399845412996008,3.682989578905333,14.665651172800095
SUB-048,PD,5.703333333333333,13.0,1246,0.3590371696683826,83.11792271901005,0.004319611919106185,22.930182441646565,28.763235123662923,8.86168658999786
SUB-048,PD,5.953333333333333,13.25,1256,0.9228095059640159,83.71342814041994,0.011023434668284112,8.851904218181964,3.22663220378246,6.583185199149944
SUB-048,PD,6.203333333333333,13.5,1304,0.6835711179795319,86.95381578771888,0.007861312488555304,12.462850360961912,2.8437163970841537,10.883124808452475
SUB-048,PD,6.453333333333333,13.75,1398,0.19750363488173997,94.31204378741336,0.0020941507250858485,48.988360305161144,53.274837432952495,31.74864497522355
SUB-048,PD,6.703333333333333,14.0,1341,0.3040363728492264,89.43110214996993,0.003399671540884936,30.549892321303055,26.18084351513868,21.9101706767424
SUB-048,PD,6.953333333333333,14.25,1344,0.28694600796972825,89.57770510450732,0.003203319482620792,27.50957645611192,16.425580725178175,22.036152566216533
SUB-048,PD,7.203333333333333,14.5,1327,0.44607472942361676,88.46922244420395,0.0050421459248717665,25.037225300710215,26.438907638252992,14.804292328843655
SUB-048,PD,7.453333333333333,14.75,1305,0.914781673224895,86.99304055675546,0.01051557305469831,12.452810014543038,4.379697303040208,9.677042576116541
SUB-048,PD,7.703333333333333,15.0,1313,0.6940001786150184,87.52730367463576,0.007928956445348955,21.735666881738403,20.973869486089406,12.313281385357536
SUB-048,PD,7.953333333333333,15.25,1384,0.6009149590247352,92.31261783643414,0.006509564706414,25.950176624731235,25.10841280025073,16.44105861895163
SUB-048,PD,8.203333333333333,15.5,1440,0.5225529092343881,95.95724571607539,0.005445684745689263,27.594040768252956,24.219849542952414,18.161537746582052
SUB-048,PD,8.453333333333333,15.75,1483,0.2748055324785158,98.86809476136878,0.002779516821294021,30.209375323415774,22.26257245364316,24.828776740242628
SUB-048,PD,8.703333333333333,16.0,1378,0.4863022337507264,91.87983610984242,0.00529280693502056,21.178118743889566,9.860869462196122,19.166080584412853
SUB-048,PD,8.953333333333333,16.25,1275,0.6901269533672673,85.03070553255343,0.008116208715956813,16.95450647492374,4.669366416501725,15.65183030054779
SUB-048,PD,9.203333333333333,16.5,1358,0.46962265467396574,90.48939570453014,0.0051898087175584395,34.947396274065,24.767630478678647,30.16407938612625
SUB-048,PD,9.453333333333333,16.75,1459,0.2506457915050397,97.26310035298705,0.0025769874761898035,40.18629621191792,25.828666776178018,34.83439512949859
SUB-048,PD,9.703333333333333,17.0,1361,0.6209964585494987,90.78013553654328,0.006840664589000513,16.788338288898196,4.513378804764134,13.813399977936495
SUB-048,PD,9.953333333333333,17.25,1380,0.526325069580664,92.0067471614585,0.005720505134879292,23.036277800499533,5.665308600362906,20.265543809602047
SUB-048,PD,10.203333333333333,17.5,1350,0.517633464894635,89.96721194942288,0.005753579039279716,20.526772458360632,5.442263842388615,18.3898460476465
SUB-048,PD,10.453333333333333,17.75,1416,0.7380540374596072,94.38951227641373,0.00781923774855688,18.33747227785322,6.045002023983504,15.49834470702427
SUB-048,PD,10.703333333333333,18.0,1388,0.9158040785572095,92.5152414638915,0.009898953556908197,13.486423421512045,5.243116130966146,11.031812148575131
SUB-048,PD,10.953333333333333,18.25,1353,1.04067697227303,90.26097630399202,0.01152964453617375,12.1964595484795,5.370861555295747,8.515432682886418
SUB-048,PD,11.203333333333333,18.5,1331,1.1719227338375713,88.70130230750007,0.013212012714028441,11.048687656182006,6.251616332350962,7.3050085272592655
SUB-048,PD,11.453333333333333,18.75,1350,0.6532387669707156,89.9819036393792,0.007259668228277354,29.56172819878405,8.16998792794533,26.323297587341923
SUB-048,PD,11.703333333333333,19.0,1346,0.5868778654459593,89.78191532529269,0.0065367046728688856,33.55316346854475,8.849085811687116,28.643473036128096
SUB-048,PD,11.953333333333333,19.25,1349,0.2755079633580833,89.89338071968014,0.003064830370739044,54.13709928161955,6.289032420283966,54.94064798067387
SUB-048,PD,12.203333333333333,19.5,1420,0.6432132776662727,94.69686444455064,0.006792339761607456,24.864886462336827,5.8016303509170735,21.481828238447523
SUB-048,PD,12.453333333333333,19.75,1303,0.16111698084403075,86.85595443228668,0.0018549906209324812,35.85862878646224,22.4253497935719,31.875000039592134
SUB-048,PD,12.703333333333333,20.0,1294,0.6252333016410734,86.27174711399671,0.007247254432148108,15.4059480804814,4.028705967314445,10.560346760389313
SUB-048,PD,12.953333333333333,20.25,1349,0.3959557601096321,89.94192778421049,0.004402349047483315,33.19352792021429,25.56429898881089,25.349044995452875
SUB-048,PD,13.203333333333333,20.5,1337,0.42049350414770403,89.08245735213445,0.0047202728421100165,27.899503795589148,6.2281354078634665,27.349248207968888
SUB-048,PD,13.453333333333333,20.75,1230,0.6024647853550258,82.01330438048839,0.007345939660716279,16.50178974563421,17.283944679790554,10.42138073782897
SUB-048,PD,13.703333333333333,21.0,1304,0.5850872469868398,86.92551003742996,0.0067309038133328445,20.226537070481484,7.540527493045109,16.278758364720684
SUB-048,PD,13.953333333333333,21.25,1271,0.5277738363316308,84.77016125894694,0.006225938803153187,23.292157138221597,10.338255537519622,18.357065340520702
SUB-048,PD,14.203333333333333,21.5,1351,0.3360822600727706,90.03265433058621,0.0037328929439170776,35.29795004384849,8.431774120243901,33.37305431692134
SUB-048,PD,14.453333333333333,21.75,1289,0.8069394729083583,86.18912349873904,0.009362428113335717,13.70316553427137,10.198724192529157,8.757808110615638
SUB-048,PD,14.703333333333333,22.0,1285,0.6708065185880931,85.65886219255579,0.007831139725860027,18.17512596116949,15.289827212868591,13.051757955612723
SUB-048,PD,14.953333333333333,22.25,1245,0.34103229573908334,82.98939579942564,0.004109347856481727,37.60466293171748,7.048180536464575,33.840631289014986
SUB-048,PD,15.203333333333333,22.5,1248,0.6420152641744046,83.20360548957122,0.007716195234530733,22.201025189786062,7.97374400292724,18.62429150163162
SUB-048,PD,15.453333333333333,22.75,1287,0.6183728367994084,85.79456634413154,0.00720759907240566,25.841315388479405,9.872436769919055,23.592436949131272
SUB-048,PD,15.703333333333333,23.0,1209,0.7695190362563318,80.61943824233175,0.009545080603802469,18.48032043807369,7.97003909518692,15.275649396046605
SUB-048,PD,15.953333333333333,23.25,1174,0.5286143438284194,78.23102808720472,0.006757093147736331,26.88582213324808,7.05199300096026,22.129919473146458
SUB-048,PD,16.203333333333333,23.5,1227,0.32116237046247187,81.79854580363015,0.003926260146891498,46.26162075442333,30.32902765394782,38.17569400801941
SUB-049,PD,16.816666666666666,0.0,1096,0.8920940489174141,73.05538366852231,0.01221120202400353,59.7769507763284,70.32462236951952,20.87508018553588
SUB-049,PD,17.066666666666666,0.25,1057,0.5124726197797289,70.46799772884599,0.007272416363406178,104.68159534403756,62.19333857927522,82.84140934149568
SUB-049,PD,17.316666666666666,0.5,1050,0.5890301643099228,69.9938560948539,0.008415455258125572,83.68754052243648,55.20067386057513,59.5882677017826
SUB-049,PD,17.566666666666666,0.75,1159,0.5129876810379425,77.278516039126,0.006638166819588222,111.27759738462764,67.17365297925114,82.07306567549054
SUB-049,PD,17.816666666666666,1.0,1059,0.27403660664511714,70.62040144930758,0.0038804170044519624,151.71745598703015,65.1270170926592,133.3887082136973
SUB-049,PD,18.066666666666666,1.25,1286,0.759879233584832,85.68316108234401,0.008868478053168066,63.74593205287569,47.2147919181636,33.913843720343664
SUB-049,PD,18.316666666666666,1.5,1375,0.8232819431299561,91.63011643133461,0.0089848400852672,45.67202027521429,28.881527819688102,31.22487037386166
SUB-049,PD,18.566666666666666,1.75,1377,0.7980377704595164,91.83663261234204,0.008689754270805733,41.39722083525752,24.105102349965776,31.32317440009855
SUB-049,PD,18.816666666666666,2.0,1270,0.4463266454185992,84.67494599471948,0.005271059109343077,96.07158777366034,47.44044418722122,88.67151751132245
SUB-049,PD,19.066666666666666,2.25,1079,1.1893551168510084,71.91072140649108,0.01653932951288193,32.52296078453196,35.03266432307546,14.652747201673206
SUB-049,PD,19.316666666666666,2.5,1059,1.1954983153985377,70.61561389685052,0.016929659737077742,30.614592825125257,27.355463093477347,14.158646576099239
SUB-049,PD,19.566666666666666,2.75,1222,0.5221290926992055,81.46295557646818,0.006409405219886602,90.22857641517331,54.510050617712864,74.42025048119388
SUB-049,PD,19.816666666666666,3.0,1215,0.6541565927908302,81.002700090003,0.008075738118161363,75.5481726427026,24.43059968540412,64.92173356163148
SUB-049,PD,20.066666666666666,3.25,1057,1.0616697250363523,70.46267378181903,0.01506712232243289,39.217898746716884,19.45366484129856,28.490667607686873
SUB-049,PD,20.316666666666666,3.5,1015,1.2297905634141786,67.68591955044991,0.01816907521656037,25.527162507603673,17.805684662815892,12.254732814049932
SUB-049,PD,20.566666666666666,3.75,1023,0.6401445600571763,68.19060484999845,0.009387577093139553,74.88750105730881,24.307331808484236,60.046065545987176
SUB-049,PD,20.816666666666666,4.0,993,0.9668150849323096,66.20720922944943,0.014602867213171455,40.433463418588694,20.781214376636942,26.094377164720903
SUB-049,PD,21.066666666666666,4.25,1024,0.559985631755205,68.28449650742138,0.008200772655537468,78.5937872156027,27.94515295722214,64.09828944457053
SUB-049,PD,21.316666666666666,4.5,987,1.1716057270461344,65.76660517937003,0.017814599428550845,28.647358282042735,16.867819259525167,15.958692840303044
SUB-049,PD,21.566666666666666,4.75,1130,0.3761242712327581,75.31994312122289,0.004993687669511498,129.32971847914786,35.30267706522632,124.19732323545112
SUB-049,PD,21.816666666666666,5.0,935,0.9686403023026748,62.360910713849016,0.01553281200057203,37.322332366307386,20.828554769598146,16.157588613123167
SUB-049,PD,22.066666666666666,5.25,930,0.7698472038305426,61.99139008471046,0.01241861495247253,53.557357155271994,30.590316963490306,36.23457996181824
SUB-049,PD,22.316666666666666,5.5,930,0.9747373976676318,61.982920261972254,0.01572590309633495,48.74979430480515,22.216252935862645,31.859120725673804
SUB-049,PD,22.566666666666666,5.75,886,0.8863344151636008,59.118296645737274,0.014992556711755495,39.979818083948096,33.58143824124099,14.878641989222825
SUB-049,PD,22.816666666666666,6.0,904,0.9649336566826424,60.22919072577063,0.016021029754095143,40.1614093118083,20.59529346614926,18.184024211508703
SUB-049,PD,23.066666666666666,6.25,911,1.0837124331290489,60.70810574272469,0.017851198285146985,44.68570605400486,23.174374821160725,20.798825739264654
SUB-049,PD,23.316666666666666,6.5,904,1.1708137044104014,60.273095796885,0.019425146309987793,46.287693122465235,34.52498413246011,18.358711174367848
SUB-049,PD,23.566666666666666,6.75,900,1.3276606123412358,60.03341860302235,0.02211535913222832,38.730179688292566,25.98555686799324,18.376043676493403
SUB-049,PD,23.816666666666666,7.0,937,0.9938281130576778,62.44980521925747,0.015914030629373587,44.8820763159429,16.846846568905384,25.0335579954041
SUB-049,PD,0.06666666666666643,7.25,910,1.3721668172221901,60.69910696716801,0.022606046213569365,40.155133968495896,23.268958817369636,8.925283214055655
SUB-049,PD,0.31666666666666643,7.5,923,1.3665901334698085,61.4980744373226,0.022221673539756195,37.153848238822135,30.624749323866713,14.479878167390845
SUB-049,PD,0.5666666666666664,7.75,928,1.3080202420514582,61.88468198520014,0.021136413731014634,42.62776466737544,29.52526207036314,19.237316704171825
SUB-049,PD,0.8166666666666664,8.0,957,1.1132939499608734,63.7609641208549,0.01746043155575086,55.389603302135136,19.429493820620312,39.00383980353225
SUB-049,PD,1.0666666666666664,8.25,939,1.1740876197349794,62.659456862400546,0.018737596502204967,45.29323673619469,23.759365788811934,24.89904990008365
SUB-049,PD,1.3166666666666664,8.5,949,1.1396479933150285,63.22486800393074,0.018025312338242852,46.7440734083273,29.163315057580117,17.608735856118155
SUB-049,PD,1.5666666666666664,8.75,977,1.1073047169577,65.15244471711702,0.016995597352723525,44.13121136034773,31.787975868810292,19.506144411462845
SUB-049,PD,1.8166666666666664,9.0,1009,1.0233732655730576,67.22625621709616,0.01522282101011607,44.1335475375418,36.68047629556957,23.15638873255765
SUB-049,PD,2.0666666666666664,9.25,978,1.4322663672168523,65.21166564240937,0.02196334586929184,26.48818547801094,18.73185235722446,9.179541887395251
SUB-049,PD,2.3166666666666664,9.5,969,1.3242407895225314,64.64668927558792,0.02048427853555364,26.814977284409245,18.09496299942095,7.965067417524332
SUB-049,PD,2.5666666666666664,9.75,995,1.1798399902688304,66.28089777864623,0.017800603640117565,35.1830303197236,23.323333106638493,20.710439467152042
SUB-049,PD,2.8166666666666664,10.0,1004,1.261165852002773,66.95818225874936,0.018835126783000113,30.310544624643697,17.223473976886964,12.072740903160202
SUB-049,PD,3.0666666666666664,10.25,1022,1.1963840663167673,68.15643079043454,0.01755350232460639,27.799534075435705,14.323976324586221,17.839916671616933
SUB-049,PD,3.3166666666666664,10.5,1038,1.0253896545471042,69.15827450771368,0.014826709628689993,36.073636769081936,14.272252922070592,21.335412766519514
SUB-049,PD,3.5666666666666664,10.75,1025,1.3201158264326494,68.37625842890259,0.019306640298332522,25.64900255245758,20.25670220877525,9.13232516662234
SUB-049,PD,3.8166666666666664,11.0,1040,0.9376269795603431,69.27152773691917,0.013535531988283587,44.08779687603692,36.66437272259655,21.155875272311505
SUB-049,PD,4.066666666666666,11.25,1000,1.359356402407188,66.7051332935326,0.020378587603227,27.082967454216057,17.25014688539108,7.978798306106453
SUB-049,PD,4.316666666666666,11.5,1004,1.2821791083184233,66.91422560446628,0.019161532495309077,32.84823975395346,16.559539394714598,19.035171679201756
SUB-049,PD,4.566666666666666,11.75,1030,0.9677502183173197,68.66842152632789,0.014093089615381334,43.47336651989543,19.067039419518217,26.470680569233117
SUB-049,PD,4.816666666666666,12.0,1016,1.285897385488469,67.79510220423052,0.01896740831829924,28.836751426038024,12.510921337350004,11.161558895628323
SUB-049,PD,5.066666666666666,12.25,1034,0.8913022808675253,68.9386186274281,0.012928925740222324,40.31398847897555,12.30182696826038,28.305333314656636
SUB-049,PD,5.316666666666666,12.5,1014,0.947638128377419,67.55136301862659,0.014028408695707852,49.2837943662311,24.95978997304503,38.37135707868617
SUB-049,PD,5.566666666666666,12.75,1005,0.9808405409113103,66.99940444973822,0.014639541186476063,43.04778596943897,25.445277585328526,24.50094142867826
SUB-049,PD,5.816666666666666,13.0,1209,0.34455759463916447,80.62965379489567,0.004273335905864661,123.98884484655389,26.801190420334315,108.67826574340212
SUB-049,PD,6.066666666666666,13.25,1078,1.1117866177893856,71.83585706574736,0.015476764156538553,34.81388646430084,19.31061162802639,19.878790760940372
SUB-049,PD,6.316666666666666,13.5,1259,0.3150945614617126,83.99268816630419,0.003751452279248765,95.89987003677366,37.80058124905351,90.59842412423964
SUB-049,PD,6.566666666666666,13.75,1106,0.41771116378963125,73.68028352919232,0.005669239364749906,122.0488375009068,48.11511460439085,104.30514782031942
SUB-049,PD,6.816666666666666,14.0,1024,1.1409971732886568,68.3012726448067,0.01670535744220006,33.008077412760706,18.7311325730248,19.98623608457404
SUB-049,PD,7.066666666666666,14.25,1028,1.1363451075539401,68.53775021056911,0.016579842554836383,33.17505364312747,27.19178881157188,15.764456813942617
SUB-049,PD,7.316666666666666,14.5,1075,0.6214153761882841,71.62822618528057,0.008675565615444258,70.64236855138888,29.10995017610166,58.01694011999371
SUB-049,PD,7.566666666666666,14.75,1034,1.0958177494818226,68.92866150183154,0.015897853311030927,41.36849780291267,29.49024811331861,21.46584240588441
SUB-049,PD,7.816666666666666,15.0,1127,0.42047448049001906,75.17768816935325,0.005593075428747072,113.25352176294433,29.4904927932122,101.24214123751047
SUB-049,PD,8.066666666666663,15.25,1255,0.39896587845372783,83.61566111338749,0.004771425270592646,97.05382427836459,13.70450280488813,100.31932607723698
SUB-049,PD,8.316666666666663,15.5,1463,0.4817394490285613,97.56585528509503,0.004937582391102718,65.85988950071503,20.86330994301685,54.184670632916394
SUB-049,PD,8.566666666666663,15.75,1546,0.6570664827471544,103.04319571653123,0.006376612042921541,46.69290796921737,16.495758011151217,33.16507603164466
SUB-049,PD,8.816666666666663,16.0,1432,0.3471952134700217,95.48767395493675,0.003636021269445443,79.30270537819575,32.33715856254799,70.78479455000902
SUB-049,PD,9.066666666666663,16.25,1319,0.5211719822252439,87.94115032447328,0.005926372128432417,72.49336032061126,21.932594351613144,63.362759981274664
SUB-049,PD,9.316666666666663,16.5,1433,0.7435659999415685,95.51645875895258,0.007784689776010728,45.93657929163522,12.785428376513229,33.99409890484768
SUB-049,PD,9.566666666666663,16.75,1521,0.662581408581009,101.43189469577656,0.006532278733117244,39.29425839343528,11.8090620867375,34.90866536341909
SUB-049,PD,9.816666666666663,17.0,1489,1.0681164674938712,99.2300617994251,0.010764041139598076,25.656229434541835,12.298619775694213,16.030782617059675
SUB-049,PD,10.066666666666663,17.25,1430,0.6160825048150577,95.39565849688464,0.0064581817927822915,46.36295823303209,10.252276198475393,42.68302090480269
SUB-049,PD,10.316666666666663,17.5,1265,0.45071249163305416,84.30916470611758,0.0053459489630117265,47.41802738736451,12.654894735219793,42.09081705963596
SUB-049,PD,10.566666666666663,17.75,1258,0.19447514801805194,83.83667176854503,0.002319690702357029,82.80025984779174,14.428216410864065,74.98845747489692
SUB-049,PD,10.816666666666663,18.0,1241,0.5673363745013542,82.74179138311916,0.006856708865226493,43.64843061976101,13.14580148846747,33.55682296446641
SUB-049,PD,11.066666666666663,18.25,1083,0.8158576992723863,72.19815493604052,0.011300256910929993,54.78119551682579,21.588124859174428,42.06443619755202
SUB-049,PD,11.316666666666663,18.5,1312,0.7325950549386065,87.46151615515976,0.008376198894596768,46.38252274702509,21.756680939943525,24.860024034281366
SUB-049,PD,11.566666666666663,18.75,1244,0.789505799883032,82.93600571573974,0.009519457720076797,42.40696418054564,12.54138763700513,34.16849725476353
SUB-049,PD,11.816666666666663,19.0,1200,1.0078215669675519,80.02943304704286,0.0125931364073907,25.72705418561908,10.727732139835211,17.278638986346817
SUB-049,PD,12.066666666666663,19.25,1263,0.7165753102314426,84.16698783699283,0.008513733574726973,61.67269686750635,27.106411192442202,45.818622435884784
SUB-049,PD,12.316666666666663,19.5,1298,0.6710056807393177,86.53564095042535,0.007754096154712996,48.08221530805194,18.010962137871555,42.03226338051078
SUB-049,PD,12.566666666666663,19.75,1341,0.5733739902114252,89.40943766286442,0.006412902319925585,60.85764776679274,22.825293642158172,51.68228016250609
SUB-049,PD,12.816666666666663,20.0,1197,0.48543383089573916,79.8272299551069,0.0060810556895026496,64.00397846612425,18.584886152759633,55.504599755589155
SUB-049,PD,13.066666666666663,20.25,1142,0.39465271700781046,76.09815907313953,0.005186100712745252,95.03112282489838,19.264772607752114,88.89987872188543
SUB-049,PD,13.316666666666663,20.5,1081,0.9596804504400751,72.0712311779746,0.013315721609780952,37.55026443674582,29.539960380123382,21.219554529383117
SUB-049,PD,13.566666666666663,20.75,1074,1.2977866246380736,71.64919911672682,0.018113065332716324,18.244902438313378,12.038614479391347,7.775355930806943
SUB-049,PD,13.816666666666663,21.0,1057,1.1624396061049844,70.47105153209533,0.016495278285659793,23.421619958305364,12.397687345434692,13.958868454488735
SUB-049,PD,14.066666666666663,21.25,1057,1.1213604019804295,70.42472483054536,0.01592282262626692,25.17629616367291,12.713331108674385,11.643361144489793
SUB-049,PD,14.316666666666663,21.5,1041,1.3006138480012877,69.44120177972263,0.01872971398345063,24.60066262153835,13.696960639836517,11.304442563067921
SUB-049,PD,14.566666666666663,21.75,1058,0.9485462816520538,70.52878814476401,0.013449065361864906,39.814505253824755,23.211972084692604,28.88250398976995
SUB-050,PD,16.798611111111114,0.0,1354,0.735970299931115,90.26185270118927,0.008153724723195472,12.110882669526838,5.702724287702511,7.721024339683279
SUB-050,PD,17.048611111111114,0.25,1390,0.5947436065910245,92.61871075643056,0.006421419621733735,23.48437566485978,5.227922484708387,21.400361710264853
SUB-050,PD,17.298611111111114,0.5,1403,0.6532700703832913,93.54830106150317,0.006983238209251925,21.20181056358297,6.527457642989888,18.794403552593465
SUB-050,PD,17.548611111111114,0.75,1278,0.08418579381613799,87.4519858033083,0.0009626515972488442,115.47131795812119,160.2908280885187,48.48254693383286
SUB-050,PD,17.798611111111114,1.0,1368,0.1604987852947785,91.39497594869054,0.0017561007443656759,76.17951258748282,87.53473550272383,28.843807706298456
SUB-050,PD,18.048611111111114,1.25,1410,0.47152502792430473,97.1890982781676,0.004851624680936332,43.578715077823674,50.08148789106151,20.434756799020136
SUB-050,PD,18.298611111111114,1.5,1610,0.19645609442808293,107.26861460252314,0.0018314405863824957,40.7849569548737,2.859893907727271,39.80822074356714
SUB-050,PD,18.548611111111114,1.75,1690,0.04940579500560972,113.78045085784176,0.0004342204186494017,71.17450946812569,95.6741744742962,37.43153274163993
SUB-050,PD,18.798611111111114,2.0,1475,0.07830684931282114,100.09194887506828,0.0007823491319023208,95.72624952248786,122.27763302693704,35.55353217428669
SUB-050,PD,19.048611111111114,2.25,1497,0.39304869818744836,99.80332677755926,0.003938232430502759,19.825765362573097,12.855558110465324,14.756872743291936
SUB-050,PD,19.298611111111114,2.5,1350,0.12328081026133093,93.04398568271313,0.001324973445158805,79.1895761492971,91.0914626017858,48.4510891300374
SUB-050,PD,19.548611111111114,2.75,1259,0.3481905418389366,85.71477201164195,0.004062199941354854,30.600624755187052,35.049159208292956,14.734072447685557
SUB-050,PD,19.798611111111114,3.0,1246,0.18605729631377427,83.66852223662211,0.0022237430677643317,58.81781385996424,81.97074118024403,20.991306345967008
SUB-050,PD,20.048611111111114,3.25,1092,0.131630356385393,86.77272221604183,0.001516955478908074,91.91318875099067,123.4292250733181,32.38825282580799
SUB-050,PD,20.298611111111114,3.5,1173,0.11101950042142802,91.45141107786104,0.0012139725250046372,106.84978093368373,142.2540029847586,39.02600286713822
SUB-050,PD,20.548611111111114,3.75,1490,0.13618794641567653,100.68814830665961,0.0013525717644632554,49.82989802274257,57.98548369788456,22.64401207946191
SUB-050,PD,20.798611111111114,4.0,1440,0.6291750340974585,96.03916263631949,0.0065512340677106335,14.971259609538315,3.0731186722726385,12.14216221483047
SUB-050,PD,21.048611111111114,4.25,1447,0.3296117103481996,96.43730686435464,0.0034178858894496084,25.02013288232855,4.592750918115485,23.29719868980362
SUB-050,PD,21.298611111111114,4.5,1399,0.7232923312201096,93.3009806940108,0.007752247895359361,13.963754265490333,3.4396493150591025,10.432879972430621
SUB-050,PD,21.548611111111114,4.75,1374,0.5484793250436395,91.55391786134312,0.005990779399242119,20.248298675806588,4.451977309746392,11.385921640933661
SUB-050,PD,21.798611111111114,5.0,1416,0.26035630531476645,94.4063986559089,0.0027578247769381543,34.09523598082011,4.297011863384089,30.64748284139989
SUB-050,PD,22.048611111111114,5.25,1394,0.3632542198560141,92.9806501530779,0.003906772207528917,28.919700104695018,13.905485497468828,23.246163075332365
SUB-050,PD,22.298611111111114,5.5,1392,0.27649742560567603,93.72159569096111,0.0029501997225634363,42.05661540799607,46.75837672965694,24.747377962775374
SUB-050,PD,22.548611111111114,5.75,1339,0.3523246007813666,89.79335457645456,0.003923726899871858,45.01362490068954,47.87983994588586,14.200484351527736
SUB-050,PD,22.798611111111114,6.0,1193,0.19481855611366272,82.8656368081796,0.0023510174255299073,98.89608453114168,132.65448130159785,28.902085696509292
SUB-050,PD,23.048611111111114,6.25,1200,0.3027644276768857,80.43776016588055,0.0037639589547560515,62.42689801053899,39.92110651799811,55.92496704836968
SUB-050,PD,23.298611111111114,6.5,1238,0.6725983317246895,82.497126261252,0.008152991045951156,26.466815685613646,8.453352910201602,21.78881588413423
SUB-050,PD,23.548611111111114,6.75,1079,0.7946468177103965,71.96411798380419,0.011042264394725646,23.73760659066049,6.57488615983899,16.336073878268365
SUB-050,PD,23.798611111111114,7.0,1076,1.056976391006862,71.74704499082047,0.014731985005683434,18.521207413660303,6.709729138816192,13.20676094775694
SUB-050,PD,0.04861111111111427,7.25,1053,1.3099977004008,70.19602222540722,0.018661993356179813,8.766934290253985,8.958236433584458,2.9747756815885342
SUB-050,PD,0.29861111111111427,7.5,1061,1.1136183249441207,70.70512984265164,0.015750177213766318,13.388594499873951,15.638365981330585,3.3880625280627874
SUB-050,PD,0.5486111111111143,7.75,1055,0.7882522075603818,70.33325518527202,0.011207389811319923,23.855092852539528,20.44966514528,11.425731542904012
SUB-050,PD,0.7986111111111143,8.0,1038,1.1392116799435155,69.23007662217697,0.016455444447371646,14.843042151800937,7.418668624885672,11.113544300208487
SUB-050,PD,1.0486111111111143,8.25,1036,0.9340512423081796,69.26244852115312,0.013485680368676476,18.54052421034843,20.697709271369273,9.897968877529284
SUB-050,PD,1.2986111111111143,8.5,1036,1.2276404135320724,69.03368390657796,0.017783208776651932,14.847873502502104,8.81489735952366,6.154657940005762
SUB-050,PD,1.5486111111111143,8.75,1019,1.1606548551135456,67.97442009392344,0.0170748768950116,15.544469457713474,8.66977678314431,7.72369620444258
SUB-050,PD,1.7986111111111143,9.0,1023,1.133579754042247,68.21538635936771,0.016617654968197327,18.931102894333655,8.168540195388589,11.938068536838145
SUB-050,PD,2.0486111111111143,9.25,1035,0.8574475703726065,69.16091439415707,0.012397863415829076,26.540449799687995,23.148498829638264,16.35851209587496
SUB-050,PD,2.2986111111111143,9.5,1022,0.6420083515405431,68.18356189059274,0.009415881683780453,49.72098923204367,57.511009038503545,16.869619736181207
SUB-050,PD,2.5486111111111143,9.75,1055,0.977882434496518,70.32067561172322,0.013906044360209395,26.410803155252303,20.519232427913575,16.240982806772966
SUB-050,PD,2.7986111111111143,10.0,1039,0.4247782500191134,69.26281873229266,0.00613284671045401,54.766650571195704,62.16053087956446,20.854522159643093
SUB-050,PD,3.0486111111111143,10.25,1019,0.8443224000493643,68.37151880049025,0.012349036775285299,27.80883514536331,22.05805877175043,14.541955741046245
SUB-050,PD,3.2986111111111143,10.5,1029,0.7002442162372596,68.65332074577923,0.010199713701107609,36.33192516314382,45.03608583388829,9.487731027276233
SUB-050,PD,3.5486111111111143,10.75,1028,1.0791898336301962,68.50889849287087,0.015752549776325744,18.363454830557068,8.824370962407526,9.8270412513212
SUB-050,PD,3.7986111111111143,11.0,1037,0.742705716363794,69.16876311088235,0.010737588514821133,33.98804510831843,42.40839548629502,9.919173899793861
SUB-050,PD,4.048611111111114,11.25,1033,0.8281682902487677,69.25983164430082,0.011957411252484833,28.885502397178453,33.40072644616854,12.246698319377
SUB-050,PD,4.298611111111114,11.5,1093,0.41408830595942714,72.82717815229076,0.005685903483635142,53.52551536607169,36.86907585740053,37.99363927188028
SUB-050,PD,4.548611111111114,11.75,1124,0.6390641130858328,74.96698518001413,0.008524607352840493,26.73907569788071,24.498714233802723,13.105710269476182
SUB-050,PD,4.798611111111114,12.0,1099,0.5944487903244218,73.24640182882736,0.008115740507139375,31.203257478928382,7.514042712619313,28.63240312782331
SUB-050,PD,5.048611111111114,12.25,814,0.2346459818794478,73.20012229995864,0.0032055408448351786,73.8445373743661,93.00230789766856,146.69782474702765
SUB-050,PD,5.798611111111114,13.0,793,0.1773578206251473,87.92484070783377,0.002017152595300015,108.63744308195504,121.54351384411987,60.89643415046075
SUB-050,PD,6.048611111111114,13.25,1325,0.22159775550524455,89.2659642913686,0.0024824439781094875,77.64312245066353,78.51623458658463,44.48653059589813
SUB-050,PD,6.298611111111114,13.5,1265,0.7137484048572749,84.34907849465233,0.008461839982075512,22.641425053063283,6.214137617490775,19.8238598001702
SUB-050,PD,6.548611111111114,13.75,1320,0.3133345396052102,88.01926643943175,0.0035598403881361984,35.79151921897685,5.712468572766469,33.999978312487364
SUB-050,PD,6.798611111111114,14.0,1252,0.4709619302858449,83.93736877802522,0.005610873168198985,42.722084837880864,41.11775606850054,18.288896455621064
SUB-050,PD,7.048611111111114,14.25,1222,0.20617534567253681,86.6573453682878,0.0023792021876080515,78.61946902637409,93.09598051936287,43.252619013658894
SUB-050,PD,7.298611111111114,14.5,1208,0.21254913651489088,86.38618965153519,0.002460452734080205,97.17629025055604,137.8439766147979,19.665424583873815
SUB-050,PD,7.548611111111114,14.75,1178,0.2545865194222713,83.4595814976673,0.0030504169186300915,91.22086895913203,120.0163292486533,17.861043519612956
SUB-050,PD,7.798611111111114,15.0,809,0.45644427482404415,83.6776806077751,0.005454791188149072,61.715521174626375,76.7777427525596,51.492164985148435
SUB-050,PD,8.048611111111114,15.25,1253,0.3589244001748079,85.90458626280771,0.004178175063631076,72.1579074237375,99.60747242200416,26.13292050073969
SUB-050,PD,8.298611111111114,15.5,1233,0.33939642175930745,83.873652131817,0.004046520130373091,71.68395798298428,91.613233639699,29.051781917293827
SUB-050,PD,8.548611111111114,15.75,1301,0.9317440034227445,86.75135833778796,0.010740396707043685,23.225692712740294,8.054477970955993,14.098885331480195
SUB-050,PD,8.798611111111114,16.0,1380,0.1620083774854949,92.33497075501681,0.0017545722510199913,76.33066169411843,80.5872391771898,38.07248306197858
SUB-050,PD,9.048611111111114,16.25,1577,0.1533139475706961,105.1182663818186,0.001458490068831781,57.18019404869313,48.47989404798193,43.1349872628007
SUB-050,PD,9.298611111111114,16.5,1440,0.2277995082713214,95.96449313753911,0.0023737895217643937,39.741398199981674,24.168507354437246,34.4381764803293
SUB-050,PD,9.548611111111114,16.75,1339,0.5484440414673142,89.28353133369636,0.006142723448264045,19.548178162147465,5.246608983867238,15.558205303310464
SUB-050,PD,9.798611111111114,17.0,1318,0.5371738612329442,87.89108085579328,0.006111813121450955,25.155468420125064,14.796570433149146,22.27934932107422
SUB-050,PD,10.048611111111114,17.25,1271,0.5428532519276323,85.91785414920369,0.006318282239508931,40.928320334650756,50.25723593453512,20.118414951124056
SUB-050,PD,10.298611111111114,17.5,1352,0.36401391864935995,91.62012435127824,0.003973078198995933,39.036554668908884,46.92604856632244,15.624967263671635
SUB-050,PD,10.548611111111114,17.75,1347,0.12849725565969033,93.06106657516392,0.0013807842569255875,102.56008455838443,139.52857105149863,27.113968401035173
SUB-050,PD,10.798611111111114,18.0,1359,0.19265738675258937,90.80926490601675,0.002121560910684395,66.83972115439457,88.94196449708588,21.99356091707281
SUB-050,PD,11.048611111111114,18.25,1122,0.14085949721193572,87.4202835315613,0.0016112907842615414,88.95978114300966,122.91033698051476,28.786394253461715
SUB-050,PD,11.298611111111114,18.5,807,0.17532121299813166,82.93666358922884,0.002113916878384061,126.50528478174432,146.19162956828706,208.999404044611
SUB-050,PD,11.548611111111114,18.75,1184,0.17058966655505764,85.74201117156609,0.001989569223116484,116.53184015512241,153.6194345930876,50.1527576335688
SUB-050,PD,11.798611111111114,19.0,1368,0.18576996956837455,92.2980390040178,0.0020127184886375308,61.9719045625292,77.06562912474081,19.141238761866482
