Cohort,Subject,Group,N,N_full,nAUC,h1,h2,roughness,MSE_s1,MSE_s2,MSE_s3,MSE_s4,MSE_s5
CETRAM,C001,Control,250,1058,1.1110512614264794,1.0235156682597133,1.173385451449334,0.43761159458456983,1.6150167274611393,1.4957509539997205,1.2848942466781612,1.3295683797191131,1.2750687260096663
CETRAM,C001,Control,350,1058,1.114196114445499,1.1472202996799414,1.0680182024917335,0.7089009201314254,1.5301195800186056,1.4558357789727638,1.3091770577754593,1.4123286554857664,1.257158579968406
CETRAM,C001,Control,500,1058,1.1541727733880682,1.1110512614264794,1.2105227167653017,0.7397458303483874,1.477632977187398,1.5530555485390785,1.3991645516404256,1.4070910948673205,1.3454723665996353
CETRAM,C001,Control,700,1058,1.094211565198146,1.114196114445499,1.2463103747935094,0.7602428674999849,1.4138747083020635,1.4772206589390262,1.318621487793836,1.3320875432834636,1.2723815636467473
CETRAM,C001,Control,1000,1058,1.039781552281727,1.1541727733880682,0.9405839467663529,0.6288590848117036,1.345555376731531,1.407770377752742,1.2615294617075508,1.2429359293611915,1.227788608442773
CETRAM,C003,Control,250,988,1.1445320950588296,1.100007206663842,1.317716875649664,0.22812413052953906,1.653773726254152,1.4769909225907027,1.4648126782543307,1.3397743454849977,1.228391331674082
CETRAM,C003,Control,350,988,1.2599140463377592,1.103496586395158,1.5853344197764827,0.29118306434569413,1.8624685269133396,1.6245610740083212,1.4958128869263805,1.5214691394881432,1.452985735618563
CETRAM,C003,Control,500,988,1.2446399267474675,1.1445320950588296,1.3926942497455892,0.35076650384472735,1.8504847552408374,1.6564886432200991,1.4099103541912321,1.4894785973551214,1.4841593227009313
CETRAM,C003,Control,700,988,1.2809276583700449,1.2599140463377592,1.4295852285497017,0.4207344176304215,1.8607217311250195,1.6751943545573655,1.4668450182125874,1.572829463122997,1.5188171807895283
CETRAM,C004,Control,250,695,1.2918739783277848,1.1781161046794297,1.4681035052400906,0.34021650227064937,1.8471095643112199,2.0131921561386354,1.5920461697222312,1.3400611660806827,1.1810312350835293
CETRAM,C004,Control,350,695,1.308958023007967,1.1541177136508902,1.3748305811771364,0.24342479355897997,1.9482116460435925,1.845826690498331,1.580185369596663,1.4410584465298655,1.4072275707863564
CETRAM,C004,Control,500,695,1.3445985616341434,1.2918739783277848,1.4474833017467876,0.3488106164345599,1.9480805242968628,1.927304961224279,1.6634547672886915,1.4254823683484907,1.4654208983216475
CETRAM,C005,Control,250,1335,0.8174037797368381,0.5563294535683945,0.9951584544219181,0.7199923214695952,1.0021160098040813,1.0914757730987898,1.0100761337464663,0.9939943604310303,0.9808292530117262
CETRAM,C005,Control,350,1335,0.8792967761725011,0.7159368660497725,1.0494333234574276,0.6947545982645569,1.0891013474084776,1.2099506188818512,1.08587326289068,1.0387141470870407,1.0347903565973902
CETRAM,C005,Control,500,1335,0.9669802560547041,0.8174037797368381,1.0718552512444126,0.7738469259009721,1.1509170498718626,1.3014505738215738,1.2131593032100354,1.1557707025080584,1.1781243515958435
CETRAM,C005,Control,700,1335,1.0273160827317813,0.8792967761725011,1.143780323525808,0.6080885852433442,1.2043010229224658,1.3660227566543033,1.313812898230684,1.2407025208028595,1.2277834530196545
CETRAM,C005,Control,1000,1335,1.0524989293121898,0.9669802560547041,1.1158398405754208,1.0010159868595903,1.275558801981249,1.4237225766740227,1.2791859752333772,1.2944091871820793,1.2547950129616914
CETRAM,C008,Control,250,1378,1.1119482809158612,0.9520162145894486,1.2920131434946693,0.790195731038077,1.5981747201553895,1.6290638768908487,1.2115907726057484,1.2774002728807532,1.285198244248522
CETRAM,C008,Control,350,1378,1.1207731295158727,1.076937873032775,1.36700560474812,0.45405715048683193,1.591217366320572,1.5630806837114992,1.3238015277056128,1.2857622373344142,1.2712250313351032
CETRAM,C008,Control,500,1378,1.1338944333311765,1.1119482809158612,1.3125920871587777,0.23175861111191537,1.6751070159419577,1.556193397915288,1.360408532671592,1.3243322872682768,1.1819688816594929
CETRAM,C008,Control,700,1378,1.1671639749885778,1.1207731295158727,1.259922829555073,0.08124916133832881,1.744109594279003,1.5563401412915987,1.4328143767547834,1.3403548970252512,1.2685113254635072
CETRAM,C008,Control,1000,1378,1.1976736381545163,1.1338944333311765,1.2255092045162908,0.11156274568009869,1.7481108734722397,1.603903572310083,1.4437728161776346,1.39195653415867,1.3493596627801494
CETRAM,C009,Control,250,942,1.3427367319281498,1.193076257374271,1.8371871515808091,0.7794988316655104,1.5272386861335387,1.4816045409242156,1.791759469228055,1.698669046162043,1.9560625205193314
CETRAM,C009,Control,350,942,1.4238728391750493,1.3929171071788828,1.6804552093178926,0.5387992624410151,1.5101638428326762,1.506959243151163,1.9013483209954025,1.9162539394724252,2.0794415416798357
CETRAM,C009,Control,500,942,1.3727849041210813,1.3427367319281498,1.3813921188570322,0.4343945080776691,1.5539212655037176,1.4896471319472453,1.7676619176489945,1.8303147457396192,1.9986801850353775
CETRAM,C009,Control,700,942,1.3612635701959128,1.4238728391750493,1.3604975916581297,0.5140868485383361,1.6128629183006138,1.5629178967992075,1.6648596593232374,1.8548434446546318,1.83453078210436
CETRAM,C010,Control,250,1329,1.0138296789081027,0.7507866146766065,1.3791897993440951,0.4224202517280351,1.4473245801838246,1.2933179046617858,1.2058229436140975,1.1614901396205404,1.3697102331043554
CETRAM,C010,Control,350,1329,0.9460628328252133,0.888035430908435,1.0222554918182871,0.38344250645541866,1.2306483109098778,1.1764052766076307,1.0700842050535717,1.1833535171232001,1.3702940197734494
CETRAM,C010,Control,500,1329,1.078941641040873,1.0138296789081027,1.255968669421421,0.38488449171766664,1.438540717290328,1.3124854230881902,1.237420738393476,1.2992829841302609,1.6524974018945473
CETRAM,C010,Control,700,1329,1.1267858194649198,0.9460628328252133,1.3003496431648771,0.4919298573112918,1.414830668384825,1.3990209156591134,1.3114897675517205,1.4463741722445602,1.5392578153535852
CETRAM,C010,Control,1000,1329,1.1374507279296058,1.078941641040873,1.2729507173899335,0.3179703140778784,1.442605532682606,1.3978440563991634,1.3324139265584158,1.4540639028389082,1.5632579750204754
CETRAM,C011,Control,250,1231,0.8936551143353718,0.6846011847815341,0.9355338517254662,0.9713935630654776,1.082581166252024,1.1956861373599312,1.0970959881501456,1.0830275576514115,1.1023506107787169
CETRAM,C011,Control,350,1231,0.9559762019396054,0.790487507640902,0.9445355861991305,1.3811824443661598,1.1483142792889738,1.2895820188040032,1.135426261790826,1.2042912249622835,1.1528487289928546
CETRAM,C011,Control,500,1231,0.9454849333008962,0.8936551143353718,0.9427047387160734,0.8178831763418418,1.1557012556522368,1.267115262134712,1.1616848921231846,1.1579980564100245,1.1255516560208831
CETRAM,C011,Control,700,1231,0.9522449639659971,0.9559762019396054,0.961272279033411,0.28944517293475164,1.2513682681298184,1.2279655186171365,1.1793477570205468,1.1463718146876591,1.1637111908794657
CETRAM,C011,Control,1000,1231,0.7664985197199452,0.9454849333008962,0.789338500026368,0.19713431586887883,1.0368330969408937,1.0347928102075956,0.9636339752413203,0.889482516984361,0.8523334953920038
CETRAM,C012,Control,250,1131,1.1998951215299698,1.1971987189841333,1.035123197344206,0.21112746848540892,1.733603549070981,1.580727806551669,1.4524762680011918,1.3748656652962679,1.44920818653046
CETRAM,C012,Control,350,1131,1.30379737462652,1.2480238595211453,1.6508880085105209,0.2302735104775805,1.8577541834876024,1.6579322623727109,1.5783133689301707,1.5693596888666899,1.5690089224384556
CETRAM,C012,Control,500,1131,1.3143831980388172,1.1998951215299698,1.542736947744594,0.2741692568932565,1.8111056169519202,1.656083745884962,1.5886471427650266,1.605104211176982,1.6330561637823087
CETRAM,C012,Control,700,1131,1.3250806866278975,1.30379737462652,1.4358647682608119,0.3533847624137637,1.8004266834045128,1.6696909481931228,1.6108006198900364,1.6039433931164597,1.6815102604752243
CETRAM,C012,Control,1000,1131,1.3180011092863244,1.3143831980388172,1.4401711512953368,0.3872724998847077,1.772438581914607,1.6153366678635426,1.6173582706515548,1.6389202649986074,1.6643421039212276
CETRAM,C013,Control,250,1009,1.597946059950602,1.4967442543672143,,0.5604260947183877,1.731741459501802,1.7272209480904839,2.0912759993268386,2.2553322081435,2.1000608288825715
CETRAM,C013,Control,350,1009,1.481207884531317,1.5537344543360159,1.4179005750493652,0.6959263683802589,1.6311516726578845,1.8305174795274588,1.9639286545579917,1.7585338215997346,2.074967261284915
CETRAM,C013,Control,500,1009,1.4550043800237524,1.597946059950602,1.3444546113662799,0.40336041666286665,1.578405803186372,1.7490013042278463,1.7685924099465207,1.9697426244234113,1.9969653198555974
CETRAM,C013,Control,700,1009,1.3065776710663815,1.481207884531317,1.2131463692767466,0.5916580784645709,1.4383485599760486,1.5916990880967188,1.579304736025549,1.7714150285108228,1.7425904454215853
CETRAM,C013,Control,1000,1009,1.29905660332515,1.4550043800237524,1.1823901337360176,0.48083097227779537,1.4170477757729607,1.5743519230990284,1.601608601068194,1.7647026678405417,1.6921918734630126
CETRAM,C014,Control,250,981,0.40116168522737483,0.44855210865961015,1.61321372684972,0.1066675059137477,0.8168961928519536,0.5816733140968265,0.4738775555555411,0.3923855926743462,0.29884773476836674
CETRAM,C014,Control,350,981,0.4346127565197825,0.33343937936011947,1.455528243084227,0.09917547743815858,0.8385327205219495,0.6434173394884888,0.5079793930976322,0.41971326284467736,0.3653748538142783
CETRAM,C014,Control,500,981,0.5067192559821494,0.40116168522737483,1.1206676314841968,0.08538777257284173,0.9419716496017978,0.7515536339594577,0.5810550185783655,0.5076755638874199,0.4446524773692101
CETRAM,C014,Control,700,981,0.5038643356183022,0.4346127565197825,1.0814620689796324,0.12008601499519332,0.9155880264293881,0.7182896272815691,0.580587834394966,0.5220384883687895,0.48122342966298476
CETRAM,C017,Control,250,1161,1.0423631584049886,0.9441933031349106,1.5393471891582027,0.11750876569408295,1.4348533381422983,1.3967292384124703,1.3340691002156764,1.2321436812926323,1.0628942060660305
CETRAM,C017,Control,350,1161,1.1180755259141637,0.8787475075624414,1.3899885312771152,0.14391794851172196,1.4912449567063897,1.4775103693915523,1.4224353661220144,1.3228024125529907,1.2440140063021325
CETRAM,C017,Control,500,1161,1.1135244397388273,1.0423631584049886,1.2519703171443055,0.5350277461317677,1.4853852637641216,1.547562508716013,1.3628847851310737,1.273574627420054,1.28181529108987
CETRAM,C017,Control,700,1161,1.133730329634529,1.1180755259141637,1.1849556542667345,0.6783612914470243,1.4497765813247683,1.5006882523405949,1.4304009985794472,1.3096611350989746,1.4060259429824857
CETRAM,C017,Control,1000,1161,1.148319118601867,1.1135244397388273,1.152672083087567,0.4274721655779486,1.5567648809292225,1.5417376802653804,1.4114142047665987,1.3212291083399068,1.3776643183456756
CETRAM,C018,Control,250,1078,0.913430329086907,1.1687900477366902,0.6976000458263718,0.4484263399478116,1.2420803743253968,1.116292307204282,1.0851213589270943,1.1490007810809229,1.1913940221190757
CETRAM,C018,Control,350,1078,0.7577931962427019,0.7944130256068238,0.6705465234488649,0.6374930304375755,1.0945544591082226,0.9121250234664526,0.9449252372046665,0.9113605657662963,0.9465558504439661
CETRAM,C018,Control,500,1078,0.5087659284861697,0.913430329086907,0.3314268513430295,0.4689016307296472,0.7130969598259876,0.619187411444657,0.6362490139563386,0.6276459968987427,0.6083974804362324
CETRAM,C018,Control,700,1078,0.5038773687258699,0.7577931962427019,0.33671865410652957,0.32213642118958347,0.7886816636232155,0.6201246542736003,0.6163996964722502,0.5951564511943576,0.5867304197550673
CETRAM,C018,Control,1000,1078,0.5896655259944527,0.5087659284861697,1.2103216233709564,0.4261628011398511,0.8530046361910718,0.7243044473416864,0.7309812687978889,0.711085421144966,0.710908349184372
CETRAM,C019,Control,250,995,0.7427883091890349,0.6051085990825283,0.9686761707415688,0.0819481683768788,1.2547073595415563,1.0886335886182135,0.89348174156515,0.7640339920069675,0.680877087968131
CETRAM,C019,Control,350,995,0.8664536934110533,0.6785604006256228,1.0782104176510028,0.08021187447868357,1.4426704369812406,1.2208782784609629,1.0491388309975451,0.9197246327220705,0.8423830127681345
CETRAM,C019,Control,500,995,0.9321986762791801,0.7427883091890349,1.126307539321076,0.07234752442710472,1.4404545667223734,1.3203427275534967,1.1584432146551356,1.0045270444415493,0.9149062227690633
CETRAM,C019,Control,700,995,0.9833801930075093,0.8664536934110533,1.1301682997882045,0.07483067510151334,1.4744365250314697,1.362129291015409,1.2093145676652846,1.1020272037681789,1.0124232801458792
CETRAM,C020,Control,250,1088,1.3288167742858115,1.6620144565777317,1.3995574963132822,0.8004567384451676,1.7305158439873365,1.794841135765463,1.593627306407458,1.6781344437203352,1.424446127084267
CETRAM,C020,Control,350,1088,1.2938463565936842,1.4623394910050163,1.2902400197625465,0.7023518852472059,1.734341887316162,1.815475995845371,1.5304894963160514,1.5777484014771177,1.3566938913436
CETRAM,C020,Control,500,1088,1.240995117873238,1.3288167742858115,1.1955380824895656,0.5353624375887897,1.642286278125123,1.6596194779689606,1.509354453877118,1.499891538843596,1.4299339592279074
CETRAM,C020,Control,700,1088,1.2981669787032526,1.2938463565936842,1.3262839613975244,0.14792791528104013,1.7686789854034513,1.7074899065988698,1.5968124198084728,1.5492960067095296,1.5057941353953286
CETRAM,C020,Control,1000,1088,1.3145451486498492,1.240995117873238,1.3242128884275686,0.08190964687059721,1.8083364254002472,1.7256171914790486,1.6502125685558047,1.5478966402555698,1.489662260517399
CETRAM,C021,Control,250,1149,1.4113518071019613,1.4579977954977594,,0.7940682210646405,1.8130987852630505,1.7382707842770688,1.791759469228055,1.620190704210362,1.9999773703255892
CETRAM,C021,Control,350,1149,1.5032322346760372,1.4896495863421557,1.5352389897683385,0.9532009160781634,2.0086154891112233,1.7427754878276644,1.9522863661945893,1.8925641683500207,1.8484548129046003
CETRAM,C021,Control,500,1149,1.3738024582178512,1.4113518071019613,1.371935502873106,0.34819721047520136,1.8060883485439196,1.7390188599857155,1.7042911582574343,1.6597244108644702,1.7258673754193519
CETRAM,C021,Control,700,1149,1.2215609484340164,1.5032322346760372,1.0270114311637863,0.2684120032774889,1.7289567672757622,1.557756595018982,1.4668103295689428,1.4655337913785573,1.5064512851314364
CETRAM,C021,Control,1000,1149,1.2026903618202245,1.3738024582178512,1.094427439121087,0.2687473325231856,1.7931921342295507,1.5111312111352437,1.4509035811157047,1.4340487924157905,1.4415443146392157
CETRAM,C024,Control,250,927,0.5844354695460494,0.5867936264636769,1.077697666342193,0.4839438374631658,0.7869932312593807,0.6603957152675013,0.6991738884268057,0.7649483466157522,0.8083255635809954
CETRAM,C024,Control,350,927,0.5985170679835405,0.6802685076527288,0.5940506378336707,0.42802955779944984,0.7815660981769296,0.7125281611573722,0.7303661320971965,0.7538326314770407,0.810150732195257
CETRAM,C024,Control,500,927,0.7082514401008038,0.5844354695460494,0.8927249587124827,0.47763445717451813,0.9328158571433636,0.8646471856107216,0.8536490314473851,0.870777468507038,0.971551172734386
CETRAM,C024,Control,700,927,0.7818348324598581,0.5985170679835405,1.1652552817062505,0.35140095937599514,1.0438040521731147,0.982574515069439,0.9220361362482961,0.9660614731540271,1.0332000234819418
CETRAM,C025,Control,250,1300,0.8966220605066157,1.3525247462804282,1.178192164349353,0.6863324369598206,1.1196943343402213,1.223051929842093,1.1773354447976374,1.0151365665107877,1.0154783884249003
CETRAM,C025,Control,350,1300,0.920498411455197,1.2092566504483664,0.9134480296851042,0.19150463996403094,1.0216155326084968,1.102336687759092,1.1563027023078059,1.178956609976869,1.3081765818559385
CETRAM,C025,Control,500,1300,0.8081096610348538,0.8966220605066157,0.7050873280485107,0.1291194716391552,0.9276176682248815,0.9683595875052854,0.9892818014545829,1.0524825169406085,1.1332311303227047
CETRAM,C025,Control,700,1300,0.40325840536272084,0.920498411455197,0.29484331959423316,0.29435140318563424,0.4535978387944849,0.4855466258645652,0.4869383805320934,0.535182244470233,0.5636517130989405
CETRAM,C025,Control,1000,1300,0.4935734251114405,0.8081096610348538,0.3933778288279587,0.4796910354895656,0.5662019131586448,0.6127611726351179,0.5866637001574951,0.6430962342311617,0.6844901239082111
CETRAM,C026,Control,250,1286,1.2159430297823097,1.2587663772399607,1.3325103412743093,0.2969152090739433,2.092115982576564,1.6613976513648114,1.5232167369869716,1.2253639943072536,1.24735754992846
CETRAM,C026,Control,350,1286,1.282924770980226,1.165694604665815,1.392035948677869,0.2074976266710704,2.180340062634211,1.6757231589066133,1.5252932359265468,1.4223592960406863,1.4021562654203572
CETRAM,C026,Control,500,1286,1.2521979081436174,1.2159430297823097,1.2631247194413568,0.15671048762903858,1.888023620008615,1.635190408536515,1.5103470097898695,1.459247633822939,1.424385357128914
CETRAM,C026,Control,700,1286,1.1694351899889432,1.282924770980226,1.1349079442142478,0.5036697297581494,1.4452976480551158,1.5107526462099918,1.5115378608580614,1.416358517512173,1.3717562026738632
CETRAM,C026,Control,1000,1286,1.2250867828449032,1.2521979081436174,1.2772920262379976,0.5933156795821604,1.4268285444423034,1.5746990501510136,1.595094700920412,1.5046013684937898,1.4752490448762965
CETRAM,C027,Control,250,993,1.3386198470553112,1.321527220416333,,0.6561516160289476,2.074967261284915,1.5648695929542238,1.6979913097755455,1.5907457794219477,1.604017844964761
CETRAM,C027,Control,350,993,1.3248880653782653,1.3250889032270574,1.4555125537307618,0.721752338096878,2.042759975045231,1.6827993373340377,1.7665215366381923,1.391599413349584,1.5242801040937937
CETRAM,C027,Control,500,993,1.3084374674782213,1.3386198470553112,1.3274780737673857,0.4236425743347193,2.0133751363642114,1.710272070541795,1.643421765249699,1.4108076175982218,1.5419966316385678
CETRAM,C027,Control,700,993,1.3586977284785124,1.3248880653782653,1.2856245055049724,0.3622415820383287,2.1471001901536506,1.7834856348906587,1.6785953794279662,1.4549022470390456,1.605910571916132
CETRAM,C028,Control,250,1424,1.013887958020235,0.8348452995102946,1.0591738482112625,0.7017906727402924,1.3124600991088382,1.2992829841302609,1.2727303540092365,1.1923672582056282,1.2976582884032588
CETRAM,C028,Control,350,1424,1.0801756536877043,0.8987766244497302,1.2309771542653558,0.32959226537989916,1.4847799868314542,1.417907416554836,1.3698556347767308,1.2424675646342682,1.2565153181139186
CETRAM,C028,Control,500,1424,1.0833742552397396,1.013887958020235,1.1260527630065642,0.33294962925703425,1.4817575748215224,1.4062153386144451,1.3694872428035094,1.2650330610871823,1.2705136925656009
CETRAM,C028,Control,700,1424,1.1528789966686368,1.0801756536877043,1.1282495012436946,1.1792757125587465,1.4468718853265206,1.4799106506220407,1.411548228441094,1.4555019170215782,1.387996489190421
CETRAM,C028,Control,1000,1424,1.1477983390003903,1.0833742552397396,1.1833340065790008,1.2619103355460497,1.3971217059480876,1.520091588825985,1.37715631398024,1.4345905151520681,1.417184848139229
CETRAM,C028,Control,1400,1424,1.1721155357597777,1.1528789966686368,1.1570542986679417,1.2950393883082483,1.4123060922579604,1.5571020462753111,1.3921788078985056,1.4721498022508348,1.465987952490514
CETRAM,C029,Control,250,1110,1.2699525123519104,1.1311081414119375,1.327459982139194,0.16588975118668203,2.2464956263430023,1.7892310228746964,1.413693335308005,1.3517230170548018,1.3437347467010947
CETRAM,C029,Control,350,1110,1.308505670358187,1.1726895580451209,1.3644669847076731,0.1963896966139453,2.2001442874395543,1.7838542897209417,1.4943967790655506,1.4776308233309718,1.373148631907388
CETRAM,C029,Control,500,1110,1.3190173513561585,1.2699525123519104,1.411998768067145,0.21754180927376826,2.05328726355058,1.7501950448068044,1.560840037468222,1.4816045409242156,1.5516070036125194
CETRAM,C029,Control,700,1110,1.3016106390690942,1.308505670358187,1.3002201934331272,0.21971347577329706,2.1409437414376296,1.70652903660942,1.556919878150654,1.440281591988972,1.467701635755224
CETRAM,C029,Control,1000,1110,1.3243779297544587,1.3190173513561585,1.3249754404170497,0.2215534492804035,2.1725498857322196,1.7323225512036857,1.559774610257481,1.4915409231567174,1.5039532425765987
CETRAM,C030,Control,250,935,1.3668611799491832,1.2559400303322483,1.995400017790913,1.1725077426844708,1.9897839604469327,1.6058600910862164,1.8046962602587746,1.5174555227224502,1.8228040909100154
CETRAM,C030,Control,350,935,1.4314513071645225,1.3788856808122227,1.5350406704978115,1.2135227502499066,1.8913893101768964,1.716638838759947,1.8232450858016214,1.701375407759786,1.94060509682562
CETRAM,C030,Control,500,935,1.1372134543507717,1.3668611799491832,0.9683227075656273,1.306634079913925,1.52517522574091,1.3712887205020206,1.4689324504735044,1.3656338461543736,1.4352492835070114
CETRAM,C030,Control,700,935,1.1512523641502654,1.4314513071645225,0.9725224031168495,1.1435877525190827,1.5246445083558504,1.4048115651732247,1.4659631321713265,1.395390294307604,1.4555491498424935
CETRAM,C031,Control,250,738,1.3533450128614049,1.4321617147917807,1.2146940896251286,0.424409486389834,1.7256484441159925,1.6828653809889176,1.5297497518304009,1.6326947745983675,2.117181869662683
CETRAM,C031,Control,350,738,1.2873991847305424,1.4567068240803491,1.216508858393159,0.6608278857986566,1.7639246702346112,1.4749429738863065,1.5694746556222632,1.5533484457830569,1.9145350264875594
CETRAM,C031,Control,500,738,1.235269065134906,1.3533450128614049,1.300747731062518,0.6010951086251313,1.7922834409455708,1.439872840889776,1.4499133419627834,1.4696759700589417,1.8414829045804855
CETRAM,C031,Control,700,738,1.2420892536628458,1.2873991847305424,1.2829202175516312,0.6497760615658801,1.7016656950142555,1.458126592382706,1.5136514287388942,1.5350159192383883,1.7056389608942268
CETRAM,C032,Control,250,982,1.2840457463152686,1.0434830763311695,1.1879393053753833,0.3515158166405936,1.9797543267386097,1.690590234234327,1.46905630908218,1.5527908767694483,1.4358282962421673
CETRAM,C032,Control,350,982,1.1815963224955113,1.1884748068017572,1.2966187772874296,0.18037318405958874,2.104330830443523,1.5477524602789356,1.416926364734396,1.3149298749119196,1.152414994661086
CETRAM,C032,Control,500,982,1.1606382041446612,1.2840457463152686,1.2579525652730894,0.09687390921454915,1.9440591536170617,1.6488648324135582,1.3710982767675448,1.2301180844302584,1.1621605006068294
CETRAM,C032,Control,700,982,1.2037503646948366,1.1815963224955113,1.3501525973435717,0.11061110266645426,2.1139939231864955,1.6822877772224643,1.4066808284853245,1.2881426330041232,1.169287246338046
CETRAM,C033,Control,250,868,1.0717628547357072,0.7510709918055634,1.352521645644315,0.7791103423730688,1.3441651319024874,1.2690793459275158,1.3545456628053103,1.4367252147467826,1.252762968495368
CETRAM,C033,Control,350,868,1.1788285963993612,0.970630754223276,1.3836213524699232,0.4734422615611074,1.373740844517701,1.3280080312413693,1.509283804966848,1.5713594038595962,1.597242639340282
CETRAM,C033,Control,500,868,1.1474245323142267,1.0717628547357072,1.3694548316508919,0.6659510966827774,1.4371340378992998,1.38120764494951,1.4456433563396578,1.455287232606842,1.472834817450947
CETRAM,C033,Control,700,868,1.2204555703779363,1.1788285963993612,1.5208990975886472,0.6093205168503906,1.5784965561115953,1.4313112284856075,1.4783361915700906,1.5927186097050423,1.621327088146286
CETRAM,C034,Control,250,1172,1.2906816130376442,1.3553675716248494,1.401332846991531,0.6888089487823462,2.0009699262383407,1.5958630433430316,1.6856270507916469,1.4193943095462354,1.5040773967762742
CETRAM,C034,Control,350,1172,1.3326541958808131,1.332900973476874,1.3045971882474858,0.39857112977488635,2.083222264519742,1.6317229572235352,1.5704258731590848,1.6283063967384832,1.582409240046181
CETRAM,C034,Control,500,1172,1.2957131729132025,1.2906816130376442,1.2525117599622537,0.24502040493623778,1.911330798916283,1.6322031232071128,1.5681387048291506,1.556078501609078,1.53296027092506
CETRAM,C034,Control,700,1172,1.2131538378869349,1.3326541958808131,1.1657690201235913,0.09666095233010293,1.886457279141841,1.6304145137667696,1.5112812193988743,1.3810265701850317,1.1996364930261565
CETRAM,C034,Control,1000,1172,1.2397036352377664,1.2957131729132025,1.179534259507454,0.1347108265883547,1.9304415811859077,1.681965020784037,1.5363741904731696,1.36158140658137,1.3067535355146054
CETRAM,C035,Control,250,1312,1.1907039660972183,1.013208998443695,1.7473190943334782,0.46646909180862123,1.7221110749382131,1.444636398060309,1.5064386729619539,1.4826254700583228,1.3175275038727983
CETRAM,C035,Control,350,1312,1.243070865816264,1.0868680476507344,1.3802093600582797,0.555309849418566,1.7534631841507744,1.5278026475319724,1.5040773967762742,1.5774351813479266,1.4586150226995167
CETRAM,C035,Control,500,1312,1.2410547408419978,1.1907039660972183,1.3416676473576294,0.4196267032799108,1.860885798609239,1.5568094053268562,1.5442347186233383,1.4360239335312583,1.4755254948478334
CETRAM,C035,Control,700,1312,1.100253742250548,1.243070865816264,1.00097422423671,0.155288032329298,1.879204135197259,1.4762807479683768,1.2983391426255544,1.2123434694524726,1.149406567215414
CETRAM,C035,Control,1000,1312,0.8840936558331656,1.2410547408419978,0.6804364475051349,0.16474187430692316,1.5413776904052001,1.2126529711572025,1.0116831789649399,0.9594712061511551,0.9319441553798619
CETRAM,C036,Control,250,1170,1.1190723865621526,1.065403399774071,1.217372222639645,0.27867659686406254,2.0342027562009917,1.6876901093338486,1.174324110403806,1.1146446961991585,1.2032032775469075
CETRAM,C036,Control,350,1170,1.1580751328114451,1.1587552325145443,1.1960086649405375,0.21657526645397687,1.9986424996704846,1.6939617259519284,1.286630747226552,1.2051085227898635,1.21070683650728
CETRAM,C036,Control,500,1170,1.0590655199997778,1.1190723865621526,0.9329548510202248,0.17523790885336268,1.852128081212314,1.4924637488710324,1.1830355385336644,1.120930811623805,1.1456669207284598
CETRAM,C036,Control,700,1170,1.094396156322793,1.1580751328114451,0.99840838772237,0.17071413007372843,1.9280380242891915,1.5248805244060373,1.2531710484847078,1.154855789360981,1.1501088144352847
CETRAM,C036,Control,1000,1170,1.119030386605974,1.0590655199997778,1.2623721795467344,0.14903256574179588,1.8854021134714036,1.5150179094928231,1.3025747811304755,1.242326817507546,1.185062736326648
CETRAM,C037,Control,250,1069,1.3297809770020579,1.2314085645484425,1.3769985862258123,0.2010527193976889,1.8963844203069273,1.730798769438368,1.709521370991083,1.569298744843756,1.3821875791672371
CETRAM,C037,Control,350,1069,1.3531452349179527,1.2727640760967258,1.4249395399473324,0.35642608336936205,2.0172394702032843,1.6991379793476584,1.7455700867586803,1.5850693214171427,1.4546581039292807
CETRAM,C037,Control,500,1069,1.3419248507979096,1.3297809770020579,1.4060543922180346,0.3899714934493357,1.8777893651357191,1.7257266393695805,1.7631620620778823,1.5612358106162227,1.4412101187160054
CETRAM,C037,Control,700,1069,1.3565334325066432,1.3531452349179527,1.4145415625153244,0.25781290318368955,1.8846834198448728,1.7774428324284977,1.7239507305023203,1.5711880303001007,1.5354877187597213
CETRAM,C037,Control,1000,1069,1.3496767896535766,1.3419248507979096,1.3515909489612916,0.4261255539969479,1.7533949760458714,1.74306435757521,1.6731957657061838,1.6745822057333313,1.5616882624604433
CETRAM,C038,Control,250,1319,1.1999431634940214,1.1193209399580826,1.1891289427305283,0.3140551002223308,1.7873051188786748,1.5736399065583213,1.640824226254771,1.349926716949016,1.0833448165373212
CETRAM,C038,Control,350,1319,1.2437352301226787,1.1940644415757533,1.2755164019965821,0.280170949680921,1.942041672277393,1.6650077635889111,1.6403827162835218,1.3509549946745818,1.182619679855367
CETRAM,C038,Control,500,1319,1.2460466746389467,1.1999431634940214,1.2165169373376443,0.11801086776063999,2.0446245258240032,1.7289937736782677,1.4883784872331705,1.3878704055753563,1.2053568875918745
CETRAM,C038,Control,700,1319,1.1973841481684186,1.2437352301226787,1.128222578513709,0.10820631131811785,1.9323359334076133,1.6996847902818786,1.4198346918649118,1.2979684052634148,1.20652977345616
CETRAM,C038,Control,1000,1319,1.2566592289535408,1.2460466746389467,1.2269194537796013,0.09368704144411251,1.895821644723901,1.7379363771220981,1.5390513124985452,1.3982982959302515,1.3201986737097158
CETRAM,C039,Control,250,1004,1.0319541926393245,0.9987618912051148,1.3461979890504185,0.22912673614001983,1.4573101073338355,1.3420823089800054,1.2755884958375923,1.2610236855027346,1.1048428384187459
CETRAM,C039,Control,350,1004,1.0864746675907415,0.9903992208274254,1.1096372397348229,0.3221315881147701,1.6147045473857926,1.3460912534303733,1.3452226208038782,1.3338806184358505,1.1996531431814197
CETRAM,C039,Control,500,1004,1.1272653491589488,1.0319541926393245,1.2459526245389239,0.17639647122820498,1.7200675407719386,1.454697088004291,1.3703159339793343,1.3250561730109762,1.252447560828347
CETRAM,C039,Control,700,1004,1.2154047786854307,1.0864746675907415,1.3966548223528794,0.19198308848259127,1.8176305592381161,1.5603933806558554,1.510341995737989,1.4210211996295723,1.3529040755693584
CETRAM,C039,Control,1000,1004,1.259994481582069,1.1272653491589488,1.3617125856642898,0.2674929643322902,1.9268308706722792,1.6364630387164414,1.573102899481515,1.4279160358107101,1.3981499971310773
CETRAM,C040,Control,250,904,1.1020887605378396,1.077605198838764,1.0404334661470662,0.6342100258402984,1.5117720189373165,1.496857148802787,1.390286382389428,1.1700712526502546,1.394686018756139
CETRAM,C040,Control,350,904,1.1185791228099995,1.20740710397475,1.0236027071091645,0.9462349226101998,1.5213968459764544,1.3675106320463046,1.4306499282214569,1.3375041969504586,1.3930648676871011
CETRAM,C040,Control,500,904,1.105754292130325,1.1020887605378396,1.1465167064459814,0.14515924631198446,1.4398118386539094,1.396737310403871,1.379656119578597,1.358612810727274,1.3477186012298559
CETRAM,C040,Control,700,904,1.1393845168360062,1.1185791228099995,1.2320274863903555,0.3745213735140136,1.5092497490038157,1.4462793922525456,1.4403890515217315,1.375268891108183,1.3607207495913267
CETRAM,C041,Control,250,1229,1.1410328389987126,1.1400192029901486,1.052985831339596,0.40597441310947907,1.4816045409242156,1.3297615337876763,1.3592324390769335,1.4847344339331432,1.581267035467404
CETRAM,C041,Control,350,1229,1.0968627670605864,1.1113229154633337,1.0937408127857073,0.26354776703583893,1.796954286105159,1.4251143529694728,1.3644669580753692,1.214296687667572,1.1639173870758763
CETRAM,C041,Control,500,1229,1.1504514832902397,1.1410328389987126,1.2273277068214674,0.2046926982647679,1.8125768743115773,1.518598095168127,1.4067210999442514,1.2795263856941845,1.282246796977693
CETRAM,C041,Control,700,1229,1.2352627846040325,1.0968627670605864,1.3481096368331542,0.11572543684196247,1.8280981710954098,1.6675247982901829,1.5048952589303115,1.3969408495143782,1.3858078614751699
CETRAM,C041,Control,1000,1229,1.2425810425683221,1.1504514832902397,1.364463435877547,0.12571123037120174,1.823180868212649,1.654917236956231,1.4898517565518283,1.4437928531811068,1.4255058640922378
CETRAM,C042,Control,250,917,0.4567961648034681,0.732437348096992,0.3163106389149357,0.1497365057086836,1.167401265771645,0.7138981246649843,0.49611509112302493,0.34631847001457117,0.2878970106578743
CETRAM,C042,Control,350,917,0.55489377822227,0.6828506300675806,0.4860378985647789,0.13369277601459162,1.2995743169801,0.8808514610834459,0.6313908551756958,0.4244020156559496,0.3760748014124176
CETRAM,C042,Control,500,917,0.6281734669717127,0.4567961648034681,1.1102894666540446,0.10756168846974651,1.3788899669456804,0.9898439574634803,0.7015822527850754,0.5361787230008679,0.4476348362726005
CETRAM,C042,Control,700,917,0.7022533837057371,0.55489377822227,1.0269154534494274,0.08949633324392277,1.4418830857188223,1.089135735603626,0.8040846907973629,0.6337481099808563,0.5267136785748583
CETRAM,C043,Control,250,1003,1.3089780196234062,1.1123003443531245,1.5067775308483151,0.5585987694227378,1.8052731883947777,1.8476399276225115,1.7635885922613588,1.3581234841531944,1.3458029997651537
CETRAM,C043,Control,350,1003,1.3889499358879176,1.2380001700675862,1.6432448387943885,0.1891030903982334,1.8249116765449556,1.852200823381556,1.8385635354258576,1.6290250457094053,1.425008873300581
CETRAM,C043,Control,500,1003,1.3252478622866017,1.3089780196234062,1.3430300589444353,0.44982951394140797,1.720170390093817,1.763824691896501,1.7476216784023435,1.526625725547068,1.4561640410803767
CETRAM,C043,Control,700,1003,1.296219066081775,1.3889499358879176,1.2219841022016087,0.4142559933175753,1.7058145314991424,1.7861001445591536,1.7105735776632287,1.44848798935319,1.3660527061674614
CETRAM,C043,Control,1000,1003,1.3437498740807985,1.3252478622866017,1.3957057670735444,0.279515776926577,1.7509331452442853,1.7788560643921472,1.753381774129156,1.5786750195073287,1.464739879506437
CETRAM,C044,Control,250,1068,1.181125609973531,1.2677533165850605,0.9250042388555391,0.5750013062365434,1.8249332429100533,1.4318508927222577,1.3044018252891678,1.5254914912800905,1.462834438242225
CETRAM,C044,Control,350,1068,1.206562583265378,1.3412685810316163,1.0731473257559636,0.4137802623002074,1.9584731283560186,1.5051452025371042,1.3202863320029596,1.487148334675826,1.48199296586598
CETRAM,C044,Control,500,1068,1.2352225104656045,1.181125609973531,1.402219224145239,0.26992669845279943,2.054908355155964,1.58162615464986,1.3634185567911525,1.4401849507549813,1.526857425108094
CETRAM,C044,Control,700,1068,1.2230392691592988,1.206562583265378,1.2951030696707386,0.3210594952922893,1.8592360401970425,1.569583118512671,1.4107933816082152,1.4227087506454543,1.5649861498632667
CETRAM,C044,Control,1000,1068,1.1818046206104615,1.2352225104656045,1.2037263186996583,0.28867157531582177,1.7801288304053526,1.503212603773767,1.365102701046773,1.4062614176707542,1.4887639307166762
CETRAM,C045,Control,250,1361,0.6507941806144621,0.6384277665380951,0.9539295643890717,0.09103327484691705,1.259897362609242,0.9862831036941899,0.7641229068401464,0.6073932699416056,0.5324458825834948
CETRAM,C045,Control,350,1361,0.774376571125455,0.7801502833490284,1.1106330493732912,0.1050270368188013,1.3268370394710207,1.113257859367697,0.891961889935913,0.8197099038683746,0.7670693654395611
CETRAM,C045,Control,500,1361,0.8829425999756454,0.6507941806144621,1.137605365079759,0.18966539082691675,1.40903384808938,1.2401072716735304,1.0171354777801926,0.9750232055385519,0.9558602416825247
CETRAM,C045,Control,700,1361,1.001955496477348,0.774376571125455,1.1374151446763427,0.23484811170584619,1.49647775103731,1.3841927841642645,1.1785124480531721,1.1462672350679521,1.1051322791653908
CETRAM,C045,Control,1000,1361,1.008196077511807,0.8829425999756454,1.0674875514010023,0.20799748624665926,1.5082050419444715,1.3645499146476512,1.1801511626951795,1.1635158399247185,1.1573218986385003
CETRAM,C046,Control,250,1257,1.1863220607890987,1.1646059433501263,1.1881928962160102,0.14620869584225044,2.060749408667683,1.6747029138070375,1.3730491343698699,1.2418814683078339,1.2232041662538238
CETRAM,C046,Control,350,1257,1.1478714272230548,1.2064524498940898,1.1492667123431988,0.27668619255907856,1.8247813375330015,1.7030938321423987,1.357335772414945,1.1847095052503522,1.1636547150821535
CETRAM,C046,Control,500,1257,1.1244097945560472,1.1863220607890987,1.036077990634444,0.2682703255723139,1.7806974095221964,1.685383725056634,1.3398954035324793,1.1545574447625855,1.1037273893348802
CETRAM,C046,Control,700,1257,1.1860355833850669,1.1478714272230548,1.2014012495232025,0.18009218593554566,1.8503278233791225,1.7016639463140208,1.4210271680387823,1.2771593533276981,1.2103270751105428
CETRAM,C046,Control,1000,1257,1.1841076989911894,1.1244097945560472,1.1868880715566863,0.16201345375516743,1.8257343243223265,1.6873123673832993,1.4416686125302027,1.2711484776635813,1.2150837504354024
CETRAM,C047,Control,250,1129,1.0747521312931334,0.9417986325616932,1.231004725290536,0.37333267485561655,1.705552274026839,1.3706554672354359,1.17564229769971,1.3118518848653744,1.3256697393034558
CETRAM,C047,Control,350,1129,1.1801907768572364,1.038518732119374,1.3016865274053793,0.46019682007806667,1.8182862235614836,1.4797175501137425,1.3143208614948014,1.476277508498678,1.442989704796436
CETRAM,C047,Control,500,1129,1.1837638708549294,1.0747521312931334,1.3943728161081383,0.22814638942575668,1.969350851646608,1.5777431258660042,1.3352339227119696,1.3510416685641267,1.340250422618484
CETRAM,C047,Control,700,1129,1.2549751872633366,1.1801907768572364,1.4341353594540658,0.22847120699356505,1.9431696704972101,1.6585392637851317,1.4693491192634187,1.475445584101947,1.3999142678351613
CETRAM,C047,Control,1000,1129,1.2112914651104774,1.1837638708549294,1.2711562418685918,0.1570109819273928,1.8309569565449149,1.5956368202638078,1.4410584465298655,1.4133869663667058,1.381793228239099
CETRAM,C048,Control,250,1073,1.2178559442277574,1.5044546341079539,1.0160602041811266,0.9435663043864281,1.8035939268750578,1.5721937392617291,1.2677757608845532,1.6739764335716716,1.3470736479666092
CETRAM,C048,Control,350,1073,1.2838611569831835,1.4429556933818781,1.2662143081617518,0.5128775718409126,1.9006850510503774,1.650308985504585,1.4235237028882466,1.6242217086183373,1.5418177247591212
CETRAM,C048,Control,500,1073,1.3405829472809316,1.2178559442277574,1.4268412828371457,0.26424620405535165,1.9836682917121076,1.7224045631025025,1.5860555521992012,1.6062582595167205,1.5927244314603597
CETRAM,C048,Control,700,1073,1.29663386370815,1.2838611569831835,1.267995450352677,0.24890265213195711,1.8977267810210048,1.627166015727681,1.6015118471616796,1.5492225267683724,1.5128110767450287
CETRAM,C048,Control,1000,1073,1.3128827193418342,1.3405829472809316,1.3632327220753901,0.4259424606307252,1.8704863872380715,1.6470136178138923,1.6440116448697353,1.555979333909333,1.5643316129943483
CETRAM,C049,Control,250,1145,1.463882436165439,1.4611115156606025,1.4403114075899488,0.33622102534607873,1.5428634218114305,1.8141067679200515,1.9047828576314505,1.9236870122706031,1.8108076641987496
CETRAM,C049,Control,350,1145,1.3616109340827527,1.4524721289764488,1.3554660881110459,0.3341730346603533,1.4714658111875132,1.6436292771823797,1.7819071727850433,1.735519750905179,1.8225311278948086
CETRAM,C049,Control,500,1145,1.3587711586634996,1.463882436165439,1.3810119883281904,0.36192721196856065,1.520998274264611,1.6796421711073488,1.7362428222976722,1.7891519058209742,1.6566395139183945
CETRAM,C049,Control,700,1145,1.3421793755150673,1.3616109340827527,1.33110842022699,0.34414794115731423,1.5550215378570378,1.6906501942022487,1.6884694408742384,1.6893394668855801,1.7298540133695015
CETRAM,C049,Control,1000,1145,1.3537353786191324,1.3587711586634996,1.2967555709680305,0.34200056249499977,1.5036649405938955,1.6958591448211793,1.7376922479577792,1.7188104695818873,1.728965120875735
CETRAM,C050,Control,250,1059,0.8942524707527447,0.7406028549552015,0.9319462598544692,1.166158278468423,1.2881096835321355,1.3862943611198906,0.8571602086473327,1.1153071672402797,0.9368915499803061
CETRAM,C050,Control,350,1059,0.8679748363125459,0.8240466679118569,0.9915938049049859,0.8098104085391042,1.394369775125436,1.3659546768827677,0.8673299046784534,0.9730083812955458,0.8727926622864883
CETRAM,C050,Control,500,1059,0.8116457928066492,0.8942524707527447,0.8915304848475685,0.37755748150424084,1.4507361283509472,1.2127794886045846,0.8200062272539255,0.8813966636908505,0.8373570406168248
CETRAM,C050,Control,700,1059,0.8225348227967579,0.8679748363125459,0.8092922834474441,0.1880065770614161,1.482293009109757,1.1796563872459118,0.9059456281482171,0.8953018703584626,0.7812474473526386
CETRAM,C050,Control,1000,1059,0.8171184295924512,0.8116457928066492,0.776900276544985,0.22377121181536488,1.278983014632102,1.0847272183660854,0.9800649429304881,0.9658592692828982,0.8308984201334679
CETRAM,P001,PD,250,1228,0.9428617473719075,0.7752421196793289,1.1916620505499034,0.410979865951231,1.2775901595190011,1.3194856914477804,1.1799152359539338,1.0449081096962487,1.0624092400041492
CETRAM,P001,PD,350,1228,1.0684365874458464,0.8372139055589163,1.0912513552385896,0.1847269717850217,1.3952044289764427,1.4046081259753171,1.3770493029758395,1.2729656758128873,1.1799152359539338
CETRAM,P001,PD,500,1228,1.1622429801947334,0.9428617473719075,1.2528211007122863,0.2683016227914381,1.4542450230283983,1.5323404014320126,1.4996817853032358,1.4069949524407246,1.2901505005669882
CETRAM,P001,PD,700,1228,1.233449141476927,1.0684365874458464,1.2424220262036652,0.3571067232084873,1.513232061365727,1.6083833381207049,1.5848281693381343,1.5298701513380029,1.3750960358098612
CETRAM,P001,PD,1000,1228,1.2736471352821206,1.1622429801947334,1.2934839665597118,0.3266885519912779,1.5729487202672217,1.6511843350303563,1.6607000213042027,1.5769841675843619,1.3857855847161404
CETRAM,P003,PD,250,923,0.3014602681304228,0.21684561413027117,0.43098918150997234,0.30860490553002967,0.4993334607284516,0.3729419164026044,0.35360572256482276,0.3501496353038098,0.36187467203330265
CETRAM,P003,PD,350,923,0.394609842530022,0.3343019090677779,1.0245954673136688,0.28802201421535084,0.6657909285514454,0.49855833594396787,0.4467318975246552,0.4610479404597118,0.4676311488921051
CETRAM,P003,PD,500,923,0.43878904239243555,0.3014602681304228,0.5541991535466899,0.3197782499865564,0.7425933717178756,0.5327918248923994,0.4912319298655895,0.5222103243130141,0.5528288940644746
CETRAM,P003,PD,700,923,0.46719062992110755,0.394609842530022,0.5635382109392144,0.29177454480864684,0.8250954062327043,0.5781271526604722,0.5288221194009107,0.5401818640716376,0.5525486207123302
CETRAM,P004,PD,250,811,0.5524196567774926,0.5665062523718698,0.5311477428764333,0.22394163476125872,0.5143702479944119,0.5571004851923299,0.704793036974678,0.8191269834205073,0.8477853086054831
CETRAM,P004,PD,350,811,0.45027613150573964,0.6704733798617254,0.6643980021447053,0.35060848941239064,0.5284832178684993,0.4236994232433369,0.5376755636915571,0.6664583019466142,0.7186115194258806
CETRAM,P004,PD,500,811,0.5250547451299987,0.5524196567774926,0.5342790250761877,0.31109889563908816,0.6105101630263087,0.48080993158319624,0.619133012636863,0.7831196346957927,0.8739121304419748
CETRAM,P004,PD,700,811,0.5659380230001224,0.45027613150573964,0.7086734589482878,0.3253608509504888,0.5762244996500293,0.5134145830060438,0.706280946480259,0.8631819596623559,0.9174007520538778
CETRAM,P005,PD,250,1329,1.0452327134853463,0.8800653582730049,1.0640559116419186,1.300538545659568,1.329135947279942,1.3758956538989922,1.2169319489684411,1.325385608032898,1.2867647657728576
CETRAM,P005,PD,350,1329,1.1080630071171615,0.9812185563884149,1.1570377458600407,1.3097235729085768,1.338465273430009,1.3927788673991515,1.32367443725442,1.4597488096690436,1.3897605690963768
CETRAM,P005,PD,500,1329,1.2114038253355648,1.0452327134853463,1.3014896437456724,1.0847219909009134,1.5169535641203173,1.5096175771518894,1.4856480137065144,1.5649861498632667,1.476581207791991
CETRAM,P005,PD,700,1329,1.1723752984736113,1.1080630071171615,1.191994815407357,0.27021498830414065,1.5839125832893188,1.5314390916115537,1.4328611395970376,1.4213856809311607,1.36846857716729
CETRAM,P005,PD,1000,1329,0.77774901387428,1.2114038253355648,0.5429029865177476,0.1432453693329155,1.1552307499373733,1.076364618929508,0.9528080318369884,0.8647615628387332,0.8343909615949667
CETRAM,P006,PD,250,925,1.2132787061321053,1.534119027111823,0.9701919759091912,0.9220610235425893,1.3931830221150758,1.4378280112350734,1.3677409532241427,1.7439688053917066,1.6405284995041316
CETRAM,P006,PD,350,925,1.304838274826158,1.3847049328696135,1.309834888383344,0.4074294875143328,1.4120689838085059,1.520772275348444,1.6478221554424157,1.8470221479031046,1.6050806070651447
CETRAM,P006,PD,500,925,0.6969041126643655,1.2132787061321053,0.5650941416487429,0.3940347534813617,0.7945673590058486,0.7728280020789153,0.827492132551375,0.9789098666259226,1.0160137651253798
CETRAM,P006,PD,700,925,0.7704974108424054,1.304838274826158,0.6601031587742348,0.3080497685844546,0.8939847771454901,0.8443457599228563,0.925247043896226,1.0682934260244872,1.1352168715914257
CETRAM,P007,PD,250,1309,0.5007162160464771,0.3859144871109336,0.5243378075012278,0.23839755975838653,0.9508027841792986,0.7202758479481979,0.5150770726233489,0.5410220229970074,0.5036094891483645
CETRAM,P007,PD,350,1309,0.45784693380256514,0.4315656334204614,0.4949023532187494,0.18617234334713284,0.9161312295211572,0.6495645062847655,0.49126159765379057,0.47313849926266377,0.4344089021020545
CETRAM,P007,PD,500,1309,0.5451982375128932,0.5007162160464771,0.7057567237178023,0.21480139580173452,0.9317676651015835,0.7470438861263774,0.6130880329538122,0.6148812821834061,0.5701883075001576
CETRAM,P007,PD,700,1309,0.5076791728818089,0.45784693380256514,0.5802888663910869,0.21261616311206466,0.913237096002297,0.658366191667366,0.5903076012295141,0.5616297668213325,0.5429475133793671
CETRAM,P007,PD,1000,1309,0.4628163816968952,0.5451982375128932,0.6577287383619055,0.23163225263325873,0.8876704292598613,0.5907068272704988,0.528304316333402,0.5082515767473699,0.4859679470065488
CETRAM,P009,PD,250,1229,0.6292533243745506,0.5801362599335226,0.6368905271270384,0.9160481370825105,0.8672911216886678,0.7608994163006123,0.8254327775829557,0.7570170289878807,0.7385436763139409
CETRAM,P009,PD,350,1229,0.6656735756303614,0.5804205808997569,0.7751457923417018,0.8723137387150034,0.9175061344877237,0.7817864859185021,0.8582845011118669,0.8218403973506653,0.8154068530538228
CETRAM,P009,PD,500,1229,0.5462718467116066,0.6292533243745506,0.4930549018898125,0.32221840938603424,0.796177113666374,0.6984014398310183,0.6809112103240782,0.6354291696152984,0.6370577139089018
CETRAM,P009,PD,700,1229,0.3922935829606699,0.6656735756303614,0.3051621305375698,0.2595814746872321,0.5536630395287825,0.5255229272684262,0.49968773527628085,0.4408063742765886,0.43723871643532547
CETRAM,P009,PD,1000,1229,0.4437953648288161,0.5462718467116066,0.39515099066399584,0.7078096937312788,0.5398122013831652,0.5594687995497747,0.5641177766146122,0.5494498561380915,0.5520685823000397
CETRAM,P010,PD,250,1361,1.0267501195952289,1.1874321062939792,0.8564116993121573,0.24745083424317096,1.6414406435202742,1.4684864516735716,1.1810190636365265,1.1480661229575304,1.0309172758967582
CETRAM,P010,PD,350,1361,0.30514641557347894,1.1587815738290075,0.2648103349494993,0.14987535199937282,0.8561015230352736,0.5294892597010348,0.2783290580917314,0.20056990425105942,0.17858618861186434
CETRAM,P010,PD,500,1361,0.4345537588844898,1.0267501195952289,0.24483188432587233,0.13299447835669315,1.0174396456621961,0.7075466969134235,0.45794964699058394,0.3419948524165406,0.3131155505416063
CETRAM,P010,PD,700,1361,0.49765230293884644,0.30514641557347894,0.9905994648762529,0.11381152344496523,1.0891710562014634,0.8008084765568445,0.5417994893570844,0.415184116994142,0.37176780737085885
CETRAM,P010,PD,1000,1361,0.5658120034261909,0.4345537588844898,0.9927862698299246,0.10431586398786018,1.1121698202301629,0.8715952950908252,0.6694629594781856,0.5004172773560048,0.4629991501817135
CETRAM,P011,PD,250,1175,1.13804947545838,1.1396105498998996,1.3700177541258465,0.3027590610531164,1.6739764335716716,1.431825745927844,1.426264929449928,1.3988056950089987,1.1927255802385883
CETRAM,P011,PD,350,1175,1.1439710472239106,1.1507208309213819,1.1145810649695498,0.23414944934604887,1.6999519199749322,1.5030848408635225,1.3831247863586116,1.3752036744257325,1.2169319489684411
CETRAM,P011,PD,500,1175,1.1513101349530352,1.13804947545838,1.0641930033106413,0.2219606528207451,1.582540948969651,1.4971377436657336,1.4129910880881342,1.4087672169719492,1.292768303109067
CETRAM,P011,PD,700,1175,1.106641212157292,1.1439710472239106,1.0739040906974717,0.2573495837942409,1.6462674717131929,1.4519368906318508,1.3116947468717033,1.3274231065337463,1.2380351617851244
CETRAM,P011,PD,1000,1175,1.0920989072578027,1.1513101349530352,1.0544322353411808,0.32750106004876905,1.4958531322619517,1.434955468052259,1.3217194293431267,1.3232280522467543,1.2653300410317965
CETRAM,P012,PD,250,929,0.6940184745758243,0.5746965477018684,1.5307907872047963,0.2536789981948195,1.0251253819438306,0.8781260646815817,0.8452166941833791,0.8196717941122725,0.8290302578599467
CETRAM,P012,PD,350,929,0.7725225751891605,0.6078300777028813,1.4221925385869616,0.3567712167867057,1.115001900097095,0.9493047663538883,0.9575912443650546,0.947789398933526,0.9008530324895723
CETRAM,P012,PD,500,929,0.8485817917019375,0.6940184745758243,1.2901610017941034,0.21137768654507882,1.249003094408186,1.091520060358618,1.0295555826402665,1.0154289645658754,0.9638056074816682
CETRAM,P012,PD,700,929,1.0093317773930115,0.7725225751891605,1.4884917734742067,0.120023830487633,1.4345050502774535,1.3052025712969346,1.256396033345249,1.2050651037245448,1.1254853069192061
CETRAM,P013,PD,250,1162,0.6429187036428046,0.5759333909847965,0.8346616579882318,0.6899070323976864,0.8660037959265992,0.7957293419344543,0.8109302162163288,0.778087857209029,0.7936884097818228
CETRAM,P013,PD,350,1162,0.46247391110960373,0.6348871803577951,0.4001298656483489,0.48003604354549895,0.636822413839755,0.5492085653425358,0.5404437072903995,0.5837713282423829,0.6410694955056452
CETRAM,P013,PD,500,1162,0.45995998456483544,0.6429187036428046,0.49130877126045347,0.26691843464806525,0.5765012642597876,0.5109981714327115,0.535418679384803,0.6168413158693562,0.6965822480148253
CETRAM,P013,PD,700,1162,0.517632272603643,0.46247391110960373,0.5573543192679937,0.13254406582716502,0.5810618866211217,0.5745620380681712,0.6334290907166782,0.7019850639802441,0.7753084538851215
CETRAM,P013,PD,1000,1162,0.5181211309169915,0.45995998456483544,0.8117690955629288,0.0877004945356916,0.5726142775105082,0.5880634409513611,0.6442351152836182,0.6977872942901817,0.7484253306090852
CETRAM,P014,PD,250,678,1.295000245009559,1.26141889644246,1.357147987677188,0.6428688862647,2.003517698317139,1.8079672794549084,1.3570239788197773,1.5742092205503564,1.4680837941283686
CETRAM,P014,PD,350,678,1.3327404388383617,1.2997416726805588,1.3758705006624683,0.2217051105226943,2.0838179162796346,1.744438813037983,1.540445040947149,1.550597412411167,1.5726239393113841
CETRAM,P014,PD,500,678,1.3550408260989166,1.295000245009559,1.4405821108793357,0.26163545969589563,2.0592817077358143,1.8279690730983242,1.5480777260387115,1.5554185827373115,1.6281957895046573
CETRAM,P015,PD,250,768,1.335328171185577,1.4945952213592273,1.4615770422126846,0.7841317350805534,1.9084195401398145,1.918586044780759,1.400241588600741,1.556037135706985,1.6951326335389834
CETRAM,P015,PD,350,768,1.2346730357354154,1.3291124104779595,1.2389744365378808,0.269200997126871,1.9482116460435925,1.6315518356926066,1.4178427188548166,1.3879821252336104,1.5237653517484935
CETRAM,P015,PD,500,768,1.2916960639181396,1.335328171185577,1.2963616862091754,0.17645674511770598,1.9459101490553135,1.7004096906398272,1.5234954826333758,1.5110851339336788,1.5010698757123189
CETRAM,P015,PD,700,768,1.3114039025614357,1.2346730357354154,1.407739587626749,0.24669680789166232,1.936297771293647,1.7283336665762727,1.5322039435718486,1.5625209926463488,1.531624048731769
CETRAM,P016,PD,250,1026,1.2700831672886648,1.2431840741991411,1.4022260574870127,0.685976405180451,1.8529138923813857,1.7180284999063196,1.686996146779975,1.247935927747052,1.5419966316385678
CETRAM,P016,PD,350,1026,1.2878695264187807,1.2359730825189346,1.4915410663801887,0.4258172911621328,1.8967774604776686,1.7441980580291159,1.6343354640558276,1.3440615974966177,1.5367275645470164
CETRAM,P016,PD,500,1026,1.3599528389520714,1.2700831672886648,1.5252580437350942,0.6394737406705251,1.9348990267921957,1.7380963403167484,1.758861765720996,1.5300010817860656,1.6107109870808984
CETRAM,P016,PD,700,1026,1.374177068099368,1.2878695264187807,1.51130477363107,0.5112422917208566,1.9126353601704411,1.773981223206771,1.7441314202388003,1.5655624804269548,1.661785073078187
CETRAM,P016,PD,1000,1026,1.0940913768826506,1.3599528389520714,0.9583588712426344,0.26619279445278526,1.688537991818978,1.39002039282795,1.3265847562012614,1.2604189392390115,1.2983276004710815
CETRAM,P017,PD,250,983,0.9778439866687634,1.077521024427289,1.0527744939092882,0.16586749762288147,1.654713134496088,1.3905709178871508,1.2282654968949804,0.9832582073271295,0.9195374879730249
CETRAM,P017,PD,350,983,0.9409891137102079,1.159001342648364,0.7526744532688243,0.13872078441979224,1.6728597388715964,1.3376138400622402,1.1235286399326443,0.945953923697714,0.9228385908452863
CETRAM,P017,PD,500,983,0.9723671348808548,0.9778439866687634,1.0656520928497375,0.11353633714749006,1.671416341147961,1.4163266482187657,1.1300245213110307,1.0093990759265385,0.9407545167479151
CETRAM,P017,PD,700,983,1.0369392463468112,0.9409891137102079,1.1452454488159949,0.10059582057726758,1.7405337789508601,1.4533806543362606,1.2314360172619676,1.1113132438626743,1.03659885359545
CETRAM,P019,PD,250,1073,1.044365298648216,1.0409289870038185,1.4652272499965089,0.3223599451720241,1.834319083646851,1.375070898750041,1.183246673808819,1.2382113778550572,1.016276002007474
CETRAM,P019,PD,350,1073,1.238075168995962,1.099754359629332,1.7489363287927826,0.44063459885404493,1.8974796324351633,1.5240201612797486,1.493925025312256,1.5665304114228238,1.3143208614948014
CETRAM,P019,PD,500,1073,1.2308637293391786,1.044365298648216,1.43664586586867,0.41943475163683186,1.890850371872286,1.512793509616639,1.4759065198095778,1.5326018634861232,1.3751831356948199
CETRAM,P019,PD,700,1073,1.2599244064411166,1.238075168995962,1.3711325266693182,0.3574634823251585,1.861010705268827,1.5506492111213905,1.5048261800385152,1.5417084649939208,1.5438656468346867
CETRAM,P019,PD,1000,1073,1.2801878518961183,1.2308637293391786,1.2482550623843311,0.34767683064316907,1.8168055011541426,1.6178163870012177,1.5456833976087379,1.5741310986019554,1.5098112513832163
CETRAM,P020,PD,250,1480,0.9690236562926973,0.9749460109101878,1.1075007929062575,0.5493579787204396,1.3782621894226263,1.142531522602945,1.1215207794649797,1.2428618975126564,1.2981459743431856
CETRAM,P020,PD,350,1480,0.8471066008248815,0.9892679093268935,0.6979376047355987,0.6621626101230017,1.2077630804997168,1.1080760816990598,0.9531243592780657,1.068554207831437,1.003793630131975
CETRAM,P020,PD,500,1480,0.9206715858794858,0.9690236562926973,0.9239943413600844,0.6191186056081355,1.277359677756222,1.1686993466790403,1.0544898526275042,1.1772294793504252,1.1285188237246957
CETRAM,P020,PD,700,1480,0.9188302296715423,0.8471066008248815,0.9510592410889991,0.43562019316655426,1.2252692529129867,1.1677933823965512,1.0920895683185214,1.1415123602312827,1.1602424219097238
CETRAM,P020,PD,1000,1480,0.967960195803947,0.9206715858794858,1.020314350333789,0.3026909862312542,1.3108689674688347,1.2157459917228075,1.1449237754731363,1.1972753634827455,1.2528427292132567
CETRAM,P020,PD,1400,1480,0.9637696408093346,0.9188302296715423,1.0246578267705906,0.3686324506442003,1.3081068489722356,1.2360130922270023,1.1292551465618808,1.1808945306813683,1.2372640201806075
CETRAM,P021,PD,250,1118,1.2541344351103636,0.9769077507067561,1.7953406298380474,0.32368399607883536,1.9722478449403487,1.613595922582764,1.4799798451972137,1.5184661342283736,1.3450127021465867
CETRAM,P021,PD,350,1118,1.3221290130862067,1.1578466221440682,1.6626674320005583,0.40589787465858806,1.9475414707873975,1.6727964924318228,1.6504459361614774,1.529937063348734,1.567389676190601
CETRAM,P021,PD,500,1118,1.3861402495618904,1.2541344351103636,1.593022421101035,0.20764695528452717,2.0038432079996435,1.7712899529441715,1.688949975361834,1.6662217242842778,1.604635982438693
CETRAM,P021,PD,700,1118,1.3960186667509853,1.3221290130862067,1.454258112547075,0.320999052841008,2.062544264232528,1.7673680161038958,1.7394791138415393,1.634322555749978,1.6153030318864985
CETRAM,P021,PD,1000,1118,1.383236964695168,1.3861402495618904,1.4156654627156304,0.27121194371310686,1.9497449105961684,1.7473229036482172,1.7059308244874747,1.6532805502982768,1.6695561794875768
CETRAM,P023,PD,250,1056,0.15831084340105633,0.8106728175667378,1.015794055036807,0.2813942409306591,0.3945297473381087,0.1955401575746976,0.17958557697507987,0.14974538635934195,0.1388364448542158
CETRAM,P023,PD,350,1056,0.12820408459098506,0.41189389685441025,1.3219057598980817,0.22620928515623215,0.38511709223058327,0.17205609589270213,0.12552157660281496,0.10517323220377202,0.09142194428068909
CETRAM,P023,PD,500,1056,0.16609130057409988,0.15831084340105633,1.3791493111441935,0.21542138636342228,0.4818655452761277,0.23117441885362322,0.15813509393347586,0.1394259120240029,0.12157661084266715
CETRAM,P023,PD,700,1056,0.22540302061188142,0.12820408459098506,1.25415435502637,0.2307721496252066,0.5819647514932561,0.3059369789862687,0.2241136054618111,0.20726050514120672,0.19744327544698526
CETRAM,P023,PD,1000,1056,0.29214439211422455,0.16609130057409988,1.3690790579975816,0.23513430527044996,0.6876980646088704,0.38927433831396396,0.30217258162998695,0.28665170599178136,0.2775486046619107
CETRAM,P025,PD,250,1232,0.9388072430560885,1.0090340519187282,1.1937751713058424,0.5158202638764731,1.0276147389287802,1.27057872334686,1.2333448826382662,1.1968043148473235,0.9590018499672048
CETRAM,P025,PD,350,1232,0.9889897322548347,0.8750619237181873,1.3752734573372172,0.323507365319384,1.2374358465092128,1.2615306817486782,1.2603992430203566,1.2338782871048406,1.1408450522913827
CETRAM,P025,PD,500,1232,1.0091107564233754,0.9388072430560885,1.225689772301984,0.6012155665332101,1.2887858207447496,1.337320356523431,1.2439281814035303,1.2489765194428648,1.1418716287493516
CETRAM,P025,PD,700,1232,0.9520169230242314,0.9889897322548347,1.056079971344691,0.4648740005881099,1.2135675519092033,1.3031604608766814,1.1842353214876147,1.1207772097636752,1.0902556940771684
CETRAM,P025,PD,1000,1232,1.0440030064460113,1.0091107564233754,1.112204080904091,0.5312794185654363,1.3605598993909922,1.4129552778717105,1.2918341601172703,1.2178589942146536,1.2341733006618507
CETRAM,P026,PD,250,1044,1.242667373405391,1.2395089408379474,1.3318669334483857,0.16348610984681575,2.16374864813983,1.6329684098442945,1.4820984900574987,1.3766324502081537,1.2795263856941845
CETRAM,P026,PD,350,1044,1.283662853851709,1.2196039798250127,1.479624460298886,0.15168940437637166,2.0874097113290127,1.6978276493938513,1.5343474610790304,1.4512139072192063,1.3824407918039006
CETRAM,P026,PD,500,1044,0.9249545632442278,1.242667373405391,0.9506592493768556,0.1591911000222221,1.4547726133460164,1.2281382632177142,1.1441108310722667,1.0342390626417217,0.9817967052328552
CETRAM,P026,PD,700,1044,0.9663399007829613,1.283662853851709,0.834061921543358,0.09107125981647375,1.506263872737145,1.3170202352364853,1.160487692386197,1.086923084852432,1.028273110142238
CETRAM,P026,PD,1000,1044,0.7854189062736984,0.9249545632442278,0.7520089608315966,0.13146966355908626,1.2609048388168684,1.0851352045032043,0.9219281793564764,0.885099119396148,0.8089592174084576
CETRAM,P028,PD,250,1201,0.9821180864896586,0.887177710698365,1.1145021163875386,1.0501094550619188,1.1677697556619755,1.2678462107066966,1.196709649253463,1.2381285609769301,1.2480422673604306
CETRAM,P028,PD,350,1201,1.0507484668454699,1.0223930411961526,1.260979313718266,0.7916255962227938,1.3845027810646864,1.3590754118785764,1.2132414582274709,1.3090630131839005,1.3602221208101155
CETRAM,P028,PD,500,1201,1.0625170113248577,0.9821180864896586,1.16089954137463,0.43053595511936205,1.465366979792532,1.416935955404592,1.269466109686623,1.2531245667636364,1.2807498697463398
CETRAM,P028,PD,700,1201,0.9948397958041195,1.0507484668454699,0.9940538423253166,0.5315212471218822,1.3327166711662408,1.2766480668565687,1.2419668267352086,1.152272219432806,1.2739070608257876
CETRAM,P028,PD,1000,1201,0.9886397746695597,1.0625170113248577,0.952924217164443,0.9922452503183979,1.2792420839352419,1.2486756427864814,1.2565781627509562,1.160604806810205,1.2754384380650683
CETRAM,P029,PD,250,1302,1.5204273804664072,,1.4124198894106006,0.06996683355517958,1.0617506953639515,1.4604023332736125,1.9207515894191585,2.388762789235098,2.6026896854443837
CETRAM,P029,PD,350,1302,1.3144772574235988,1.7943708479685447,1.0728432247162227,0.05741531821316637,1.0284413294737274,1.334082652462978,1.6567840330312988,1.9895852125579747,2.155427448657758
CETRAM,P029,PD,500,1302,1.3470931107377493,1.5204273804664072,1.229783373495421,0.14047677800681974,0.9737399356072387,1.3519882377789358,1.7727391445490248,2.0841474327172484,2.0794415416798357
CETRAM,P029,PD,700,1302,1.3373751588981082,1.3144772574235988,1.3979663003382714,0.10871607778553138,1.0773225354664062,1.419468134801889,1.697206578365639,1.9986424996704846,2.065794627838654
CETRAM,P029,PD,1000,1302,1.2618860266857441,1.3470931107377493,1.1990056503570914,0.0951772898833188,1.015339441608349,1.2983388455864844,1.6224231469824224,1.8907950391844865,1.9804067617423056
CETRAM,P030,PD,250,1421,0.7120243569426172,0.46352481777645205,0.9483307169593601,0.07678569756630356,1.1122770975698317,1.0508705257828945,0.920071454714061,0.7443229131784477,0.5774366845055342
CETRAM,P030,PD,350,1421,0.6944840633347757,0.5831480894648207,0.7059992242017008,0.2372391760471501,1.0647816866536735,0.9198478721300448,0.8908000481006889,0.7748157846821173,0.7091315368683817
CETRAM,P030,PD,500,1421,0.6973953994447988,0.7120243569426172,0.6893426427684111,0.21331632117299135,1.0556406506457698,0.9075487529780367,0.8951772514318087,0.801147067154702,0.7105672006731232
CETRAM,P030,PD,700,1421,0.6760457097080417,0.6944840633347757,0.6736918937789115,0.361593288848367,0.9507635489181285,0.8553498150350651,0.8725866466922971,0.8021258761785888,0.7495688723503856
CETRAM,P030,PD,1000,1421,0.7388459838906452,0.6973953994447988,0.7241496358021035,0.4561652542400977,0.9723138295215706,0.9248816449897957,0.9586310239979606,0.9105663657363103,0.8279879399367471
CETRAM,P030,PD,1400,1421,0.7672300163955074,0.6760457097080417,0.7955975670235754,0.33978590158857147,0.9725708969993798,0.9839750452052655,1.023828543924048,0.922400561048711,0.8393209665996444
CETRAM,P031,PD,250,1140,0.7883584493354823,0.7875764660904375,0.776277664849966,0.32886350798822545,1.2023087126546257,1.1583622930738837,0.9655522606528332,0.7891757511997638,0.8550951708472353
CETRAM,P031,PD,350,1140,0.8769139697687743,0.7894716644319277,1.020928038345858,0.3834301502369208,1.21581575630934,1.251144408659957,1.1066260693916634,0.9466998685643131,0.9443832481465355
CETRAM,P031,PD,500,1140,0.949432810432825,0.7883584493354823,1.0368454670636003,0.23112909487240746,1.3397934081726466,1.340392583526328,1.2021232689023267,1.0448610331497754,0.9797809249987451
CETRAM,P031,PD,700,1140,0.9534199631782135,0.8769139697687743,1.0818248674646544,0.3005995077708678,1.3561425499904938,1.3753295184277377,1.166931532645587,1.0573312078472905,0.9788725639504107
CETRAM,P031,PD,1000,1140,0.9845060657494369,0.949432810432825,0.9934242137375902,0.19500566485524481,1.4199788261913224,1.388149305075993,1.2287468872333833,1.0826078609104162,1.0260737248634622
CETRAM,P033,PD,250,1340,1.3046209656276018,1.339044088421039,1.3050202877709334,0.6486777727420803,1.6038146548797383,1.7849797822426763,1.6355642170263205,1.5253547952235589,1.550597412411167
CETRAM,P033,PD,350,1340,1.3186198563069484,1.3350557424715004,1.494293161716093,0.5813063058633302,1.701186653724608,1.8635033740868963,1.6306401200847034,1.492713638125959,1.5112976447497612
CETRAM,P033,PD,500,1340,1.3110613003878406,1.3046209656276018,1.3630470592797326,0.5164897632103415,1.7764418830878848,1.801886138045984,1.5801737376320242,1.5294640729125144,1.5111232236094767
CETRAM,P033,PD,700,1340,1.3388488988435077,1.3186198563069484,1.360015704392515,0.5599480309175451,1.7830465428211313,1.798679912072629,1.6267370796969125,1.5849246559557693,1.5847591501633254
CETRAM,P033,PD,1000,1340,1.3333500464466763,1.3110613003878406,1.4051252174484254,0.20566744040913837,1.8477387369699563,1.7275570260637363,1.5990024679875081,1.6053664297683121,1.621909879857693
CETRAM,P034,PD,250,1041,0.816493114582309,1.1279986227780892,0.6371496253879976,0.5168496633835636,1.1125497965118913,1.0600930837863187,0.9646272784354458,0.9706848039399538,1.0615710169877606
CETRAM,P034,PD,350,1041,0.862679014255184,1.1066838682251667,0.9085445653398189,0.9576168294190265,1.0866001322201062,1.1342813648748444,1.0043979993844219,1.0657145851610508,1.1314021114911006
CETRAM,P034,PD,500,1041,0.9102922187083328,0.816493114582309,1.1827635826495442,0.6847654219773679,1.1435896754297574,1.152826105262257,1.1044026928028141,1.1339289605930096,1.1770169943374078
CETRAM,P034,PD,700,1041,0.8934254101026056,0.862679014255184,1.0939720613151511,1.071134649522702,1.1159145005216167,1.1527988488012277,1.0708630413060574,1.1150557573932258,1.1409043055034178
CETRAM,P034,PD,1000,1041,0.6509702851719561,0.9102922187083328,0.5922955405564844,0.31704905342289613,0.8972940823257857,0.8182525384167119,0.7788787585918132,0.7948524401279777,0.8284412951207692
CETRAM,P035,PD,250,1002,0.6688365122844429,0.5019200703875699,1.057620705205475,0.499580452668649,0.9908594273716635,0.7514374564335774,0.761122585450726,0.8509919909273457,0.9704016298494671
CETRAM,P035,PD,350,1002,0.6097034154688679,0.584959271924386,0.7357216161537139,0.46162279566188635,0.8956714446714193,0.7003829082298758,0.6866573696545729,0.7777045685880083,0.8718730170723444
CETRAM,P035,PD,500,1002,0.6247312770449458,0.6688365122844429,0.6179801773093349,0.4760239524487384,0.9092845311109394,0.6850052338662788,0.7225448108633532,0.8089734981811428,0.9049811535169686
CETRAM,P035,PD,700,1002,0.6469264522334475,0.6097034154688679,0.6108951029543508,0.48436422662979906,0.8932646639203035,0.6968733898126326,0.7585736575074482,0.8658898758474574,0.9333260120790959
CETRAM,P035,PD,1000,1002,0.5808794170552076,0.6247312770449458,0.5417766820622771,0.43209352362734504,0.9218799854230172,0.6639188761928455,0.669888945456717,0.7271010594902891,0.7650964228493552
CETRAM,P036,PD,250,1456,1.4132366122278648,1.313146120227771,1.6568081858536587,0.5749956772479696,2.085672091430472,1.7709974777796258,1.6654171801760016,1.8470221479031046,1.479820419130714
CETRAM,P036,PD,350,1456,1.3476000117474112,1.3915223771283904,1.3779838611561064,0.24904256854702295,2.0865301789575703,1.796510071986653,1.5723966407537513,1.5945122622174248,1.4626319886008816
CETRAM,P036,PD,500,1456,1.2566968453124003,1.4132366122278648,1.3657615110643342,0.208719808007571,1.9426791284738667,1.6539150264391929,1.5140654253927697,1.4157082463261839,1.456911928333844
CETRAM,P036,PD,700,1456,0.9755407108992816,1.3476000117474112,0.9934800426865575,0.19349981453131898,1.5371355099695772,1.2832785124213186,1.1528074035310907,1.132522420315563,1.0810549264872933
CETRAM,P036,PD,1000,1456,0.9122111776532613,1.2566968453124003,0.9262767462233903,0.25167129177133024,1.4208475957993507,1.1616284598437006,1.0905821975971972,1.0824977345847475,1.0318473966819726
CETRAM,P036,PD,1400,1456,0.8956992393426226,0.9755407108992816,0.8585659851752905,0.2654881857979026,1.390007315900793,1.15003873654978,1.0651935504022154,1.0671639348084174,1.0021926340046075
CETRAM,P037,PD,250,1078,1.3818299906874896,1.4026145535542782,1.5411029118463246,0.11372764020509807,2.111655161663491,1.8675975456195597,1.672898266351326,1.5553706911638245,1.5149117389419842
CETRAM,P037,PD,350,1078,1.362096415979659,1.3670957888034185,1.3134359341517263,0.23587273893620536,1.9646241454866868,1.8057849445825596,1.6186972378468971,1.622938599653003,1.5614984501449813
CETRAM,P037,PD,500,1078,1.3680840368064282,1.3818299906874896,1.3029311508306516,0.13570756468080544,2.1493486292901904,1.8775836537880128,1.6341305250244718,1.563463164518189,1.381137052112746
CETRAM,P037,PD,700,1078,1.4090620056559167,1.362096415979659,1.360043499520224,0.1403877573620634,2.2079080460521374,1.9720784065435084,1.665608183901155,1.5756149060987572,1.4561090174201887
CETRAM,P037,PD,1000,1078,1.364265306568192,1.3680840368064282,1.374124090593152,0.17238732756816255,2.051806444788241,1.8701844385271778,1.6193150548321917,1.5650307668266434,1.481786100521652
Cruces,B01,PD,250,485,0.48221339162115306,0.3444618682180782,1.3755641658413584,0.17399225175026453,0.810272537797358,0.7198946889269735,0.5728980524083683,0.4825551898277352,0.46116551608801865
Cruces,B01,PD,350,485,0.5289332644212681,0.36661989760532643,0.6671516437544,0.5156937924312613,0.7645030902710436,0.7771958039500513,0.6269501784655874,0.5694306522242094,0.5776762846619414
Cruces,B02,PD,250,720,1.179381538654648,1.466173143674889,1.054905836820296,0.3411849823235661,1.1478093704423427,1.3904872393799266,1.5945122622174248,1.6486586255873816,1.3786897617346714
Cruces,B02,PD,350,720,1.1580780951304914,1.5935563573449099,1.0932114912997497,0.5560258940995454,1.3836731276400163,1.2799796469163824,1.419729137206128,1.620190704210362,1.5573088469991538
Cruces,B02,PD,500,720,1.0660614480422825,1.179381538654648,0.8385745022208173,0.24856818819501578,1.0694455664159048,1.2314935566625174,1.367945222451694,1.5141277326297755,1.364035890518948
Cruces,B02,PD,700,720,0.9992801361943439,1.1580780951304914,1.0261464796862174,0.07347752641688093,1.0213802815365558,1.13298333179258,1.2625297308850825,1.3744377479633656,1.4315194591248266
Cruces,B03,PD,250,739,1.0148341448591827,1.2038338633560501,1.1438316955578336,0.46987896933581297,1.0118472474353606,1.033579818397255,1.3356933478261013,1.32004497557869,1.7578579175523736
Cruces,B03,PD,350,739,0.9998448490229045,0.9701949728184702,1.081328836754181,0.46205161416201707,1.0661651199751994,1.0585419577916728,1.304355918281455,1.324650198008684,1.5571872220902225
Cruces,B03,PD,500,739,1.0454076569563862,1.0148341448591827,1.183876929374094,0.45580435937125974,1.0694914569687208,1.1046913347444918,1.4046114890324706,1.4269024290161616,1.5121746070088935
Cruces,B03,PD,700,739,1.1147927364882009,0.9998448490229045,1.3186627654382985,0.3340254682445375,1.1088459708611231,1.1812085307244742,1.4808032588300613,1.5320512488186802,1.6509553172744527
Cruces,B04,PD,250,460,1.218013565298715,1.4867096483277924,1.58202423464565,0.4260043130411701,1.494903020500233,1.4504563053371764,1.5085119938441398,1.5163474893680884,1.7346010553881064
Cruces,B04,PD,350,460,0.873432688168273,1.4458749517008829,0.7437801280927195,0.40028576949848294,1.1304766139701576,0.9644954626731317,1.037639659191994,1.1717877807813908,1.256004462419539
Cruces,B05,PD,250,393,1.0362681108432175,0.9490613920959488,1.2626135814524109,0.2383822456950961,1.844010159571933,1.4481026484917667,1.1226417133949451,1.0741835929831478,1.2288150391205217
Cruces,B05,PD,350,393,1.1552694635627998,0.9556745066595262,1.5208097134054128,0.2567139076627945,1.9531631273603287,1.5398290877401168,1.3448211129133156,1.2284873700895218,1.3732563667817608
Cruces,B06,PD,250,384,1.3916103817674172,,1.5452367587981,0.23267634078623622,1.9060089323031273,1.7948991892327226,1.6787726058351646,1.6739764335716716,1.7147984280919266
Cruces,B06,PD,350,384,1.407635329871642,1.448422277731937,1.5804156838911234,0.8535913950978373,1.9369974340847378,1.7320402345264327,1.8053651212838335,1.667196746586293,1.7301516598385647
Cruces,B07,PD,250,442,1.4429643537712291,1.3811744993322805,1.6920036571317802,0.44301116961301107,1.5713898447965706,2.159484249353372,1.9286186519452522,1.766441661243765,1.149164567830941
Cruces,B07,PD,350,442,1.3963814353040482,1.5086581786599573,1.4629971862591789,0.34406852518571024,1.660553413239531,1.9215558251035492,1.9042374526547454,1.6808968764162453,1.2898806314518705
Cruces,B09,PD,250,751,1.1702109203520557,1.280637606829788,1.230367563868631,0.11865716069483032,0.9165969636940341,1.3062516534463542,1.4498077668422165,1.6717417957702552,1.929909807708872
Cruces,B09,PD,350,751,0.9380140571758794,1.2214887031388244,0.831325036806222,0.2758336714846591,0.8705793352097623,1.1631508098056809,1.1908184825348433,1.210879590539191,1.3798634707896003
Cruces,B09,PD,500,751,0.2521278274693411,1.1702109203520557,0.14249262303106486,0.11810615984255551,0.2006868042544915,0.26408948947956434,0.3091023533350197,0.37906982404120965,0.41606813672733206
Cruces,B09,PD,700,751,0.23973811837205944,0.9380140571758794,0.12712233662223132,0.06560720177273496,0.20208328188723917,0.24461515984607302,0.3028344613748121,0.3480334906447642,0.40433167810205667
Cruces,B11,PD,250,444,1.1580669836337436,1.6928835849122361,0.9752683478075912,0.33662880514544474,1.5163474893680884,1.3887665502652797,1.349926716949016,1.4746635115699807,1.6376087894007967
Cruces,B11,PD,350,444,1.081831078330745,1.4562493853953928,1.1390551492726533,0.46738676829036496,1.3881961049577083,1.292949840733238,1.324258970200438,1.3862943611198906,1.423108334242607
Cruces,B16,PD,250,492,1.2151606979373957,1.7323420639234612,1.2290905518364685,1.1386478257688613,1.5928301760344399,1.537796032775572,1.6238785965888947,1.365675073917155,1.5040773967762742
Cruces,B16,PD,350,492,1.2552605664574918,1.5836010647500056,1.5159929882646115,0.6685201861003941,1.636493340316931,1.6152182753495998,1.5767671301445516,1.4634839998110205,1.6051735136476428
Cruces,B18,PD,250,534,1.1434775712736518,1.6474919846568383,1.0549400244438736,1.0417666619642736,1.3951833085371366,1.4826254700583228,1.4634300900021178,1.3485540331370436,1.450373217804413
Cruces,B18,PD,350,534,1.162676369807468,1.0710951266635784,1.2139029252580795,0.9350976476838789,1.436188998517718,1.542581337422931,1.3483494295557672,1.410276325806376,1.5881605139868153
Cruces,B18,PD,500,534,1.1263209485261956,1.1434775712736518,1.095297059471036,1.026214149613542,1.455104567522765,1.3358049611974987,1.2940811178260991,1.5786662537673468,1.3910002521573033
Cruces,B20,PD,250,531,1.226464247638574,0.9325534238006202,1.6552459505992192,0.7533834790178653,1.4057792182520146,1.332099710731889,1.6345738857056427,1.5668782980153044,1.791759469228055
Cruces,B20,PD,350,531,1.1472129958577413,1.113110976595707,1.4571451254566536,0.4484695198770802,1.450213878833178,1.3835583813010157,1.3955110162248145,1.3862943611198906,1.691188562452793
Cruces,B20,PD,500,531,1.1295918279903463,1.226464247638574,1.2750359987885278,0.5380470281903658,1.2724621933821796,1.4396638120551535,1.3493549943332483,1.4384012779153166,1.5686159179138452
Cruces,B21,PD,250,561,0.8904472447033559,1.4724207196314054,0.7767401005619694,0.4052385995174602,0.8146176406185943,1.0427153862859857,1.2472954863132346,1.1413016973631602,1.2272296664902034
Cruces,B21,PD,350,561,0.954857607780413,1.104367190636008,0.909419495205176,0.1853957385704694,0.9076131906804672,1.0986122886681098,1.2737574414916215,1.3096017403316362,1.277019946140928
Cruces,B21,PD,500,561,0.95267546549858,0.8904472447033559,1.0608975834695518,0.15258919630484977,0.9172795256264386,1.0986122886681098,1.2207683216469516,1.3254021521353396,1.319909604458558
Cruces,B22,PD,250,534,1.107857046485788,1.1148813627613952,1.1802967003863851,0.5558451702272684,1.8137383759468302,1.3974055865449613,1.436914351966399,1.182577668785444,1.2310368743174411
Cruces,B22,PD,350,534,1.0924822557390423,1.1304701751401098,1.1238421005334855,0.387330897509075,1.8759391628064341,1.3801350807593558,1.3851031757497374,1.1882723045519386,1.1418622724619263
Cruces,B22,PD,500,534,1.1154053191720237,1.107857046485788,1.271260012775155,0.48727827036007754,1.76648736612734,1.39295154214907,1.4308034812289547,1.253956048772107,1.2321436812926323
Cruces,C01,PD,250,362,0.8353299536503893,0.6197427966438345,1.0652663510660396,0.39563764974115123,1.2813412604198284,1.1174527071300242,0.8973627219886362,1.0033021088637848,1.035723200119176
Cruces,C01,PD,350,362,0.8246413179276206,0.7149507744992681,0.9459305317155582,0.3445030605219576,1.2649006765097923,1.1104650427354184,0.8937568613480484,0.956156294316266,1.0607561059669497
Cruces,C02,PD,250,614,1.0279122016517988,1.1806769999850517,0.9122676497865412,0.9126316419014223,1.5289861231430775,1.327032897083163,1.3925249108705267,0.9914676512167819,1.328084975033967
Cruces,C02,PD,350,614,1.1244289630590396,1.0046691358774023,1.1246647293808427,1.0118615455532165,1.6101519431677573,1.4226164503172933,1.5110372477113339,1.153284287700998,1.46026171596339
Cruces,C02,PD,500,614,1.1455938368117207,1.0279122016517988,1.2972573759465071,0.9176443194859757,1.6797517501413366,1.4687380303309652,1.5864483942094016,1.1841662935270698,1.297481181840998
Cruces,C03,PD,250,508,1.0356367402139628,1.153284989809999,1.241850652218148,1.408636650126147,1.3443426494553776,1.27970760373882,1.366091653802371,1.1764120047470648,1.367602228107738
Cruces,C03,PD,350,508,1.0533065950728702,0.964480791079333,1.2359086839642497,0.4735673654825433,1.424394207352161,1.3379505259023001,1.310370517757194,1.2405825499384968,1.3308645561805599
Cruces,C03,PD,500,508,1.0448957150063631,1.0356367402139628,1.1569487992939613,0.9990548936632607,1.490523380657644,1.2618154467249088,1.3770854220345807,1.211635677071505,1.2573606777439974
Cruces,C05,PD,250,611,1.4439300072082117,1.3596130848757297,1.4869693530498742,0.5108946087721374,1.6209103135963372,1.916922612182061,1.854279826209389,1.76537271405486,1.7452394535931621
Cruces,C05,PD,350,611,1.4419104936243456,1.4581246815274402,1.3321463308611978,0.5840014205670131,1.5738107347909494,2.0699267220384976,1.8505999692509885,1.7578579175523736,1.4885249837687893
Cruces,C05,PD,500,611,1.4144731832020727,1.4439300072082117,1.356643098296757,0.46638052320092344,1.5389513886903656,1.8971199848858813,1.815799088414202,1.7337160995781398,1.7125100975739145
Cruces,C06,PD,250,443,0.7447058011293133,0.6712732793913923,0.8696338985960297,0.18824987329202256,0.8639976040422064,0.8548301061076783,0.8814361638297644,0.9867897149821925,1.1369484374116567
Cruces,C06,PD,350,443,0.7507074636007036,0.8051335551353057,0.6207502235228661,0.26465591468507677,0.8635288627321993,0.8490542740580671,0.887158832361703,1.0283354452521423,1.114448669931011
Cruces,C07,PD,250,515,1.1467900218330223,1.172967642860375,1.2688274862533078,0.3092787454837045,1.7702532640070914,1.4347343239199581,1.4475379863606093,1.3413818044390677,1.2503387248838618
Cruces,C07,PD,350,515,0.7082888485004976,1.0705756709837566,0.45656574637279423,0.7159419160139027,1.1217735780253741,0.8452235505713805,0.9066239051336954,0.7926038763261187,0.8722122429172112
Cruces,C07,PD,500,515,0.706708057460629,1.1467900218330223,0.5813459591544308,0.37784744053977576,1.1191452536298665,0.8701469930949285,0.8625971852310496,0.8206326654773496,0.8411816333697676
Cruces,C12,PD,250,534,1.2093103753842842,1.1589964824861292,1.179883819840954,0.34518617246560157,1.5813549436912748,1.3337060093529776,1.4600378353654397,1.5795849492844192,1.7650912221458936
Cruces,C12,PD,350,534,1.2333691466459773,1.3152492801775275,1.2568577607580604,0.3745837750704671,1.6232041081982482,1.4146248677461166,1.4216962881708066,1.5612358106162227,1.9153734251952317
Cruces,C12,PD,500,534,1.1774370291470262,1.2093103753842842,1.1968949511522302,0.6170354420179318,1.6678523209584588,1.3997363746239866,1.396324535479828,1.4266284317465916,1.6611392868109909
Cruces,C16,PD,250,541,1.1117294969486267,1.2035129521224985,1.0577782228769246,1.3509744853978574,1.2464826167078185,1.5455341104546203,1.305130954012684,1.4423838277709342,1.2847145683019703
Cruces,C16,PD,350,541,1.1400886604761582,1.13424864106418,1.5254128249168535,0.5559010237900939,1.396336932968097,1.529395204760564,1.4355213018850412,1.363821505267832,1.3470736479666092
Cruces,C16,PD,500,541,1.2407790720655452,1.1117294969486267,1.7647904874107012,1.1366886431851422,1.4690520748530955,1.7038200179258713,1.4840585298857822,1.5314763709643884,1.500028808250274
Cruces,C17,PD,250,570,1.3653093713402407,1.3621080045091998,1.3298453707603441,0.3181890437229124,1.4217590706921732,1.6765772152717289,1.684590634813445,1.692552819144607,2.12389330425067
Cruces,C17,PD,350,570,1.3119547042377253,1.369569036031388,1.4276954803752404,0.34922601030378775,1.4295824481353392,1.645274527603141,1.6352912912604343,1.6458055566049752,1.8372218433048122
Cruces,C17,PD,500,570,1.1029933767905464,1.3653093713402407,0.8522818444639857,0.47006048604670153,1.5126945453032572,1.2803718108821438,1.3035700523441809,1.4131510989571385,1.5230532982352798
Cruces,C19,PD,250,559,0.7657680656930619,0.821047970488405,1.0491657774820458,0.17147517819084473,0.779282005265547,0.8939612554760663,0.9616899128010289,1.051544777810124,1.0640067594906342
Cruces,C19,PD,350,559,0.9594405277171077,0.8599906563967812,0.9297298631478856,0.5250474412714862,1.1999876012149728,1.1593617934069673,1.1049294290693712,1.2706641788246082,1.3245068733542094
Cruces,C19,PD,500,559,0.8112722810298972,0.7657680656930619,0.744867065033598,0.3211137438130737,0.9451660342520174,0.9826339818899441,0.9480547112455736,1.0605848930788704,1.1850096036181799
Cruces,C22,PD,250,439,1.2237354221884593,1.3049831264072207,1.501389978935864,0.5442272624943286,1.7582170484594477,1.7077738131549622,1.4525954409411306,1.2781978656431896,1.6020029339465822
Cruces,C22,PD,350,439,1.2674692846572804,1.3199319712950872,1.5003823525908377,0.4224577111083654,1.7977245486965299,1.581012225936149,1.4140512451185545,1.509354453877118,1.868132448012629
Cruces,C24,PD,250,547,0.942918020402981,0.9161391348145227,1.3917139409989487,0.482029377509695,1.4678081981503257,1.0442510794492224,1.0374867401267784,1.2143190963800803,1.3692581739673229
Cruces,C24,PD,350,547,0.7441262192406537,0.8975320130855385,1.434332015434255,0.3499529029073857,1.199949665884686,0.9212856004929283,0.8569133190866456,0.8678130188867682,0.9492886495891673
Cruces,C24,PD,500,547,0.827790161832288,0.942918020402981,1.366241475486542,0.3480322101860428,1.3230907106374241,1.0177289747196434,0.9287632331297513,0.9851574124340667,1.0915116671185334
Cruces,C26,PD,250,562,1.266683503038991,1.6053571704884078,1.498478409292804,0.5256119700155732,2.151762203259462,1.3805963400052528,1.3933119337785371,1.6397432619294292,1.6877697557040074
Cruces,C26,PD,350,562,0.9157964755003476,1.355316298783423,1.1768985248099226,0.19408563710601012,1.0272038686655558,0.967024730099816,1.1119636218429738,1.2505961204102776,1.4715919416317857
Cruces,C26,PD,500,562,0.3037495047159693,1.266683503038991,0.20833402664060735,0.38810530984382685,0.40837507857781086,0.33079101220770346,0.36214656997536687,0.3913532639154831,0.4605382763847756
Cruces,C27,PD,250,598,1.5427110812344844,1.7493987130063702,1.8078156063295314,0.850597067142631,1.6316610492188106,1.8813716279177422,1.7793369492294977,2.211930724725915,2.0501711593797225
Cruces,C27,PD,350,598,1.4008437475127946,1.589260418291047,1.1570916162981224,0.95766302574868,1.5708186896583998,1.8081264466922602,1.7425904454215853,1.8523840910444898,1.6314168191528755
Cruces,C27,PD,500,598,0.8212719958565122,1.5427110812344844,0.6120222607508835,0.41424683666359774,1.0779619028840648,1.0104495010734382,0.9595367523602744,1.0452475746179308,1.104290399577771
Cruces,C28,PD,250,491,1.262360102359145,1.1008273315545023,1.5713858292560645,0.4539059839863181,1.5399841052395182,1.5746285077682391,1.35314215380299,1.6486586255873816,1.9307583440347111
Cruces,C28,PD,350,491,1.2420994018606302,1.2074494845934929,1.780187445751293,0.3159120968027578,1.5281749483553346,1.4344290024864323,1.4499055456340744,1.55814461804655,2.0078607379168516
Cruces,C29,PD,250,495,1.5658992956468853,,1.4759366354675876,0.7411405718002106,1.7991724016171804,2.0595073267790185,1.883567018481178,1.8632184332102,2.2472349979108808
Cruces,C29,PD,350,495,1.4951980179034332,1.5588385616366116,1.5423411303174013,0.7560398199424304,1.8182571364601567,1.6281506213662544,1.9505078583039428,1.8325814637483102,2.31124315573716
Cruces,C30,PD,250,582,1.0809881125246463,0.9969091187042582,1.242253186931087,0.4898490450214561,1.40916255202355,1.2940370704604913,1.1490431422950016,1.4590537154023189,1.5964507169072892
Cruces,C30,PD,350,582,1.0459831901348355,1.3871205638637476,1.315700204668409,0.5196170258859859,1.5074863419943976,1.3993664426872434,1.1954861904486174,1.1881729659811735,1.3862943611198906
Cruces,C30,PD,500,582,1.0585816686290683,1.0809881125246463,1.1330328722123686,0.7309526123322919,1.6013275678966468,1.5088087337537883,1.025572122275218,1.271093420639351,1.3735405650573203
Cruces,E02,Control,250,425,1.4055450349253464,1.4564982217557692,1.2548666420329133,0.19022158161169753,2.2671831659431296,1.9854125920315595,1.6054298910365616,1.556037135706985,1.4945079457601234
Cruces,E02,Control,350,425,1.3771335660919146,1.349466831818995,1.2615881209369137,0.29705373220274756,2.1524328191334825,1.8021222562636017,1.6582280766035324,1.4989675236240034,1.7002671288033893
Cruces,E04,Control,250,455,0.6549018910773178,0.6282513932816116,0.8115064676685917,0.44656312964031364,0.9502458296396461,0.8153993363196934,0.8233158957007182,0.7755181779930729,0.7703062611065634
Cruces,E04,Control,350,455,0.682073078714018,0.6418870735307926,0.6854666169719328,0.35692150401045863,0.9994411002063254,0.8486675071271562,0.8200434262007862,0.8109302162163288,0.8620073878453116
Cruces,E08,Control,250,500,1.3938389300257965,1.3230933252260964,1.5466834455479865,0.13763050404952695,2.027782683405926,1.9024250371155744,1.7007876910223283,1.5910887737659039,1.522003613044426
Cruces,E08,Control,350,500,1.427497184454815,1.3829375635867645,1.6259805091861825,0.7113136401438008,1.910207619641249,1.8817856208857746,1.6751549840911157,1.711377950777095,1.8281271133989299
Cruces,E08,Control,500,500,1.4034087417719543,1.3938389300257965,1.384133910239166,0.914361453475558,1.8304622281104759,1.9085300516239123,1.6627023569984536,1.7094663185536225,1.6422277352570913
Cruces,E09,Control,250,496,1.3166262593237903,1.1955481147982894,1.325549991472456,0.436028593666565,1.97464775882267,1.5629178967992075,1.4616923786041023,1.6650077635889111,1.8123787564307907
Cruces,E09,Control,350,496,0.8048548345144757,1.3230548998690628,0.6509735381054919,0.4483131079761332,1.261379449518779,0.9842190867662377,0.9235786350317464,0.9991783916799228,0.9732166686701647
Cruces,E10,Control,250,477,1.3418007036793267,1.167365377569306,1.4073608044071606,1.3054532971708317,1.638249609672646,1.323062175896375,1.9629077254238843,1.6445292322453704,1.9187591599893623
Cruces,E10,Control,350,477,1.346247626610762,1.3143212295320137,1.349480724912473,0.70725776266144,1.7519135606808554,1.345961919113919,1.7374663868613927,1.7197859696029658,2.1041341542702074
Cruces,E11,Control,250,521,1.329091527047012,1.5679512319636142,1.2541353746100772,0.38512563970953256,1.859041476311377,1.6973497847569803,1.6034498705894777,1.5418177247591212,1.7466390339475855
Cruces,E11,Control,350,521,1.2367887231080634,1.3547323390100119,1.3137973993923198,0.3678229765010576,1.6302083597913073,1.5630286326389753,1.4781019103730135,1.5300822539116024,1.595253277442144
Cruces,E11,Control,500,521,1.260572738735719,1.329091527047012,1.281452721906625,1.2929009122399817,1.6529982038649096,1.655993438802116,1.4448007868467339,1.6069030568309124,1.5373346185327565
Cruces,E14,Control,250,463,1.2399316983372064,1.568077788102849,1.24731101032033,1.7521854686639609,1.7649813501466622,1.395236298495552,1.7561880034431874,1.333868563780041,1.6637499017878403
Cruces,E14,Control,350,463,1.2235633398836612,1.3416191656620011,1.2934648607377428,1.3911425786468572,1.7798610054364405,1.399179292423751,1.67082398781751,1.395236298495552,1.5252932359265468
Cruces,E15,Control,250,554,1.477190821363227,,1.3987526713159562,0.38005325421116226,1.4335472459704361,1.7853285788977644,2.020945334998227,1.8899514954072687,1.9459101490553135
Cruces,E15,Control,350,554,1.4352227636900357,1.9331352418197212,1.3460125222981858,0.38122075727649896,1.4841672368169443,1.739115735742633,2.0202221820198645,1.8168055011541426,1.7157735622501329
Cruces,E15,Control,500,554,1.3296771805156513,1.477190821363227,1.3450200371576888,0.34234171230845917,1.2653480830023411,1.6299433627649504,1.7952744113354995,1.7183769232940311,1.7442343273652097
Cruces,E16,Control,250,437,1.161817150751317,1.1995489379675417,1.1093558685023364,0.5981466585302433,1.6414406435202742,1.289130612666243,1.3894943638505615,1.535671762194491,1.5481373865703045
Cruces,E16,Control,350,437,0.9374763533441136,1.1398823428416722,0.825155742498619,0.7333398901129846,1.386737525319477,1.1699437666735395,0.9904553917635005,1.260634640991136,1.145958409265308
Cruces,E17,Control,250,458,1.4265696596838922,1.5464427670917016,1.525428433660132,0.5134003511460481,1.6288559982912019,1.6977305195797787,1.8562979903656263,2.094945728215801,1.3388921222253067
Cruces,E17,Control,350,458,1.3290580636126321,1.2913595631437085,1.2748331379126268,0.621871968175836,1.523377132435001,1.608038332079677,1.6511106088346683,1.8219125073987426,1.6050806070651447
Cruces,E19,Control,250,469,1.519219634247662,1.761699176656835,1.579775162948262,0.40163674428201246,2.241676339907053,1.9597512004671847,1.8417698898027164,1.6800554796480538,1.9873668627336594
Cruces,E19,Control,350,469,1.4931655596404574,1.4763888821338902,1.5407279469674495,0.28961453118096625,2.1574997279638235,2.032294763254134,1.8253262928671383,1.629686073264048,1.79954160967011
Cruces,E21,Control,250,476,1.1996141162692049,1.5100774382704816,1.0935058748040976,0.6190196581807612,1.5388910390804147,1.7723413833709534,1.6283063967384832,1.2214659617734531,1.213022639845854
Cruces,E21,Control,350,476,1.2624410137336475,1.3470747059415338,1.3746504373043487,0.6973145278983113,1.5934105765270616,1.7466390339475855,1.7187343342131651,1.373555335342461,1.35314215380299
Cruces,E22,Control,250,724,0.5925855678549601,0.8467755569180868,0.5206349666216411,0.20542443173348554,0.5540066512408861,0.7149607570311752,0.7333311583789787,0.8008460971497028,0.8735730021890007
Cruces,E22,Control,350,724,0.5100650461056365,0.6208832318740823,0.4745995229034401,0.0448433962206175,0.4834323120760005,0.5803460070327449,0.6437995717024618,0.7031877507407627,0.762551490028426
Cruces,E22,Control,500,724,0.4834555277130116,0.5925855678549601,0.4092497291830718,0.04751005900100927,0.47304014970479114,0.5490872534184573,0.6093585618155706,0.6674381014731482,0.709747294010973
Cruces,E22,Control,700,724,0.4593432013751547,0.5100650461056365,0.4106056983065486,0.12733050352960332,0.43951243905056286,0.5249743924902824,0.5729944560051513,0.6409788828996437,0.6760241119108302
Cruces,E25,Control,250,543,0.9508597310378406,1.086849935387439,1.17927003675465,0.2954366917413836,0.9836238519427422,1.139749194228599,1.2652892283145483,1.2712250313351032,1.1724465506791621
Cruces,E25,Control,350,543,1.0190971308718964,1.1575843970368527,1.1368204576588425,0.29022648720287236,1.0736959374035753,1.250034453842164,1.3174774066005843,1.3483494295557672,1.2855527913183589
Cruces,E25,Control,500,543,1.1075675170088357,0.9508597310378406,1.2239391953816658,0.3259844266437003,1.2013790820889123,1.38099186617007,1.466337068793427,1.4065617215197683,1.3665147750329145
Cruces,E26,Control,250,623,0.8029912374383603,1.5785542360502651,0.6597336302532664,0.4395096937964159,0.7055231120053016,1.0476921982408527,1.163509940712755,0.9934609999176268,0.9150629846358327
Cruces,E26,Control,350,623,0.8047926907107579,1.1735834973921702,0.6092996722085353,0.5167659791794997,0.8475547646917637,1.0898938376282286,1.0393929290081385,0.9774451550274856,0.9869082990881084
Cruces,E26,Control,500,623,0.6857161160129654,0.8029912374383603,0.7537576324560843,0.7605086135482808,0.7810003238444528,0.9808292530117262,0.8553327211564825,0.7995813384076743,0.8046742111334356
Cruces,E28,Control,250,424,1.2608187610426052,1.3757607142201187,1.3233257535118315,0.41860400767123,1.8728006792311809,1.5539587601138718,1.5284688499004333,1.48054689936608,1.6094379124341003
Cruces,E28,Control,350,424,1.2281187953919748,1.1615592719581664,1.3015858749853186,0.5218103948209525,1.9262373834566084,1.4836036848143586,1.5253819946360534,1.4262464121316056,1.4844863872991043
Cruces,E29,Control,250,662,1.4330375989260946,1.5365155641072945,1.65652947025808,1.4071129695128173,1.6769685281313496,2.0234137102101735,1.6516706760573734,1.8382794848629478,1.6266797188686064
Cruces,E29,Control,350,662,1.394969858172773,1.371334691716555,1.3991246756714697,0.6150645089150558,1.5960148921019597,1.967112356705916,1.7584734915945883,1.6601831114393357,1.5821457701460928
Cruces,E29,Control,500,662,1.2452694840038223,1.4330375989260946,1.223302959950594,0.5965681531969192,1.65455834771457,1.5839858492304373,1.5112781479618562,1.5980917360467988,1.4114250258454701
Cruces,E32,Control,250,361,1.2892878239694654,1.0712080534777226,1.6323267739448581,0.5585862591959794,1.5242430663708686,1.62581680451814,1.6542039263038069,1.6470767639340353,1.5144401838118207
Cruces,E32,Control,350,361,1.190966638847333,1.2231600099842357,1.1589484429835035,0.44408505322644987,1.5759254809625585,1.4833682098117122,1.5194052617626062,1.4809358682145797,1.3663222279329754
Cruces,E33,Control,250,383,1.176330980110413,1.4094426735772334,0.9226850107947134,0.5807771712500442,1.3025244780544318,1.4271163556401458,1.4708517491479536,1.6269310698816175,1.410986973710262
Cruces,E33,Control,350,383,1.1731262489810779,1.4477170404207256,0.9658413078379862,0.37723044533006334,1.3647286926145143,1.4646069645556443,1.6094379124341003,1.4608274129824574,1.2967892172518585
Cruces,E34,Control,250,482,1.2204499155632926,1.1127706548538498,1.1699251043729195,0.570061380690056,1.5040773967762742,1.612031947611147,1.5608172254280264,1.4577533251020356,1.4392167625742331
Cruces,E34,Control,350,482,1.270790097803841,1.2399838438198003,1.36087691995345,0.4154740581440669,1.4362176698864912,1.6197887811577565,1.6753491173836437,1.58352362366863,1.514360263731858
Cruces,E35,Control,250,469,1.1872856476790663,1.118367640220435,1.3648393723973513,0.6446708711950846,1.6464083433526455,1.5589540070021084,1.5488132906176655,1.3018770193073075,1.4071594995838523
Cruces,E35,Control,350,469,1.1858375311010056,1.1953380133702658,1.2251265493643468,0.37953917896453426,1.6497892079576677,1.6065629703485014,1.5108822482746578,1.3139736995402644,1.3457482667255407
Nagoya,SUB-001,PD,250,56431,0.7239830351156563,0.5379529976139368,0.6607753634059204,0.43767685048649785,0.7576857016975165,0.8634925463071842,0.9391054096403265,0.8754687373538999,1.126011262856224
Nagoya,SUB-001,PD,350,56431,0.7600098626182612,0.6774766094749145,0.6370923199734042,0.09537371981591906,0.7004983530909971,0.8468681225206848,0.9513027778338635,1.0406009963116436,1.2220564797592315
Nagoya,SUB-001,PD,500,56431,0.739903304840558,0.7239830351156563,1.2389255339479293,0.06545090730645776,0.6033869229605809,0.7679934677219005,0.9591846525463057,1.079111882700982,1.1830661195066223
Nagoya,SUB-001,PD,700,56431,0.8607824712280927,0.7600098626182612,1.2895242940039617,0.07769633586773954,0.706134831966592,0.886748329662131,1.1149128187420119,1.259810214010771,1.3787471554845077
Nagoya,SUB-001,PD,1000,56431,0.9131366740379505,0.739903304840558,1.2184969832734933,0.13762224630529807,0.7145610004679017,0.9399704852436704,1.198613372187977,1.3753864842126589,1.3888650566229914
Nagoya,SUB-001,PD,1400,56431,0.9407272148006538,0.8607824712280927,0.9977402414507786,0.12650695614660284,0.7464609002573099,0.9595660853849146,1.2281154405514279,1.4111506532261362,1.46314688942427
Nagoya,SUB-001,PD,2000,56431,0.8246155390652806,0.9131366740379505,0.7432264169218243,0.10602489016818496,0.6473346068733699,0.8530794533632443,1.0732770694501832,1.2367749983339629,1.2725577414846563
Nagoya,SUB-001,PD,3000,56431,0.8797285230171743,0.9246497637000379,0.9033366942976603,0.09281570461669454,0.7297027419980501,0.9072032235766154,1.144375909884981,1.2843446832471122,1.3957348547562765
Nagoya,SUB-001,PD,4000,56431,0.8111925415133779,0.8246155390652806,0.7575185329746081,0.08295282658191666,0.6554189092712915,0.8373377834325648,1.0559476093015687,1.1907261398895552,1.288483440615111
Nagoya,SUB-003,Control,250,82062,0.8433266364098957,0.6062562082794292,0.8828546502346478,0.062129912035827524,0.5800254893543493,0.7493417389035872,1.0543317150046527,1.3208665557974355,1.6041608553332567
Nagoya,SUB-003,Control,350,82062,0.6352921056000996,0.8402959583817646,0.42828315554098173,0.053164711903056106,0.5056668726006173,0.6184881752050545,0.7635279773217448,0.9546006981520979,1.1740204820425848
Nagoya,SUB-003,Control,500,82062,0.659880286307615,0.8433266364098957,0.5264853244865942,0.0477726708439836,0.5130416189373043,0.6351178490910752,0.7898768070184965,1.0037280032484166,1.228315925422868
Nagoya,SUB-003,Control,700,82062,0.6350642838585017,0.6352921056000996,0.6273399924825698,0.04936301656066012,0.48089313719035476,0.624559384002279,0.7719645201135533,0.972155379866948,1.1323911334291026
Nagoya,SUB-003,Control,1000,82062,0.6659994197274819,0.659880286307615,0.6668668095783965,0.07159366753682452,0.5267509397406409,0.6743745104805641,0.8096504208088872,1.0082046760101513,1.1487840429349736
Nagoya,SUB-003,Control,1400,82062,0.661766492416405,0.6350642838585017,0.6825201660882572,0.04049161630300529,0.521736258283294,0.6669224058623662,0.813177541072509,0.9965390950754086,1.1426505818601886
Nagoya,SUB-003,Control,2000,82062,0.5806253016734632,0.6659994197274819,0.5313038616219865,0.05486990082443926,0.4650495942776744,0.6077510889926582,0.7270952525533838,0.8603310618500907,0.9508486156646911
Nagoya,SUB-003,Control,3000,82062,0.5989956060121762,0.6350742042793611,0.5772593003303162,0.029639426131515264,0.461672889706129,0.6147689859947673,0.7536748782999826,0.8943147885090664,1.0027658648080005
Nagoya,SUB-003,Control,4000,82062,0.5727002810752487,0.5806253016734632,0.5978511872111142,0.029436239321468775,0.4139144883369677,0.5774914283568113,0.7253338670558467,0.8645670887972694,0.9783035539956644
Nagoya,SUB-004,PD,250,88280,1.1830659758780382,1.3227618435244044,1.087430735544658,0.17932758039979668,1.3388447614069028,1.330204894468847,1.3357420819570593,1.615480226890063,1.92896059074154
Nagoya,SUB-004,PD,350,88280,1.128615211597769,1.1385416156742363,1.2475116686153709,0.3611108071279764,1.361172267002553,1.3421400317031487,1.3781971508872712,1.3862943611198906,1.7117167615545186
Nagoya,SUB-004,PD,500,88280,1.0225456649439582,1.1830659758780382,1.1710849449936263,0.4365148944003166,1.1913101892817044,1.1941271977187224,1.2880711374888822,1.2858599637981203,1.4980298621464274
Nagoya,SUB-004,PD,700,88280,1.0385954480063748,1.128615211597769,1.1278119584725634,0.2690055712221016,1.154949096403768,1.2387088212377497,1.3220727469727709,1.3151406008636002,1.4791610455117394
Nagoya,SUB-004,PD,1000,88280,0.7133547412359148,1.0225456649439582,0.4933204305619771,0.11557330070162328,0.7642696490871627,0.8294409892188207,0.8707037522288336,0.9482580469700056,1.0724721864366653
Nagoya,SUB-004,PD,1400,88280,0.3994149349219633,1.0385954480063748,0.24111767089807298,0.3646817169150569,0.538359290164017,0.4884057289373705,0.4621428517472769,0.5041784572327942,0.5463359832207327
Nagoya,SUB-004,PD,2000,88280,0.33408573816447557,0.7133547412359148,1.1863764019207597,0.3005535802057136,0.554156123441947,0.4196910472461921,0.361266662207043,0.3951100203392626,0.4345657986178125
Nagoya,SUB-004,PD,3000,88280,0.35344797014929547,0.381699764114932,0.5816872892471471,0.2921337485669354,0.6197476777833476,0.4500725582253942,0.3786621586104976,0.4052166867574218,0.44682921652297974
Nagoya,SUB-004,PD,4000,88280,0.3934061622095064,0.33408573816447557,0.5256918883975802,0.2689977395037615,0.6943979297180363,0.5123857585458281,0.41798985942810213,0.44595506311186933,0.4870023302054285
Nagoya,SUB-005,PD,250,98907,0.2052801569239433,0.08819799057503519,0.5426808995101678,0.13909353719793105,0.1642539719381323,0.20170200834361707,0.2631569716037299,0.2974583273152202,0.36391298277616657
Nagoya,SUB-005,PD,350,98907,0.19230640606521326,0.15836806778520707,0.46005734113028096,0.04948486896164354,0.15669940550807407,0.19301093244248302,0.238001069764022,0.2813087841490978,0.34172308243285293
Nagoya,SUB-005,PD,500,98907,0.13984062644171508,0.2052801569239433,0.7558372671468712,0.2596041461824695,0.16063264453810885,0.134029652093344,0.16843876334996838,0.19656728387755876,0.23970222123729965
Nagoya,SUB-005,PD,700,98907,0.12978460503641348,0.19230640606521326,0.6645219058149882,0.38469878743258135,0.18565444487636448,0.12563637318934273,0.1463185239825396,0.17949119934105706,0.20929941246189168
Nagoya,SUB-005,PD,1000,98907,0.16901142517925485,0.13984062644171508,0.5218849408378903,0.4517796059809301,0.273691740122062,0.1593032763965765,0.19006972817706957,0.2256766136788962,0.26632327516540194
Nagoya,SUB-005,PD,1400,98907,0.20901473552391997,0.12978460503641348,0.2468519804264532,0.4142973854642153,0.3096107056065046,0.20586397652308755,0.24204260354114981,0.28144037260852417,0.32184274428717236
Nagoya,SUB-005,PD,2000,98907,0.20706724640249377,0.16901142517925485,0.2713820032595111,0.29646864280416424,0.25231913856621535,0.19554682321735808,0.2501595393257887,0.29267196552349206,0.3415966693254444
Nagoya,SUB-005,PD,3000,98907,0.1864609410654897,0.21404236764654053,0.24062693350279343,0.26342750879345606,0.22130762254705558,0.17614063679081554,0.2194295279966858,0.27050883281142934,0.31114379290997995
Nagoya,SUB-005,PD,4000,98907,0.18819191453345607,0.20706724640249377,0.25345233444475496,0.2371901170075045,0.215675267040284,0.17883950082568903,0.2227012450323395,0.2738026563696538,0.31555707383891207
Nagoya,SUB-006,PD,250,56733,1.2582256999103039,1.2407177883330103,1.3484848428834497,0.24162889355272535,1.4807258062455266,1.448376355066995,1.497519996230115,1.622683139184121,1.9643722118950486
Nagoya,SUB-006,PD,350,56733,0.8480035983223082,1.354790626522563,0.5770768440334034,0.22647620120629847,0.9830728280639418,0.9930856738487023,0.9991463809243062,1.1372271247958892,1.2380447960213465
Nagoya,SUB-006,PD,500,56733,0.7021730011411299,1.2582256999103039,0.5567392819337511,0.2378637054119407,0.7150580356746394,0.8027730523309136,0.8456256191948416,0.9859183225191975,1.038037987646754
Nagoya,SUB-006,PD,700,56733,0.7605764518302575,0.8480035983223082,0.6790191024863625,0.5715409311281503,0.9370762097679706,0.9309734086666401,0.9195640572191242,0.9848636570399638,0.997886062683148
Nagoya,SUB-006,PD,1000,56733,0.7883537965437488,0.7021730011411299,1.1311355476035472,0.3039530016634289,0.9615737397029822,0.9759923738577547,0.9723849027361731,0.9904922887923456,1.0442250949619598
Nagoya,SUB-006,PD,1400,56733,0.7251346101211233,0.7605764518302575,0.7849193571061897,0.14877013249194837,0.808028696669258,0.8740917016055831,0.9065427757514206,0.9338169753471797,1.014414499133608
Nagoya,SUB-006,PD,2000,56733,0.6737986965593878,0.7883537965437488,0.754107056120217,0.08988402215285671,0.7603039410409671,0.7939760147562692,0.8417330503542242,0.8803201825966231,0.9456245291386787
Nagoya,SUB-006,PD,3000,56733,0.5398210736928899,0.6844227659785892,0.4006754048973117,0.029646977233567247,0.5432768272335667,0.6148451975527933,0.6763795508732654,0.7347423789248109,0.8029996549935928
Nagoya,SUB-006,PD,4000,56733,0.4898563987329476,0.6737986965593878,0.3382643819337047,0.02597666208827256,0.49881580639792,0.556106005188131,0.6098161293279034,0.6710704427562431,0.725763026387001
Nagoya,SUB-008,Control,250,22453,0.5101058479173677,0.4717474734393761,0.5014316401211413,0.06293797979906514,0.34096343906471754,0.46740078728511697,0.6207034799152609,0.7756160924159456,1.0326543208763121
Nagoya,SUB-008,Control,350,22453,0.4452998552429449,0.43906448685614563,0.5740614335404393,0.054642603089894215,0.4058929156013202,0.4841367451526596,0.560256197819622,0.6212543553732041,0.7158110401371572
Nagoya,SUB-008,Control,500,22453,0.40529438906767795,0.5101058479173677,1.2751481756227907,0.11281044594880264,0.44317420331086754,0.46638844153648296,0.48898071141965227,0.5389434545559777,0.6211444723416859
Nagoya,SUB-008,Control,700,22453,0.37170051918146346,0.4452998552429449,1.2694444660245157,0.38817054590757194,0.47252582783912245,0.4575786540273197,0.45342464657327897,0.46045133378037256,0.50157009521357
Nagoya,SUB-008,Control,1000,22453,0.4200356035349344,0.40529438906767795,1.2995416010688676,0.36973275830081964,0.5657963181064664,0.5385810827865923,0.5070845851011092,0.5031864678881811,0.5368554456911122
Nagoya,SUB-008,Control,1400,22453,0.4597021605891428,0.37170051918146346,1.3410833197737522,0.16838232548557083,0.6474053956606197,0.6078323050347922,0.5645357583270234,0.5310393821338373,0.5428013192395021
Nagoya,SUB-008,Control,2000,22453,0.498391374037212,0.4200356035349344,0.8929629962492006,0.2528630513935225,0.6898353130018655,0.6574629076492636,0.6127244688397548,0.5744179218397439,0.6048678307127298
Nagoya,SUB-008,Control,3000,22453,0.580460087797372,0.4701009912292139,1.1175935707199487,0.41205499905157056,0.7752495930342319,0.7659925240379061,0.7288059096199058,0.6721263697764659,0.695501678070933
Nagoya,SUB-008,Control,4000,22453,0.6562437917376871,0.498391374037212,1.1971677376270418,0.47272334638511276,0.8602036365715313,0.8665394812205728,0.8147142405248932,0.7717724809629323,0.7961818753885436
Nagoya,SUB-009,Control,250,109824,0.1566944266334475,0.056917235119844756,1.1478019150910193,0.62316903939104,0.24227098517191797,0.17923089499308179,0.1967008609512401,0.1892675231903873,0.1942747228931386
Nagoya,SUB-009,Control,350,109824,0.25322125076255986,0.13315901064148816,0.974451795949976,0.4275457752167847,0.37420475191915487,0.3002231211856137,0.30618793864948884,0.3097162356010373,0.32575316483416394
Nagoya,SUB-009,Control,500,109824,0.3236489348737047,0.1566944266334475,0.8418828036367103,0.4639453395010183,0.5181116304969239,0.3820839204474585,0.3900045050017862,0.38335009802839815,0.4075006712848372
Nagoya,SUB-009,Control,700,109824,0.4063332288632136,0.25322125076255986,1.109640518138805,0.4118662358654659,0.6646672801050049,0.47891608358893667,0.46834982512017487,0.48243826465570194,0.5392566617975036
Nagoya,SUB-009,Control,1000,109824,0.47950003610194647,0.3236489348737047,0.9372979337238704,0.5153917714607674,0.7149336305774637,0.5628099091903354,0.5612766744488259,0.5821455640338609,0.6676024350959567
Nagoya,SUB-009,Control,1400,109824,0.5037369971960517,0.4063332288632136,0.7041512928832018,0.4911966112204437,0.7436719139975206,0.5935637508611994,0.5810723302208942,0.6183096551081099,0.7078065855825892
Nagoya,SUB-009,Control,2000,109824,0.572196143144964,0.47950003610194647,0.616492374207058,0.42465247558255953,0.8534200067374614,0.6886081739823042,0.6496967579770198,0.6990695492630532,0.7937924622674255
Nagoya,SUB-009,Control,3000,109824,0.6095790977254267,0.5444950774417829,0.8167656052367633,0.3227100763205222,0.7843416604959128,0.7088422482472108,0.7114154609273939,0.790136198466686,0.8906615014757727
Nagoya,SUB-009,Control,4000,109824,0.6537874658075864,0.572196143144964,0.965119630940048,0.21559998474556544,0.7893342823546211,0.7437368398386727,0.7704987972082896,0.8716448944462988,0.9767793127347209
Nagoya,SUB-010,Control,250,80166,1.1314720276610728,1.3698409457090042,1.4236081815104367,0.7414461550411215,1.2996798882831198,1.3429140654896654,1.483668525145067,1.37147927533475,1.6189166563886441
Nagoya,SUB-010,Control,350,80166,0.9942055075286372,1.0361657118244731,0.9718572856040149,0.7134081771149929,1.2181574393178924,1.3365543789274925,1.2432911308328016,1.173101140658849,1.218004335130194
Nagoya,SUB-010,Control,500,80166,1.0344748165530837,1.1314720276610728,0.9382857809658383,1.0653028508454658,1.2724972734466982,1.359724988516659,1.264597426142371,1.2478669978831614,1.3278720669997557
Nagoya,SUB-010,Control,700,80166,1.0091633161795208,0.9942055075286372,1.1402407680039075,0.9384414426544532,1.2150034455492789,1.3198137146874644,1.291328158845759,1.2020589281436518,1.25022811289218
Nagoya,SUB-010,Control,1000,80166,0.9394045068639899,1.0344748165530837,1.0996386564833733,0.6283372021826023,1.146827498707464,1.2304990839899776,1.1931573156778215,1.1356008580374501,1.1287030545219356
Nagoya,SUB-010,Control,1400,80166,0.8888717227221588,1.0091633161795208,1.0736403616033883,0.4498530504095445,1.0866008488676004,1.1788460000667993,1.145624760006258,1.0652054930551142,1.0227638720976424
Nagoya,SUB-010,Control,2000,80166,0.8252218508193101,0.9394045068639899,0.7422563550444929,0.4641080510914826,1.0151683278148347,1.1247748273156075,1.0540381605015534,0.9685919565083061,0.9422402917273307
Nagoya,SUB-010,Control,3000,80166,0.8231470184139233,0.8891748260657458,0.8452545286776253,0.6622708461875759,1.004121760173519,1.1027646138564307,1.0277227248615033,0.9919865627232245,0.9824006210833963
Nagoya,SUB-010,Control,4000,80166,0.797339963045455,0.8252218508193101,0.7257236295940304,0.5143975799171865,0.9322964538462458,1.014138496055331,0.997855903412035,0.9926932058286951,1.0317279660161816
Nagoya,SUB-011,PD,250,101772,0.2934647083563777,0.4411117917423349,0.8612719207961195,0.05815390036361076,0.2279049991775985,0.2992170840716922,0.3543099448072345,0.43619378282941507,0.5273004609694957
Nagoya,SUB-011,PD,350,101772,0.36420014813851553,0.22046077463606611,0.5667867010049272,0.07662426705586245,0.2838050832606339,0.37077205187298967,0.4378247308815005,0.5349441835277391,0.6711144655600626
Nagoya,SUB-011,PD,500,101772,0.4545139911420891,0.2934647083563777,0.6918393205010627,0.1437268675395404,0.4285766927012172,0.4878406610282621,0.5277632199280119,0.6317266718447742,0.8219021131175775
Nagoya,SUB-011,PD,700,101772,0.5343499118922765,0.36420014813851553,0.985246903579194,0.09880183476518618,0.5051119340988459,0.5738370053934072,0.6387373987782761,0.7421866280411505,0.9288651203982523
Nagoya,SUB-011,PD,1000,101772,0.5734591287126303,0.4545139911420891,1.022846428150509,0.08935758065249057,0.5148998075415139,0.630121078999831,0.7006631297378284,0.8054565555119743,0.9472099510855223
Nagoya,SUB-011,PD,1400,101772,0.4905026652238608,0.5343499118922765,0.7084598933288756,0.03608110211882952,0.4581034648339577,0.5209164276470416,0.6064645346712376,0.6975530131672228,0.7970552364336464
Nagoya,SUB-011,PD,2000,101772,0.38787648885886095,0.5734591287126303,0.5903965627493463,0.023301501403717312,0.32939913912912727,0.4005846362025089,0.48484711401797354,0.5676974682623387,0.64310731249384
Nagoya,SUB-011,PD,3000,101772,0.39015140550024036,0.490039473226747,0.38540976039408,0.07126327732002696,0.3685949990874697,0.40900352094969245,0.48326778993984926,0.5620007380629161,0.6243749580100187
Nagoya,SUB-011,PD,4000,101772,0.3914284055329088,0.38787648885886095,0.39314501418199493,0.026409442059578937,0.3158871902994931,0.3991243846536405,0.49193697679778936,0.5802705247318503,0.6557330926630348
Nagoya,SUB-013,PD,250,105516,0.1737891662202903,0.0885416055587566,1.2874163071512368,1.4251961386675243,0.22081081777838643,0.21269207157494444,0.22123462496711374,0.21607522238715313,0.21707700656609386
Nagoya,SUB-013,PD,350,105516,0.2323594277036211,0.15610527320316614,1.4129891119411409,0.42975312103339997,0.2636192703938321,0.27857106159401646,0.3075852206048004,0.2978451794617284,0.2919720833212889
Nagoya,SUB-013,PD,500,105516,0.3092066064408381,0.1737891662202903,1.3797259916315023,0.25888527577726095,0.3379360978158319,0.3732711253323419,0.40945338318944846,0.39781457753703964,0.3930517944748883
Nagoya,SUB-013,PD,700,105516,0.3573678933651586,0.2323594277036211,1.2773913026971915,0.250841601381793,0.3879760147172921,0.4413901505547796,0.46188424683888524,0.46045258873717015,0.45824894667262456
Nagoya,SUB-013,PD,1000,105516,0.4274092917036582,0.3092066064408381,1.3838966628326426,0.5933129673618674,0.48240575381141704,0.5463829839595092,0.5526531673503872,0.5275724642650662,0.5384699320752399
Nagoya,SUB-013,PD,1400,105516,0.4781261344179287,0.3573678933651586,0.8201242106126099,0.4823643076226235,0.560643654520299,0.6023826434087074,0.6091528699029728,0.5974788098911683,0.6025890432532914
Nagoya,SUB-013,PD,2000,105516,0.5185111842640229,0.4274092917036582,0.8160128865711858,0.17498158484829648,0.5492179898061067,0.6304709486153358,0.6659633233707153,0.6780280450439037,0.6869692187742132
Nagoya,SUB-013,PD,3000,105516,0.5900053661855196,0.48461392677112747,0.7007089748235821,0.1331760964383724,0.6716087758761341,0.7165572802030318,0.7516639745051682,0.7618857196853912,0.7682309371918797
Nagoya,SUB-013,PD,4000,105516,0.6113214599237428,0.5185111842640229,0.7455635337066939,0.24486963465507092,0.6583965757120647,0.6909404154523601,0.7900915568381728,0.8221865992573629,0.8483808804295719
Nagoya,SUB-014,PD,250,90744,0.20757982445979276,0.2983269074198363,1.5795885064900617,0.42597568814436,0.35927767962056495,0.22984374388402928,0.22489420825751347,0.2549154404545005,0.2972137797852761
Nagoya,SUB-014,PD,350,90744,0.21599019640799733,0.20603985826680998,0.2264488972436797,0.17020373437593403,0.24119694195756597,0.2247865513317378,0.26197371574157396,0.30235800360110826,0.34046848077356706
Nagoya,SUB-014,PD,500,90744,0.2399228387352553,0.20757982445979276,0.24040010646168358,0.18791625157869393,0.26680534911997345,0.2538323927043204,0.293458042302173,0.33517269127912747,0.3674967856613381
Nagoya,SUB-014,PD,700,90744,0.2433476168024721,0.21599019640799733,0.26713760376813805,0.14701487612211228,0.24782679812694539,0.2627218737753634,0.3029123514992086,0.3452560768816159,0.36386876558539993
Nagoya,SUB-014,PD,1000,90744,0.30935276126172356,0.2399228387352553,0.4777668754470132,0.1528467645352205,0.3146741201556307,0.3297796443606309,0.3882897522752117,0.4371107508241581,0.4684931975416035
Nagoya,SUB-014,PD,1400,90744,0.38789005455526365,0.2433476168024721,1.0352748387298045,0.05580099364278655,0.37947090807951256,0.43038857516532925,0.4832384009224496,0.5447194908628925,0.5827367035717815
Nagoya,SUB-014,PD,2000,90744,0.42196170227331053,0.30935276126172356,0.5273331745073744,0.07643646187497619,0.4365290101836937,0.4634924781187099,0.5260377523611478,0.583898039934261,0.6362314717211749
Nagoya,SUB-014,PD,3000,90744,0.43323595281849847,0.3859562575320284,0.46732943838733065,0.0373852885595833,0.39985171687579785,0.4641624808967393,0.5433173660515943,0.6183544988449531,0.6808391197226135
Nagoya,SUB-014,PD,4000,90744,0.4431656084002042,0.42196170227331053,0.46241874950860734,0.09506466805933825,0.44007637503994024,0.4770852612087149,0.5459994926723303,0.6289921364480845,0.6874259283038427
Nagoya,SUB-015,PD,250,114924,0.5684000457255699,0.508394030884221,1.7816589405781635,0.18774544317408762,0.4539681584349863,0.6819321097398053,0.7187985003387237,0.7849547298130681,0.8586616190375187
Nagoya,SUB-015,PD,350,114924,0.6585642874418374,0.4952590925274863,1.634548852824317,0.1755860871838679,0.5265215047660396,0.7745845313899244,0.8562226353307419,0.9025135829896505,0.9924798702317016
Nagoya,SUB-015,PD,500,114924,0.7535623045372815,0.5684000457255699,1.5050977651000363,0.19183618290033808,0.6021361690649984,0.910244670514072,0.9900751252437322,1.030053979366602,1.0727393260590028
Nagoya,SUB-015,PD,700,114924,0.824253469548221,0.6585642874418374,1.3641080687668803,0.2308109022128887,0.7042899737833226,1.0154460139165853,1.0732527870900346,1.1006565823953902,1.1595339548948678
Nagoya,SUB-015,PD,1000,114924,0.563404999136065,0.7535623045372815,0.477223614107731,0.17938480448347777,0.4629286209169569,0.6732554819947736,0.7363270061873226,0.7692625390519836,0.8134313159755331
Nagoya,SUB-015,PD,1400,114924,0.6193069337490815,0.824253469548221,0.46063045703623484,0.17094642599275162,0.5175012714537174,0.7286930724187166,0.8162784280846133,0.8476311381773239,0.8903627886757909
Nagoya,SUB-015,PD,2000,114924,0.6911027465131017,0.563404999136065,0.9632993945470465,0.18440363471219307,0.6084842976567969,0.8437623620786983,0.8865253038874511,0.9335833469866656,0.9748011415685893
Nagoya,SUB-015,PD,3000,114924,0.7519143004968577,0.6394537945160865,1.1395898665229964,0.26021971619517026,0.7258633932398798,0.9433759862401292,0.9563986104373621,0.9884433496215349,1.016843719130645
Nagoya,SUB-015,PD,4000,114924,0.4707389045996713,0.6911027465131017,0.3207554242871075,0.14264318307462018,0.4327888402782725,0.5636508847341015,0.6029386939667131,0.6369909381751786,0.6674391719664545
Nagoya,SUB-016,Control,250,71432,0.40576824702604314,0.18200509537867746,0.8252143261942713,0.3130565883745672,0.6226651055215261,0.5084837023209097,0.4922574510371221,0.47157613322022685,0.49038279158238773
Nagoya,SUB-016,Control,350,71432,0.591401692428365,0.269682458138823,1.2618118873654793,0.3490196613178168,0.8758472384939221,0.7417566109497421,0.7293949709522863,0.6949155276166873,0.7060354667522977
Nagoya,SUB-016,Control,500,71432,0.5929455315525807,0.40576824702604314,0.8623070781632107,0.6513447895888347,0.777249392732918,0.7526343122067698,0.7544346498037082,0.7079466050058845,0.7221747887601649
Nagoya,SUB-016,Control,700,71432,0.5430975040059753,0.591401692428365,0.6869243794044099,0.29858141078728145,0.7941107518281587,0.7851211444671231,0.7104849631546762,0.5625269981428811,0.5205980767022331
Nagoya,SUB-016,Control,1000,71432,0.5852576692390961,0.5929455315525807,1.292373229989155,0.23363783501038385,0.9140008471142671,0.8553598907410545,0.7669711534863017,0.580438458075031,0.5330368406719188
Nagoya,SUB-016,Control,1400,71432,0.6833632557399826,0.5430975040059753,1.1894902661460935,0.1897411134676694,1.0606594434174348,0.9919694398040659,0.8659512132592734,0.6984763054263015,0.6601791970031089
Nagoya,SUB-016,Control,2000,71432,0.7293971626165974,0.5852576692390961,1.1569185867519418,0.22177325395997713,1.0833589117977902,1.0595528528315235,0.9202966475907245,0.765246262122929,0.7204211892778296
Nagoya,SUB-016,Control,3000,71432,0.7713193249498534,0.7013634347418614,1.0765588111204392,0.16008993080627162,1.2634463236585707,1.122923113830448,0.9771298121639116,0.7611755566311031,0.7272899605890394
Nagoya,SUB-016,Control,4000,71432,0.8266587797527961,0.7293971626165974,0.97367566728338,0.18533699302294518,1.316476944207868,1.1971441741488453,1.0608003184664725,0.8275441775377985,0.7791335130138608
Nagoya,SUB-017,PD,250,18349,0.20088313228993018,0.06356247259615824,1.1705868925837655,0.2731405313330668,0.4712664396520284,0.26011730202686123,0.2037764917952141,0.19937853867298067,0.21102021825716155
Nagoya,SUB-017,PD,350,18349,0.2262641097787781,0.12458734390805618,0.7553929088220616,0.27376612015717444,0.54178157028504,0.2974175582802787,0.2227122379583751,0.22031453178934918,0.23997087144673487
Nagoya,SUB-017,PD,500,18349,0.2545957352689566,0.20088313228993018,1.235141171380031,0.23957133246084056,0.5372851897121692,0.35125882567991307,0.26935128089253924,0.2486860160371643,0.27007991775816353
Nagoya,SUB-017,PD,700,18349,0.33072893775036144,0.2262641097787781,1.3416535384009465,0.2315763335575507,0.562450681921511,0.4410415665566968,0.3822944966748252,0.359534685747026,0.37909719762500743
Nagoya,SUB-017,PD,1000,18349,0.43059630935586746,0.2545957352689566,1.3868051090158864,0.28010540293739183,0.6581246078126297,0.549709854622303,0.5148594284747854,0.49733294372151654,0.5240340321088349
Nagoya,SUB-017,PD,1400,18349,0.45203558158500634,0.33072893775036144,1.045803525674485,0.32711120726036474,0.7410798367352079,0.5681788725444535,0.5273666396801419,0.5121397818872301,0.5639053908912042
Nagoya,SUB-017,PD,2000,18349,0.43079706810204127,0.43059630935586746,0.6365039835970523,0.3409231631626213,0.7020913937644351,0.5388243619073625,0.5006949052911686,0.49161194062797536,0.5436168716029645
Nagoya,SUB-017,PD,3000,18349,0.48252873961781856,0.4431308902807203,0.5699846462528767,0.3894652144573454,0.7377144047188383,0.5940011331014794,0.5789491445636767,0.5614456825508654,0.6187810710273044
Nagoya,SUB-017,PD,4000,18349,0.45316584009911265,0.43079706810204127,0.49011812827101664,0.3856566726910965,0.7223615324466075,0.558590852220026,0.5427852137686225,0.5174364867122611,0.5716717631427001
Nagoya,SUB-018,Control,250,98065,0.7006170207537324,1.0647095111779545,0.43656835351341794,0.09960062395714543,0.6786223516541791,0.8082165103447325,0.896283610827103,0.9612640975168862,0.9960194185057014
Nagoya,SUB-018,Control,350,98065,0.8009681360171772,0.8386857367627721,0.68257319805188,0.13593701095140798,0.8327912887276974,0.9333663326644098,1.0352665767373141,1.05914185644748,1.1213405397456657
Nagoya,SUB-018,Control,500,98065,0.5606958060950202,0.7006170207537324,0.8573228891301483,0.18256714464047563,0.8260924639560063,0.7816287568793464,0.7113144845153943,0.6076390788453586,0.5797009565139974
Nagoya,SUB-018,Control,700,98065,0.6456216092472733,0.8009681360171772,1.1494999761666704,0.2468427007182362,0.8978278016719259,0.8792701145229541,0.7919590738895798,0.747164465499033,0.7216009829776731
Nagoya,SUB-018,Control,1000,98065,0.5904840465580342,0.5606958060950202,0.6388411554469197,0.18577038528363302,0.8426319629037764,0.7876533687392264,0.7107682068750687,0.6966290782281234,0.6721071949917284
Nagoya,SUB-018,Control,1400,98065,0.5972926307296452,0.6456216092472733,0.535424442743559,0.2240680249135066,0.8140901368128746,0.7762128921458666,0.7238624837362504,0.7203170859118732,0.7180512468955981
Nagoya,SUB-018,Control,2000,98065,0.6060419026949717,0.5904840465580342,0.6725040130154507,0.3377398740414584,0.7473211685802611,0.752141810165449,0.7421451610398392,0.766301072913415,0.7919217701320496
Nagoya,SUB-018,Control,3000,98065,0.6541435900261188,0.5795242481904,0.7569414189965231,0.2884634913856613,0.8083109585662258,0.7934732441424841,0.7778947468080248,0.8466141512115186,0.8971606573709064
Nagoya,SUB-018,Control,4000,98065,0.6283628904171268,0.6060419026949717,0.6281541517340526,0.322648305918302,0.7842206127974618,0.7434190415177988,0.7496858074071875,0.8196234217655342,0.8739517499927646
Nagoya,SUB-019,Control,250,29491,0.38053993773010764,0.1691235601348279,1.2090335693817686,0.40554933064130794,0.5850787731699283,0.4683015011752051,0.4283387550924211,0.4510399784475,0.5249601347008954
Nagoya,SUB-019,Control,350,29491,0.3227390691456561,0.2871406180134053,1.0199594476891831,0.3107410683523816,0.5622212312719206,0.4053172775217469,0.356261749249292,0.36897171731656425,0.4040679720094348
Nagoya,SUB-019,Control,500,29491,0.4150462361009331,0.38053993773010764,0.8165893618648509,0.3323949147718313,0.6999776577057871,0.5200817511896829,0.47664085077274415,0.46880428017710035,0.5194309390244888
Nagoya,SUB-019,Control,700,29491,0.45897443069181676,0.3227390691456561,0.9090813145068773,0.32861465814245877,0.7632739193641817,0.5858789746329897,0.5126836603062568,0.5198990551547449,0.5895470073660034
Nagoya,SUB-019,Control,1000,29491,0.5239630703579049,0.4150462361009331,1.0655521675024866,0.3576050463937869,0.8554724429708362,0.6543525035462976,0.6012317079066019,0.6000181989101854,0.6729534398820431
Nagoya,SUB-019,Control,1400,29491,0.5561603390425335,0.45897443069181676,1.1591713079477335,0.395479896495648,0.8774583882864306,0.6821053687353233,0.6527256487452575,0.6444696226628016,0.7255437218521391
Nagoya,SUB-019,Control,2000,29491,0.6394151596622837,0.5239630703579049,1.2565489670675842,0.3748331858951388,1.0080022716978525,0.7910676380798201,0.7443279316205279,0.7452637134507918,0.8248307586227049
Nagoya,SUB-019,Control,3000,29491,0.6352508230649552,0.578465514377345,0.7272573754599996,0.3636400007310557,1.018650251221846,0.7826095532704721,0.7493527400211458,0.7305655908087088,0.8088022112270523
Nagoya,SUB-019,Control,4000,29491,0.7020287507478445,0.6394151596622837,0.7952422636508931,0.39529050265963006,1.063163883924724,0.8745074274933584,0.8131475491305233,0.8246609595918565,0.9324917511222447
Nagoya,SUB-020,PD,250,47695,0.4480142349564911,0.31838026424188565,0.596965847943998,0.06424045015835483,0.3886013020561595,0.4603283637223173,0.5426885453218612,0.6451379613735847,0.7952313066732251
Nagoya,SUB-020,PD,350,47695,0.5363557422841735,0.43286717267363956,1.016869896541598,0.10791805380605721,0.42438764128748396,0.5726878695027755,0.7096191611388666,0.760649183339891,0.8532573535911856
Nagoya,SUB-020,PD,500,47695,0.5803476894941942,0.4480142349564911,0.8823047660886054,0.023932946285062547,0.494963001439959,0.5976355480571518,0.7153407235198981,0.8501797067620925,0.9822019368236984
Nagoya,SUB-020,PD,700,47695,0.4038602008780562,0.5363557422841735,0.6036386092840962,0.03594766781231098,0.27258157545588146,0.39850894150236266,0.5126323784428093,0.6092215968255933,0.72529459978315
Nagoya,SUB-020,PD,1000,47695,0.2928516292402585,0.5803476894941942,0.5893549835057202,0.06006002289419985,0.1787140005025404,0.2932655696656973,0.38349867977418717,0.4467087364258298,0.502856320168616
Nagoya,SUB-020,PD,1400,47695,0.36239829133652296,0.4038602008780562,0.5823672365829251,0.052600929384361096,0.24149057792732384,0.3671127281849523,0.46816901978974307,0.5484204634309939,0.6150879126265274
Nagoya,SUB-020,PD,2000,47695,0.44985148342757386,0.2928516292402585,0.8249872419531048,0.055948660158385774,0.33074767465871546,0.46419708290315975,0.5809023115261693,0.6707201447725011,0.7361280812133627
Nagoya,SUB-020,PD,3000,47695,0.5571155839792281,0.3798120761943055,1.0837883618037882,0.0536404230193436,0.45978327307509714,0.5788353704415132,0.7102614918219394,0.8197354666249433,0.8937079089403924
Nagoya,SUB-020,PD,4000,47695,0.6103015428843791,0.44985148342757386,0.8649744250950759,0.09078058210567949,0.5261809686565511,0.6317991004615723,0.7808216875473504,0.8929537476973053,0.9656853887747835
Nagoya,SUB-021,PD,250,104355,0.35260678757035546,1.625256271035687,0.15748586719518057,0.3458909999797687,0.4796476570387125,0.4437734858881035,0.4067663444661362,0.43595123313099643,0.4734380916943703
Nagoya,SUB-021,PD,350,104355,0.4452014405249264,0.40365057102195034,0.6829316925514963,0.3395386841384343,0.5460112058337806,0.5501339447865143,0.5386381676941302,0.5646248665495069,0.5992092413551803
Nagoya,SUB-021,PD,500,104355,0.475734862740188,0.35260678757035546,0.9259407860560568,0.5719262484749542,0.5620182542291189,0.5888771775510847,0.5868957351923633,0.6158096784943037,0.6121651906972579
Nagoya,SUB-021,PD,700,104355,0.451426312558923,0.4452014405249264,0.9537546723335005,0.8773294584555866,0.5707894530533085,0.5833130993650537,0.554395330917691,0.55651990419887,0.5550170035726922
Nagoya,SUB-021,PD,1000,104355,0.5152845962785062,0.475734862740188,0.741737009127525,0.804761002045943,0.620954764191134,0.6835992282162525,0.6420274453902712,0.6250614720445018,0.6305149072918769
Nagoya,SUB-021,PD,1400,104355,0.5241546300952462,0.451426312558923,0.5296201121099493,0.977982182694227,0.6551011697610506,0.6671699727062939,0.6495834686917333,0.6470369030398435,0.6588644423156693
Nagoya,SUB-021,PD,2000,104355,0.5935736919189378,0.5152845962785062,0.7467954606798626,0.2718043201776242,0.6774696336285457,0.7403239250571095,0.7472193813891317,0.7512690278004504,0.7806426170674491
Nagoya,SUB-021,PD,3000,104355,0.5173769834547411,0.5016507064844394,0.5466091221039535,0.37207659407325183,0.6281967867593627,0.6404769496381487,0.6317381950267096,0.6493172535034327,0.7025082514514666
Nagoya,SUB-021,PD,4000,104355,0.45321055753115536,0.5935736919189378,0.36620958969308987,0.8630757781309756,0.5508073957482368,0.5794909029570153,0.5436700793747258,0.5704749707059593,0.5940262734879159
Nagoya,SUB-022,PD,250,123009,0.08087050895067141,0.3401013384687782,0.9709859191688033,0.5545499283762441,0.07673756125882439,0.08084637970542877,0.11273971831168624,0.11782319065468226,0.10914895090429515
Nagoya,SUB-022,PD,350,123009,0.08478559788405755,0.1607258151051771,0.2309539481981256,0.12931994317288098,0.0673407602045985,0.08204720824244312,0.11089162992428024,0.12675935771457802,0.14111882687337432
Nagoya,SUB-022,PD,500,123009,0.09193477141020624,0.08087050895067141,0.3965008006689677,0.08440204148135588,0.06798712903482537,0.09221223819381383,0.12102093054191229,0.13742623688606367,0.15004177382365738
Nagoya,SUB-022,PD,700,123009,0.12257307656548289,0.08478559788405755,1.0117114921191122,0.07257367652029793,0.07873053643574669,0.11798169652064401,0.16078372381066575,0.19046022943232305,0.20854892969181665
Nagoya,SUB-022,PD,1000,123009,0.12035671453071713,0.09193477141020624,0.8953257070883446,0.054468612936275015,0.08438347228599197,0.11956098243230737,0.15658357275755663,0.18241850768840256,0.20205754726464614
Nagoya,SUB-022,PD,1400,123009,0.1516205976421327,0.12257307656548289,0.4509895234995519,0.061067856812262115,0.10338580142977714,0.15131108786427502,0.19531827294070755,0.23304422595696236,0.25347300146765994
Nagoya,SUB-022,PD,2000,123009,0.18266476877475876,0.12035671453071713,0.482238581904545,0.06064746783425665,0.11673312635428654,0.17885493423951684,0.23666732191069367,0.28402080319135636,0.31082844271016724
Nagoya,SUB-022,PD,3000,123009,0.2413539963240599,0.15798048350493632,1.014099538697105,0.04125462194003707,0.17429650026325288,0.24076736729400777,0.3099653512784875,0.3649228647375666,0.4079322963572223
Nagoya,SUB-022,PD,4000,123009,0.2985727975630924,0.18266476877475876,1.0106965727920527,0.05089799048364146,0.20577538581596413,0.29000566446741355,0.3871394490051982,0.4523715992348394,0.5209191644000579
Nagoya,SUB-023,PD,250,111613,0.6292623931753683,0.3340186539371993,1.221287437796358,0.10380842500238426,0.6162234382433137,0.7190027298101304,0.7734325183450688,0.8578117778257301,0.9759064415485096
Nagoya,SUB-023,PD,350,111613,0.7624411042954675,0.41905881107773874,1.4552003308023713,0.10193525038765631,0.7367930064337764,0.8576529825024078,0.95392958337409,1.0722371334137155,1.1199786379404721
Nagoya,SUB-023,PD,500,111613,0.8948786959399782,0.6292623931753683,1.387292144810759,0.21562166868618665,0.876545893072288,1.0551976315140414,1.1122364776076532,1.2310411453485322,1.2752905573870397
Nagoya,SUB-023,PD,700,111613,0.3595153079816046,0.7624411042954675,0.2640553070331294,0.10223214838594147,0.3245036816163092,0.4019644282661635,0.4711339178494689,0.5023013313394423,0.5198500432895875
Nagoya,SUB-023,PD,1000,111613,0.2712411806649092,0.8948786959399782,0.344268391535933,0.07019335710928794,0.2244527250397425,0.2954701258725285,0.34981575120902175,0.38912255172953364,0.4191422239871818
Nagoya,SUB-023,PD,1400,111613,0.3267335635577664,0.3595153079816046,0.2825065503163562,0.09368961054172724,0.2676543592794066,0.3592486164890864,0.4209377256651442,0.47079309661111624,0.4977223987675636
Nagoya,SUB-023,PD,2000,111613,0.3471096936504031,0.2712411806649092,0.6379660077442167,0.06856559492356921,0.29830961515301424,0.38067312753678456,0.44390502787534614,0.4963696316370053,0.530891747252745
Nagoya,SUB-023,PD,3000,111613,0.3830135754524609,0.3315536085584176,0.7861217277347596,0.07333877921219124,0.36392479221873436,0.4328811118873878,0.4932509870011741,0.5250870524670441,0.563772659594662
Nagoya,SUB-023,PD,4000,111613,0.4419677929716541,0.3471096936504031,0.8769941135312825,0.09033411150121866,0.4522021513115453,0.5038149423060942,0.5644826232829231,0.5957707840930903,0.6393390790407806
Nagoya,SUB-024,PD,250,138617,0.21048236895156588,0.1562449214769315,1.5294228410935498,0.2829455938754347,0.201999627950428,0.25497522608657264,0.27933710051960037,0.2834555234718884,0.2672883614091081
Nagoya,SUB-024,PD,350,138617,0.2983893996210007,0.167984586949944,1.8073104898971555,0.2188209504802221,0.26611508794437944,0.34909193184291787,0.3852378523554982,0.4222861022085276,0.40454713545174054
Nagoya,SUB-024,PD,500,138617,0.37814110064456524,0.21048236895156588,1.0124808154166125,0.15078335660069245,0.30196295738925133,0.41335371060262077,0.49095801756472546,0.5584915171391431,0.5538415584434226
Nagoya,SUB-024,PD,700,138617,0.23270385731674564,0.2983893996210007,0.20865958766254153,0.10583141474943578,0.19225136440951907,0.2542701374814981,0.30442629810590455,0.33489891729456145,0.34759650299400924
Nagoya,SUB-024,PD,1000,138617,0.2933647643052945,0.37814110064456524,0.2485591329115559,0.053866896050142145,0.22675316234157697,0.30755180585799713,0.37863902789498904,0.4311291219940018,0.47225456921739234
Nagoya,SUB-024,PD,1400,138617,0.27583247398328725,0.23270385731674564,0.30922979592435373,0.06946130318229843,0.22235202643948318,0.299252537635957,0.35528412624032285,0.3978410159693756,0.43121735370207814
Nagoya,SUB-024,PD,2000,138617,0.32729742146739293,0.2933647643052945,0.39920821569254517,0.182768050165237,0.31608185240087794,0.38704581290748896,0.41169488603899707,0.4483142871752497,0.4627823900295801
Nagoya,SUB-024,PD,3000,138617,0.37327288174002976,0.2803468903691404,0.7803670552838109,0.06660393414715755,0.33049777455111495,0.4125774977107344,0.4785489973833775,0.5281619134260079,0.5636542258089433
Nagoya,SUB-024,PD,4000,138617,0.3852187219742591,0.32729742146739293,0.5148782819287708,0.13424769258476799,0.35584758027341756,0.43916814382254,0.4810994394743682,0.5412284062501188,0.5733476603751192
Nagoya,SUB-025,Control,250,35177,0.3938416138052681,0.24854709115372361,0.48071056160199654,0.10317504888455449,0.38408371935788144,0.4006276893763943,0.47283492306790936,0.5671303399764582,0.6731465138532758
Nagoya,SUB-025,Control,350,35177,0.46860095720342676,0.30037511836192266,0.6051426855955334,0.13218185860744536,0.4463277935604509,0.4626804128598052,0.5492736114248475,0.6960600867850695,0.8236535563343722
Nagoya,SUB-025,Control,500,35177,0.5415638436639527,0.3938416138052681,0.7251981242907112,0.17571664721904146,0.5239872135630659,0.5457310482643856,0.6381687974954239,0.8054046568192592,0.9130422179183237
Nagoya,SUB-025,Control,700,35177,0.5676361713899407,0.46860095720342676,0.6824425151558229,0.14810799917530298,0.5560074644609603,0.5999429905567579,0.665387587740304,0.8266785731844679,0.9363359464753871
Nagoya,SUB-025,Control,1000,35177,0.5564994551458572,0.5415638436639527,0.6618644718199131,0.15962959640656763,0.5843188861230555,0.6444935379982376,0.6595662560074848,0.7583408506494987,0.8558743760250738
Nagoya,SUB-025,Control,1400,35177,0.48019082883216724,0.5676361713899407,0.39708413639212425,0.19292495236565094,0.5019115744760171,0.5654881770997686,0.572345151893503,0.6475372383625311,0.7292555791340506
Nagoya,SUB-025,Control,2000,35177,0.4419041950455527,0.5564994551458572,0.41026643089951287,0.12441120069979655,0.46751435088983634,0.5047046187707502,0.525560837538228,0.6013593767115015,0.6882779335247313
Nagoya,SUB-025,Control,3000,35177,0.40003639258695295,0.4923528329464545,0.3186828340794393,0.09632984197182322,0.42963558603098556,0.4588367585099794,0.4832330442174322,0.5382905717611455,0.6100075908614302
Nagoya,SUB-025,Control,4000,35177,0.44338351648744745,0.4419041950455527,0.44364037386209265,0.10770901698950885,0.44454204004929176,0.4986000284690678,0.5331608509950159,0.6173618695610206,0.6910476267749739
Nagoya,SUB-026,PD,250,88747,0.27038821246569833,0.30425650760287415,0.35662158876532424,0.056265919222465405,0.22003160055941917,0.2812215054488369,0.3499859557879358,0.3937359544307399,0.4339636927625387
Nagoya,SUB-026,PD,350,88747,0.23749385857544994,0.25110948880906747,0.2769719236929626,0.4130654892784378,0.273236066515467,0.2736752087314095,0.3011412258257857,0.3174593754667509,0.31715089919114
Nagoya,SUB-026,PD,500,88747,0.23724563564657922,0.27038821246569833,0.2729767009389865,0.4638113330973213,0.2968535135124287,0.2893009816607911,0.28282655347538355,0.30731895001692444,0.3167098726471654
Nagoya,SUB-026,PD,700,88747,0.28507223565966266,0.23749385857544994,0.4148414036442397,0.5469036058689593,0.34078890510568854,0.33983800056386104,0.362694643042262,0.36176899884148817,0.38133016659571584
Nagoya,SUB-026,PD,1000,88747,0.27229587493816065,0.23724563564657922,0.3334624178356663,0.9536407767312297,0.37616378344603674,0.3306094574137495,0.3486141490788264,0.32301977733336223,0.3423081982836933
Nagoya,SUB-026,PD,1400,88747,0.24364266325871659,0.28507223565966266,0.28522676427599586,1.1500675773898412,0.3272639408331656,0.2924747055775936,0.3108155208852843,0.29513084638818066,0.31232054605188286
Nagoya,SUB-026,PD,2000,88747,0.2877113774828519,0.27229587493816065,0.3191749982807318,1.3795441729601052,0.37460306139735156,0.34138815591338123,0.3703481851507783,0.3546810155231348,0.36967600025657915
Nagoya,SUB-026,PD,3000,88747,0.33638949954905095,0.2519370084914466,0.38107578932725705,1.1092843429921948,0.4236050484498691,0.38446615006072876,0.4393005593773042,0.4242851674349343,0.44418619329470566
Nagoya,SUB-026,PD,4000,88747,0.3287825174888607,0.2877113774828519,0.3275993265340227,0.6811466919053268,0.3994010261167026,0.3638180980123819,0.42596564714809876,0.4265993256380013,0.4556580071749415
Nagoya,SUB-027,Control,250,95474,0.3423041278502808,1.4294448063449852,0.2390699861585825,0.3600925311377003,0.626855953489347,0.41747514296569643,0.34240173106461524,0.392840954879768,0.49074966719330154
Nagoya,SUB-027,Control,350,95474,0.25757539516562733,1.0064342692626826,0.7251818128845174,0.4303544572402748,0.42007717638959874,0.2895219993737881,0.2745575280745222,0.3267905374617157,0.3739366454466221
Nagoya,SUB-027,Control,500,95474,0.34292170543084755,0.3423041278502808,0.9443359999092756,0.28449280776656144,0.4289265947871624,0.36484947238763343,0.38678324609635595,0.4730613105717386,0.5509024014098572
Nagoya,SUB-027,Control,700,95474,0.354852832277782,0.25757539516562733,0.5266893440286771,0.3883857624072024,0.482746817535991,0.4012570001951767,0.39543802833903713,0.4688199636902942,0.5347515207928132
Nagoya,SUB-027,Control,1000,95474,0.3739361874551434,0.34292170543084755,0.47746545508542154,0.3559309315505529,0.4806481265879695,0.3986317347858773,0.42124519046137315,0.5160741833625254,0.5868115307439127
Nagoya,SUB-027,Control,1400,95474,0.32214537651275876,0.354852832277782,0.27643655420572566,0.44548999937898814,0.44079636108170234,0.34853168346376273,0.35376057150845264,0.4385030198334566,0.49906685443454074
Nagoya,SUB-027,Control,2000,95474,0.25644205604493997,0.3739361874551434,0.23219537441420565,0.4686404792016738,0.35737311770050884,0.27800301193330546,0.278388626238307,0.3480958862474404,0.39807239391078547
Nagoya,SUB-027,Control,3000,95474,0.27534507497239413,0.2976921402626283,0.3045230820989965,0.4786891789456349,0.45679181364402827,0.30826386366874586,0.28684196967983366,0.3551325425149233,0.3961821843529078
Nagoya,SUB-027,Control,4000,95474,0.28495158882027044,0.25644205604493997,0.4346072615034048,0.40109215970289946,0.5244060131895741,0.3372622849182581,0.28416169764836763,0.35050438220712,0.3812531454656386
Nagoya,SUB-028,PD,250,43078,0.1687342835933659,0.077758280647268,0.9231454640288408,0.029021299924854947,0.13700796327090378,0.17140823937891272,0.20664141367995403,0.25108376107499314,0.29206804439503514
Nagoya,SUB-028,PD,350,43078,0.11987021535104121,0.12585954471049052,0.16306177997478571,0.06984105134823014,0.09418765948468952,0.11417137122656057,0.15016043744796992,0.18273401297633307,0.21038285072399537
Nagoya,SUB-028,PD,500,43078,0.1234983266003854,0.1687342835933659,0.1811789114459839,0.09696861652609905,0.0948139429237422,0.11307782071880772,0.15558317691421664,0.1909342070731978,0.22097891366766753
Nagoya,SUB-028,PD,700,43078,0.1510517411634765,0.11987021535104121,0.17721032497728134,0.06013830420631477,0.11307787098419061,0.14414758088100502,0.18994688486598488,0.23205235086361353,0.2651459074293678
Nagoya,SUB-028,PD,1000,43078,0.17151227050113454,0.1234983266003854,0.2738112343076582,0.06622822378893638,0.12996026798922247,0.1656497342866244,0.21875053863271054,0.2596795169196435,0.29700285734416604
Nagoya,SUB-028,PD,1400,43078,0.17984250379956687,0.1510517411634765,0.20011600420071263,0.0301074974106195,0.12656740378405926,0.17362757789794134,0.22788662910116259,0.27491726783104636,0.3189946845513092
Nagoya,SUB-028,PD,2000,43078,0.20924051734993343,0.17151227050113454,0.21557316894945164,0.02248541346172712,0.15444760718630077,0.2086488322833396,0.26621183404671495,0.3137426346903565,0.36075096427221126
Nagoya,SUB-028,PD,3000,43078,0.25759783420796223,0.17525823660742174,0.5252027722298597,0.022264251202176406,0.19831166643176304,0.26333522730019604,0.32835509852072275,0.3816032242454979,0.43107957551502557
Nagoya,SUB-028,PD,4000,43078,0.24332257048338404,0.20924051734993343,0.2755763568977911,0.055427493480141886,0.18001551051831854,0.24355305305112776,0.3154955583451271,0.36415838628551933,0.40679619895197333
Nagoya,SUB-030,PD,250,104718,0.4630626695195417,0.28410159682312386,1.1871203533031744,0.29001162572138933,0.8450221482453327,0.7421547596666398,0.4911376687937712,0.4569833490718518,0.40505299188555843
Nagoya,SUB-030,PD,350,104718,0.5371194732665037,0.3581366876905331,1.0391086174910957,0.2555314495291259,0.9594370852069557,0.8487657505590326,0.5883607177307422,0.536788385013527,0.46392794085147826
Nagoya,SUB-030,PD,500,104718,0.3805549644965657,0.4630626695195417,0.2949921812228924,0.3665664442203046,0.6365693039792413,0.5983236228528319,0.41574613112206493,0.3895151785631366,0.36181047591034876
Nagoya,SUB-030,PD,700,104718,0.22350816220187708,0.5371194732665037,0.22418454635606988,0.3153299367252657,0.3435846904101096,0.30242427608021333,0.24423712207628304,0.26108325461596277,0.27600762606374296
Nagoya,SUB-030,PD,1000,104718,0.21342006474102043,0.3805549644965657,0.1483938781306526,0.40476558178163063,0.34472767720931174,0.31123053796127254,0.2290198951819562,0.2353182662189296,0.23833557147657583
Nagoya,SUB-030,PD,1400,104718,0.21854119705061695,0.22350816220187708,0.38464233254530056,0.3990028773260857,0.3712237933838341,0.3404228494565517,0.2318622164772932,0.22634135399203165,0.21693533727058215
Nagoya,SUB-030,PD,2000,104718,0.29235153620388543,0.21342006474102043,0.5854775696777124,0.49816248955873943,0.466185321837114,0.448808904052505,0.3180047970560055,0.31413160976307536,0.29543941845856825
Nagoya,SUB-030,PD,3000,104718,0.3379719760763312,0.23027232663393585,0.631219929715497,0.5758033060226821,0.5190606836780594,0.539395113541233,0.36946133679273546,0.3571284302516894,0.328689315913938
Nagoya,SUB-030,PD,4000,104718,0.32338490053871005,0.29235153620388543,0.3669653538166275,0.5374846175692521,0.4798640755763905,0.49483367833745434,0.36559493791890363,0.35090920436955575,0.331309288558883
Nagoya,SUB-031,Control,250,75052,0.516144668927339,0.43352371176225085,0.6197364287836233,0.14291758759684856,0.44794858136120225,0.5145686100448251,0.6699442834802816,0.7520474516596725,0.8403774175426297
Nagoya,SUB-031,Control,350,75052,0.5195235222075997,0.37558056878629864,0.6501254779860044,0.07409599707406901,0.45484716338691555,0.5327347395087108,0.6611809884974528,0.7534063720781422,0.8457438585204694
Nagoya,SUB-031,Control,500,75052,0.48981615723571226,0.516144668927339,0.4513165188927184,0.10943634135866939,0.46520185504646255,0.506761432060062,0.6156968642336939,0.6976415701477846,0.7927599844275789
Nagoya,SUB-031,Control,700,75052,0.5382727855622054,0.5195235222075997,0.66918000724611,0.06199247222678303,0.5114801848384646,0.5588893077000568,0.6590616825960612,0.7724909207705529,0.8903638486502462
Nagoya,SUB-031,Control,1000,75052,0.4493438921752505,0.48981615723571226,0.3900506991575311,0.05024332395827975,0.4277236375944504,0.4711992313888996,0.5538735637262422,0.6424887564421119,0.7305921810435464
Nagoya,SUB-031,Control,1400,75052,0.495626365917799,0.5382727855622054,0.47689002119242796,0.039796035126910774,0.46720081259828455,0.5311661051769727,0.6060188342453876,0.7061431062420223,0.8024067552509404
Nagoya,SUB-031,Control,2000,75052,0.5416513434969554,0.4493438921752505,0.8651119628153718,0.07881987796457086,0.550091351674755,0.5848540847729093,0.6546044390979623,0.7611935440685741,0.8651179474159078
Nagoya,SUB-031,Control,3000,75052,0.5352756113750006,0.5182957251583622,0.5419021084058732,0.13741519819437223,0.5807447509616063,0.5861327226686349,0.6407385204120039,0.7419395815180645,0.8343897135909931
Nagoya,SUB-031,Control,4000,75052,0.5234426006083452,0.5416513434969554,0.4851777914270768,0.2712764634066701,0.6567522624620301,0.5940838642821779,0.6076294870773421,0.6929269419672474,0.7883931569678885
Nagoya,SUB-032,Control,250,52183,0.8315706713212251,0.7887735031548432,0.926642048930546,0.32812187475619686,0.8382125201727204,0.8836829175150601,1.0560526742493137,1.2272296664902034,1.143563676530376
Nagoya,SUB-032,Control,350,52183,0.8798207233032903,0.7191696717088367,1.025754139225737,0.2833937938508943,0.9314043696842031,1.0255969414058053,1.1065713983356782,1.2269217373114807,1.148622709242771
Nagoya,SUB-032,Control,500,52183,0.952509630578195,0.8315706713212251,1.2600655499194637,0.512208332140933,1.0755789732245273,1.1150204068266385,1.2539677879182185,1.2367626271489267,1.2380156887698548
Nagoya,SUB-032,Control,700,52183,1.0392591279019476,0.8798207233032903,1.5362844895991015,0.3569990872219111,1.154563205767305,1.2260369285236423,1.3548596697609014,1.3446522927470332,1.3869302911890167
Nagoya,SUB-032,Control,1000,52183,1.0546450644075631,0.952509630578195,1.2962253412319282,0.7031042216117669,1.2334226425570383,1.3350690346062177,1.35882696641928,1.2960038791615205,1.3332282411445562
Nagoya,SUB-032,Control,1400,52183,1.0327575126579285,1.0392591279019476,1.0086974547651255,0.24768405700000198,1.1861069493751606,1.2734241906497068,1.315795227202751,1.3143642482661815,1.3343008449668463
Nagoya,SUB-032,Control,2000,52183,1.0197752630074717,1.0546450644075631,1.08011229446718,0.3205890645222968,1.128724987123126,1.2533715495061384,1.2658607926695802,1.336529655589285,1.3575036474215831
Nagoya,SUB-032,Control,3000,52183,0.9553701222629465,1.0322499863736667,0.9458194020360506,0.11855579497853935,1.046304161864657,1.1548396428056176,1.1943878812311215,1.252046892560724,1.3048482275698818
Nagoya,SUB-032,Control,4000,52183,0.9834976575923221,1.0197752630074717,0.9605391904231585,0.15727160478146637,1.1197006542630576,1.1972895597695958,1.2223989411410912,1.2776270236746934,1.3206448724894022
Nagoya,SUB-034,Control,250,88749,0.6231851013369516,1.2153882358183035,0.4999024148786445,0.15781581659032565,0.5669294632925439,0.7125943154954669,0.7925667386776047,0.8381218004068107,0.9783558409172076
Nagoya,SUB-034,Control,350,88749,0.5416829355968394,1.184543374763885,0.3184690235083765,0.05162071363267242,0.5116462207963446,0.600965778135207,0.6697399983559055,0.7540931907770254,0.8555852006357739
Nagoya,SUB-034,Control,500,88749,0.5455353033710505,0.6231851013369516,0.5721099886848908,0.1549139446670268,0.5961072174626479,0.6181332969008249,0.6789740997832556,0.7455327073211113,0.7739656082374728
Nagoya,SUB-034,Control,700,88749,0.5625972641133352,0.5416829355968394,1.4283868033124891,0.2876533942690408,0.6981676144245375,0.6642506296451124,0.6706797154126944,0.7345732222142421,0.7887978921647175
Nagoya,SUB-034,Control,1000,88749,0.6334655595108388,0.5455353033710505,1.2046630963332023,0.4077109300576461,0.7903006323142,0.7487288536294335,0.7540435247272153,0.8319381855600299,0.8749338349608304
Nagoya,SUB-034,Control,1400,88749,0.694745467896389,0.5625972641133352,1.0158735568036075,0.44871366633004367,0.8653264847527916,0.8299331633419441,0.8258671069337334,0.9106083005045833,0.9493110526505762
Nagoya,SUB-034,Control,2000,88749,0.6806627433162776,0.6334655595108388,0.8283524909983869,0.49161650942246454,0.8648271193008558,0.8076636862848062,0.8117666507102108,0.8886570804908034,0.9256254788902796
Nagoya,SUB-034,Control,3000,88749,0.7678281721410096,0.7076632567488036,0.7620026114310339,0.46542103679496555,0.9530005894058665,0.9317627458013851,0.928700602924156,0.9930895902798935,1.01817525399336
Nagoya,SUB-034,Control,4000,88749,0.780017789130417,0.6806627433162776,0.9747863866413068,0.5673393219165999,0.9939022120795715,0.965570953154027,0.9481244264809426,0.9880006970099413,1.002883525934777
Nagoya,SUB-035,PD,250,102327,0.25602484343255266,0.14379578658840236,0.3008832813772325,0.8267790657205005,0.3499067285925937,0.36170293279744214,0.29477000946436005,0.319760920847156,0.2578739795150165
Nagoya,SUB-035,PD,350,102327,0.1739327554631958,0.1870064553203367,0.1554149469843058,0.8059626030032367,0.20629381058269397,0.2153241682122798,0.2113847246184534,0.22720967554101842,0.225196607305761
Nagoya,SUB-035,PD,500,102327,0.18271773893365334,0.25602484343255266,0.5279685663451289,0.06900883173941652,0.17791009570900088,0.20895787641530422,0.23380436177097652,0.2501361092129136,0.2634705988291437
Nagoya,SUB-035,PD,700,102327,0.24501468606987326,0.1739327554631958,0.3068261538287578,0.35665445154178294,0.23891015096475351,0.29839696419317024,0.30636677424911557,0.33467130216172103,0.33236662852596544
Nagoya,SUB-035,PD,1000,102327,0.21484770159353617,0.18271773893365334,0.21764610183696612,0.10512941358896005,0.17621317662248182,0.23212226981456274,0.26655257981454655,0.3148538614632449,0.34520641712817124
Nagoya,SUB-035,PD,1400,102327,0.2426207641304691,0.24501468606987326,0.37152506240590794,0.06126960598469756,0.18325884049366892,0.2587577545643847,0.30860699827882354,0.35714751462558075,0.393924265873444
Nagoya,SUB-035,PD,2000,102327,0.2660822679344227,0.21484770159353617,0.48936136846375555,0.06447720129216905,0.20516441980479772,0.2860124557417571,0.3450114111612074,0.38500498113619364,0.42360056346111286
Nagoya,SUB-035,PD,3000,102327,0.25600916852069006,0.25966914495754895,0.2545621360129385,0.45230198695361035,0.2737749954131855,0.3145434536580007,0.34357246393578794,0.32065792792624265,0.32876899875365234
Nagoya,SUB-035,PD,4000,102327,0.2963850107931906,0.2660822679344227,0.5180801536299853,0.6743950087227839,0.4137429513517754,0.38746234852724465,0.3938196529803881,0.32823643255904456,0.33107028844677555
Nagoya,SUB-036,PD,250,67075,1.165588575267906,1.664489619352538,1.5476941642314501,0.9055973171334355,1.4000119973486898,1.6344739905954253,1.4014845266138658,1.4759065198095778,1.2321436812926323
Nagoya,SUB-036,PD,350,67075,1.015542759528743,1.1928771788143964,1.0167538842188593,0.6379295715294394,1.4292194058369245,1.4534336639575192,1.184007373080238,1.1349799328389845,1.181366249697022
Nagoya,SUB-036,PD,500,67075,0.9937195110020525,1.165588575267906,1.268668806015104,0.916759099064118,1.3083919580043757,1.3595421756484576,1.1347385909770675,1.1742422701675927,1.291757078429914
Nagoya,SUB-036,PD,700,67075,0.9670907651870818,1.015542759528743,1.0606527976299698,0.720598488546517,1.285357777500148,1.2656431053422108,1.1220925562769521,1.174839654055994,1.2603992430203566
Nagoya,SUB-036,PD,1000,67075,0.6151174450506798,0.9937195110020525,0.43600258911862194,0.4636473036398819,0.8618850342547552,0.7495690365468054,0.6878855016866074,0.7839717175559894,0.8464369046732385
Nagoya,SUB-036,PD,1400,67075,0.4390065057751231,0.9670907651870818,0.38477122255216784,0.434015114935674,0.6406489593519348,0.5208860178007771,0.49189648073150183,0.5499771901898848,0.623896720954968
Nagoya,SUB-036,PD,2000,67075,0.4546483514898245,0.6151174450506798,0.4400334719207268,0.4133969481680818,0.6001081069275218,0.5319616335887325,0.5302805944635947,0.5903641272558144,0.6411626973544396
Nagoya,SUB-036,PD,3000,67075,0.43415192116094714,0.43177650767261594,0.43820739062376735,0.3393121053177855,0.5681483804751465,0.4990435054949422,0.511277112464156,0.5659645070990061,0.6208005810181164
Nagoya,SUB-036,PD,4000,67075,0.47577796888487817,0.4546483514898245,0.5136496360596293,0.16689518925111663,0.5224000223559921,0.5363743751013849,0.5757489356490799,0.6535160581059244,0.704100928780012
Nagoya,SUB-037,PD,250,8647,1.0553700446095664,1.0457665648069376,1.2280880098317586,0.5218260497504285,1.762114752643058,1.1947561492210121,1.262566968591989,1.243373228145529,1.390193001535548
Nagoya,SUB-037,PD,350,8647,1.0703862379159763,0.9682897887313782,1.1284241185966557,0.6433101458195677,1.8673198744620918,1.262680405152714,1.3598277879317273,1.1420974006078484,1.3073313173130892
Nagoya,SUB-037,PD,500,8647,1.1797928401071327,1.0553700446095664,1.1411240278262196,0.3990161609570524,2.135124628156639,1.4692912806908585,1.3950791906756235,1.2321436812926323,1.4697754675964596
Nagoya,SUB-037,PD,700,8647,1.2301503760228383,1.0703862379159763,1.2929251824151338,0.32586327134586734,2.0578854093880476,1.5810206997105234,1.4861249087682558,1.331759322615239,1.4458084886522984
Nagoya,SUB-037,PD,1000,8647,1.18860435440297,1.1797928401071327,1.2913462966256422,0.4063816521941997,1.8628589149607766,1.5074227648051237,1.457273958324665,1.320437448229061,1.4529162863512248
Nagoya,SUB-037,PD,1400,8647,1.148578617624086,1.2301503760228383,1.2072339831287144,0.3305392097454049,1.9132375134054835,1.4647845878876191,1.3907686415148117,1.2589119514718135,1.3436183010868872
Nagoya,SUB-037,PD,2000,8647,0.85260181649592,1.18860435440297,0.6303753650298557,0.27649091523005065,1.5553686731612235,1.1076057954112637,0.983630182363141,0.8964662785265675,0.9952449791960318
Nagoya,SUB-037,PD,3000,8647,0.46107848580201927,1.0959696007062445,0.22842260187707897,0.27822535258935804,0.8715784038975283,0.592500861287244,0.524612767767414,0.48795059797546225,0.5290780000624239
Nagoya,SUB-037,PD,4000,8647,0.3680366128321986,0.85260181649592,0.1712810008343299,0.30008124935032054,0.6905278726391371,0.46538200194492735,0.4160753504660384,0.39548686690943,0.43594981704205704
Nagoya,SUB-038,Control,250,50310,0.5161796055228346,0.8881880023173789,0.353367633658799,0.09310535238363891,0.48397430835037064,0.5670201821096326,0.6580558607486751,0.7105389232718146,0.8065918146177307
Nagoya,SUB-038,Control,350,50310,0.5519822914673458,0.38026795572524774,0.5620846316438592,0.22146182113826987,0.4867794187505727,0.5680546565812874,0.7347593766227013,0.8003684281652202,0.8266785731844679
Nagoya,SUB-038,Control,500,50310,0.6984193453739598,0.5161796055228346,0.7986318788089196,0.03908001564908581,0.6465504189541783,0.7628070522383752,0.881033043472891,0.9929087786663273,1.0641452860302318
Nagoya,SUB-038,Control,700,50310,0.8026519712345455,0.5519822914673458,1.1246432903579502,0.14114039612283968,0.7934355072073201,0.94717441693589,1.0151158537859244,1.0921813983378192,1.1241408670188664
Nagoya,SUB-038,Control,1000,50310,0.921972746031656,0.6984193453739598,1.142956746882126,0.11922848742841036,0.9232983672535954,1.0989897183763078,1.1741510809257145,1.2283486103240806,1.2934502738107592
Nagoya,SUB-038,Control,1400,50310,0.9543806845526536,0.8026519712345455,1.1128876532384389,0.09691428851326737,0.973630703563472,1.1159589380206125,1.215226497487174,1.2895674323441648,1.3286704062591612
Nagoya,SUB-038,Control,2000,50310,0.9448957149243833,0.921972746031656,1.071842092977067,0.14519717505248775,0.9565971992808338,1.1011023685478591,1.2122200789373296,1.2886107206194637,1.2884936137536953
Nagoya,SUB-038,Control,3000,50310,0.8793134659435843,0.9462821035021396,0.8444162851360673,0.10064604993908641,0.8736288284388019,1.0007572415434833,1.124806787409252,1.216770588375575,1.23483659634042
Nagoya,SUB-038,Control,4000,50310,0.6181557079045806,0.9448957149243833,0.5180049945789018,0.11498904827508226,0.613132694835104,0.6808134937455002,0.7811568374801885,0.8705377778964416,0.9034081659664414
Nagoya,SUB-040,Control,250,99761,0.23546117990279186,0.45514597562346903,0.6824482434455807,1.118715495984191,0.30225932107770836,0.2951063671215435,0.3050463603611171,0.2831106359192001,0.2858257511464891
Nagoya,SUB-040,Control,350,99761,0.27703301832573873,0.2097408851115689,0.9689374431158726,0.352872056969333,0.3390018285162094,0.30760628768658693,0.33926130765153195,0.37421256460406,0.38916803485682006
Nagoya,SUB-040,Control,500,99761,0.29644397760222413,0.23546117990279186,1.0920545446595056,0.35770530688800156,0.3796742768619236,0.32657001024434146,0.34547452817519775,0.4001358225600805,0.44040477720107774
Nagoya,SUB-040,Control,700,99761,0.3422436868789968,0.27703301832573873,0.8101581293805454,0.3919735475085022,0.4348645426963879,0.37685952694157704,0.3952492789576081,0.46654461507394474,0.5102654841473206
Nagoya,SUB-040,Control,1000,99761,0.39775359296864043,0.29644397760222413,0.7819248434226467,0.4500945856322142,0.5221838552030714,0.4317259370708807,0.45457433102116823,0.5442042841002978,0.5943429700986397
Nagoya,SUB-040,Control,1400,99761,0.4621560161075321,0.3422436868789968,1.0197097144874558,0.5856259702872948,0.6571969755288232,0.5069615076455617,0.5216737315005423,0.6178312356400469,0.6714302359741959
Nagoya,SUB-040,Control,2000,99761,0.5075715828967132,0.39775359296864043,0.699734273753202,0.4042040937893466,0.685697716277666,0.5485078388617263,0.5847421298087948,0.6822271019623984,0.7590639714236272
Nagoya,SUB-040,Control,3000,99761,0.4476692574951824,0.4693464336532697,0.4393498021138932,0.3676157498252112,0.5924703490854129,0.4839388598612962,0.5164155746032943,0.6038737698482001,0.6757658172408298
Nagoya,SUB-040,Control,4000,99761,0.5134875931408699,0.5075715828967132,0.5104114380113074,0.3687239451639007,0.6699150840578565,0.5663743804333176,0.588088630729639,0.691468574178764,0.7730976766674014
Nagoya,SUB-041,Control,250,98988,1.2360854866738797,1.2245506061409916,1.5977589827320926,0.44596721316443677,1.343169934486136,1.403141931692502,1.6094379124341003,1.7104138297741025,1.5716975844512533
Nagoya,SUB-041,Control,350,98988,1.0913370083739777,1.2348640252821623,1.0405677427632165,0.25910863106743987,1.1597099100991968,1.2523122134730864,1.4155815533916796,1.4768083686607225,1.4642559025896025
Nagoya,SUB-041,Control,500,98988,0.7596346867562882,1.2360854866738797,0.4628295673362007,0.3357771523846621,0.7529172718888547,0.8890575814157963,0.9405397871274694,1.0703871949972334,1.0434604685930295
Nagoya,SUB-041,Control,700,98988,0.7340448587577227,1.0913370083739777,0.631338796098305,0.27493016221303906,0.770230570740979,0.8736200473602147,0.8984861072406485,0.9970346198966253,1.0319364678412708
Nagoya,SUB-041,Control,1000,98988,0.745897010566442,0.7596346867562882,0.8614214200120177,0.21114894719756833,0.8594262827649435,0.8890341159680804,0.912527181912387,0.9881333401708864,1.0201545467967699
Nagoya,SUB-041,Control,1400,98988,0.7495931762952752,0.7340448587577227,0.9146819326140179,0.45567264099960714,0.9653913549281898,0.9127606242662936,0.8922799388278687,0.9600351083995683,1.0003890650371012
Nagoya,SUB-041,Control,2000,98988,0.7480177582315655,0.745897010566442,0.7460272420331122,0.3567343086438024,0.8804482951934401,0.8963179289308315,0.9024240276911661,0.9907265191430892,1.02079233559204
Nagoya,SUB-041,Control,3000,98988,0.8029058246929275,0.7587317614786375,1.008777603554133,0.11955970900407478,0.8450088934036507,0.9380121267764283,0.9952449046969888,1.0872733097875917,1.1429886710036057
Nagoya,SUB-041,Control,4000,98988,0.8516953528376737,0.7480177582315655,1.1635473454597944,0.10110262583084237,0.8543635859210872,0.9849761387618027,1.0647651437920826,1.1670474200738323,1.229012537200214
Nagoya,SUB-043,Control,250,84029,0.8499889873038817,0.638245875069243,1.1448054643376975,0.8110170146523437,1.0094845087721025,1.0096648026516135,1.109558449565607,1.0986122886681098,1.0547342824960555
Nagoya,SUB-043,Control,350,84029,0.8677551939272254,0.8253456834054225,0.7390602630086098,1.1906402380266556,1.1356939635726415,1.1317565329018635,1.0296194171811581,1.102588437047749,1.013929201438071
Nagoya,SUB-043,Control,500,84029,0.7370151246341128,0.8499889873038817,0.6046268284705076,0.5479173286106298,0.9752677413505801,0.9583895521829621,0.8915738667665732,0.8911434704921375,0.9126697261072028
Nagoya,SUB-043,Control,700,84029,0.8272153407161289,0.8677551939272254,0.7632552527469212,1.1131080142735699,1.0314763793593609,1.0879042743956375,0.9992540023713106,1.0254344049398307,1.0154916643883705
Nagoya,SUB-043,Control,1000,84029,0.9560556997732815,0.7370151246341128,1.47796900184011,0.6662067840419391,1.0915113343040024,1.2587863941256598,1.1886515454838014,1.1956494914069493,1.1828708013959914
Nagoya,SUB-043,Control,1400,84029,1.0043260180228266,0.8272153407161289,1.3683004420007459,0.7838324926526997,1.1827540223936455,1.3101119992197843,1.2352479252455346,1.249130157458037,1.2715259939879102
Nagoya,SUB-043,Control,2000,84029,1.0737729489605203,0.9560556997732815,1.2844515732909119,1.007999559528997,1.3093942580645972,1.420675467188074,1.3187241625613688,1.3084447522917193,1.332646467458282
Nagoya,SUB-043,Control,3000,84029,0.8163561793720919,1.010105036476829,0.7695999132103966,0.9240762397000343,1.024826726100957,1.0484872802133682,1.0071746372115873,0.9968356070630127,1.0337400186440269
Nagoya,SUB-043,Control,4000,84029,0.7072645576523128,1.0737729489605203,0.928174554818025,0.8310881420160349,0.8585975907896783,0.89897053123751,0.8730289129593105,0.8830087338513477,0.9040316296371127
