Dataset,Scale,Metric,n,rho,p,q_BH,sig
Chile,1,RMSSD,73,-0.24200913242009137,0.03913061904827556,0.08534701149810894,
Chile,1,SDNN,73,-0.4870726891274837,1.2432142023661141e-05,8.71155223293828e-05,***
Chile,1,pNN50,73,0.20257929162038754,0.08564437686706565,0.16177699802848913,
Chile,1,SD1,73,-0.24200913242009137,0.03913061904827556,0.08534701149810894,
Chile,1,SD2,73,-0.5187584845119093,2.580170055241942e-06,2.764467916330652e-05,***
Chile,1,SD1SD2,73,0.43619647044304594,0.00011449017600810414,0.0005373399849965757,***
Chile,1,VLF_power,73,0.006077995804023203,0.9592979762929043,0.9722614624590246,
Chile,1,LF_power,73,-0.03501789460693571,0.7686668000195829,0.8509226568482468,
Chile,1,HF_power,73,0.14287918055041346,0.22786046138245875,0.3616832720356488,
Chile,1,Total_power,73,0.014871035418980627,0.9006248398937996,0.9349046780904494,
Chile,1,LF_HF,73,-0.11184129334814269,0.3461725017848074,0.49928726218962605,
Chile,1,LF_norm,73,-0.05815747254103419,0.6250290960287829,0.7411412205874895,
Chile,1,HF_norm,73,0.10903369122547206,0.35848962192373846,0.5097008842517609,
Chile,1,DFA_alpha1,73,-0.37054177465136373,0.0012511150360576667,0.004265164895651137,**
Chile,1,DFA_alpha2,73,-0.11356904850055537,0.33872552983460624,0.4909065649776902,
Chile,1,SDANN,0,,,,
Chile,2,RMSSD,73,-0.3490065407873628,0.0024763513977611572,0.00782005704556155,**
Chile,2,SDNN,73,-0.5465259780328274,5.674745506712192e-07,1.064014782508536e-05,***
Chile,2,pNN50,73,0.0840737998272245,0.4794532618668539,0.6199826662071386,
Chile,2,SD1,73,-0.3490065407873628,0.0024763513977611572,0.00782005704556155,**
Chile,2,SD2,73,-0.556368011847464,3.208571241343366e-07,6.417142482686732e-06,***
Chile,2,SD1SD2,73,0.4053128470936691,0.00037484728949603585,0.0014604439850494904,**
Chile,2,VLF_power,73,-0.09144761199555722,0.44162179341317864,0.5941100359818546,
Chile,2,LF_power,73,-0.02094903122300383,0.8603579190400688,0.9088287877183824,
Chile,2,HF_power,73,0.07750215969394053,0.5145747083813204,0.644268230955427,
Chile,2,Total_power,73,-0.037640380106133534,0.7518804060894232,0.8354226734326924,
Chile,2,LF_HF,73,-0.024065161051462426,0.8398438424429153,0.8934508962158674,
Chile,2,LF_norm,73,0.0564605701592003,0.6351776365904686,0.7456510123373249,
Chile,2,HF_norm,73,0.06414291003332101,0.589794431423381,0.7153551763794568,
Chile,2,DFA_alpha1,73,-0.34246575342465757,0.0030192943763257367,0.009149376897956777,**
Chile,2,DFA_alpha2,73,-0.14553251882019008,0.21925108954688072,0.35554230737332004,
Chile,2,SDANN,0,,,,
Chile,3,RMSSD,73,-0.436165617672467,0.00011463253013260281,0.0005373399849965757,***
Chile,3,SDNN,73,-0.49089843267925465,1.0367220093430381e-05,7.58577080007101e-05,***
Chile,3,pNN50,73,-0.0443662840923115,0.7093667391603361,0.8000376757447399,
Chile,3,SD1,73,-0.436165617672467,0.00011463253013260281,0.0005373399849965757,***
Chile,3,SD2,73,-0.46646303838084663,3.188888150413216e-05,0.00018758165590665975,***
Chile,3,SD1SD2,73,0.2289892632358386,0.0513319647369725,0.105609180742827,
Chile,3,VLF_power,73,-0.14229297790941628,0.22979389538484704,0.3628324663971269,
Chile,3,LF_power,73,0.004535357275083303,0.9696227215437929,0.9794168904482756,
Chile,3,HF_power,73,-0.07349129951869679,0.5366354696031276,0.6652505821526375,
Chile,3,Total_power,73,-0.1161606812291744,0.327745334553286,0.4819784331665971,
Chile,3,LF_HF,73,0.1239355794150315,0.2961784617393091,0.44426769260896365,
Chile,3,LF_norm,73,0.19054671109465632,0.10636162676551111,0.19575759527394684,
Chile,3,HF_norm,73,-0.07734789584104654,0.5154145847643415,0.644268230955427,
Chile,3,DFA_alpha1,73,-0.1467974824139208,0.21522811903516137,0.35283298202485475,
Chile,3,DFA_alpha2,73,-0.18974453905960756,0.10787014874035164,0.1962336329918123,
Chile,3,SDANN,0,,,,
Chile,4,RMSSD,73,-0.4724176231025547,2.4441852756426415e-05,0.00014870408952986114,***
Chile,4,SDNN,73,-0.4626372948290758,3.773351241530646e-05,0.00021769334085753727,***
Chile,4,pNN50,73,-0.10258546217450328,0.38778339526271155,0.5336468742147407,
Chile,4,SD1,73,-0.4724176231025547,2.4441852756426415e-05,0.00014870408952986114,***
Chile,4,SD2,73,-0.42666296433419726,0.00016714114245102875,0.0007597324656864943,***
Chile,4,SD1SD2,73,0.13559792669381715,0.2526878608181336,0.38676713390530654,
Chile,4,VLF_power,73,-0.08175984203381464,0.4916719323015615,0.6250066936036799,
Chile,4,LF_power,73,0.026502529927187466,0.8238713442606476,0.885883165871664,
Chile,4,HF_power,73,-0.1631803035912625,0.1677668849857117,0.28435065251815544,
Chile,4,Total_power,73,-0.13346908552388007,0.2602826617145935,0.3943676692645356,
Chile,4,LF_HF,73,0.23673330865111694,0.04374753693636654,0.09273073805591514,
Chile,4,LF_norm,73,0.23352462051092196,0.04676940377535993,0.09743625786533319,
Chile,4,HF_norm,73,-0.2155683080340615,0.06700708065098769,0.13225081707431782,
Chile,4,DFA_alpha1,73,-0.053652968036529684,0.6521163779200628,0.7553471558919647,
Chile,4,DFA_alpha2,73,-0.14133654202147355,0.232972908417857,0.3659260341641733,
Chile,4,SDANN,0,,,,
Chile,5,RMSSD,73,-0.5250215969394052,1.8550979820422296e-06,2.0612199800469218e-05,***
Chile,5,SDNN,73,-0.49851906701221776,7.172666447962214e-06,5.645272868940568e-05,***
Chile,5,pNN50,73,-0.17370109835863265,0.1416470052233802,0.2485035179357547,
Chile,5,SD1,73,-0.5250215969394052,1.8550979820422296e-06,2.0612199800469218e-05,***
Chile,5,SD2,73,-0.4540602246081699,5.463330715265268e-05,0.0002926784311749251,***
Chile,5,SD1SD2,73,0.09897568801678391,0.4047876286068204,0.5476071529870964,
Chile,5,VLF_power,73,0.009533506108848575,0.9361973116098667,0.9618465530238356,
Chile,5,LF_power,73,0.05158583240775022,0.6647016256270695,0.7640248570426086,
Chile,5,HF_power,73,-0.18317289892632363,0.12086001334339275,0.21711379642525644,
Chile,5,Total_power,73,-0.11363075404171294,0.338461441608907,0.4909065649776902,
Chile,5,LF_HF,73,0.2850178946069358,0.014521850586131587,0.03570946865442194,*
Chile,5,LF_norm,73,0.22207824262618786,0.05898005709385638,0.11875179280642224,
Chile,5,HF_norm,73,-0.2931938788103172,0.01182242452272442,0.029804431569893496,*
Chile,5,DFA_alpha1,73,-0.022152289275576952,0.8524249301622238,0.9036306680164916,
Chile,5,DFA_alpha2,73,-0.08765272121436506,0.4608789984446878,0.6068887997318002,
Chile,5,SDANN,0,,,,
Chile,6,RMSSD,73,-0.5431321732691597,6.878895053091712e-07,1.0946021199362429e-05,***
Chile,6,SDNN,73,-0.5066950512155992,4.78321893923367e-06,4.625718848893289e-05,***
Chile,6,pNN50,73,-0.20211650006170556,0.08637725606823468,0.16195735512794002,
Chile,6,SD1,73,-0.5431321732691597,6.878895053091712e-07,1.0946021199362429e-05,***
Chile,6,SD2,73,-0.45763914599531047,4.687175089985217e-05,0.00026039861611028986,***
Chile,6,SD1SD2,73,0.08780698506725906,0.46008733629706067,0.6068887997318002,
Chile,6,VLF_power,73,0.028477107244230533,0.8109834283720487,0.875161973063362,
Chile,6,LF_power,73,0.06824632852030113,0.5661692789172854,0.693268504796676,
Chile,6,HF_power,73,-0.19341601875848455,0.10109941933914533,0.18722114692434322,
Chile,6,Total_power,73,-0.10357275083302482,0.3832079699745854,0.5297806036515006,
Chile,6,LF_HF,73,0.3061520424534124,0.00843374213056577,0.022001066427562877,*
Chile,6,LF_norm,73,0.228927557694681,0.051396467961509144,0.105609180742827,
Chile,6,HF_norm,73,-0.32315191904233004,0.0052937022938653955,0.014569822827152466,*
Chile,6,DFA_alpha1,73,-0.015920029618659758,0.8936544022068968,0.9308900022988509,
Chile,6,DFA_alpha2,73,-0.07919906207577442,0.5053822336594371,0.6370364289824838,
Chile,6,SDANN,0,,,,
Chile,7,RMSSD,73,-0.5698198198198199,1.4278594512615188e-07,4.368847792926088e-06,***
Chile,7,SDNN,73,-0.514068863383932,3.2891208291968344e-06,3.289120829196834e-05,***
Chile,7,pNN50,73,-0.2362396643218561,0.044201651806652885,0.09273073805591514,
Chile,7,SD1,73,-0.5698198198198199,1.4278594512615188e-07,4.368847792926088e-06,***
Chile,7,SD2,73,-0.4566518573367889,4.890382422135596e-05,0.000266748132116487,***
Chile,7,SD1SD2,73,0.05828088362334939,0.6242936971655829,0.7411412205874895,
Chile,7,VLF_power,73,0.055288164877205975,0.6422288964128463,0.7489416074985769,
Chile,7,LF_power,73,0.06346414908058745,0.5937447963949491,0.7153551763794568,
Chile,7,HF_power,73,-0.21615451067505867,0.06625000025274085,0.1316225170584255,
Chile,7,Total_power,73,-0.11125509070714552,0.3487221644260712,0.5005581307551261,
Chile,7,LF_HF,73,0.32895223991114403,0.004488753392927394,0.012468759424798316,*
Chile,7,LF_norm,73,0.22411452548438854,0.056636088324362545,0.11480288173857273,
Chile,7,HF_norm,73,-0.36042206590151804,0.0017344706923884089,0.0056892279762404355,**
Chile,7,DFA_alpha1,73,0.0008947303467851413,0.9940058411221793,0.999793302965658,
Chile,7,DFA_alpha2,73,-0.032179439713686295,0.786955766718724,0.8600205564297208,
Chile,7,SDANN,0,,,,
Chile,8,RMSSD,73,-0.5974021967172654,2.412753127323623e-08,3.6191296909854344e-06,***
Chile,8,SDNN,73,-0.5374861162532396,9.430568994024211e-07,1.3258845180886538e-05,***
Chile,8,pNN50,73,-0.27227570035789217,0.019785697270501966,0.04748567344920472,*
Chile,8,SD1,73,-0.5974021967172654,2.412753127323623e-08,3.6191296909854344e-06,***
Chile,8,SD2,73,-0.47210909539676676,2.4784014921643523e-05,0.00014870408952986114,***
Chile,8,SD1SD2,73,0.03196347031963471,0.788352176727244,0.8600205564297208,
Chile,8,VLF_power,73,0.08666543255584352,0.46596324322752225,0.6072185695973418,
Chile,8,LF_power,73,0.029618659755646058,0.8035551765567114,0.8702763645018535,
Chile,8,HF_power,73,-0.25499814883376526,0.029463278100733327,0.06747315595587784,
Chile,8,Total_power,73,-0.13985560903369124,0.23795525642778537,0.3718050881684147,
Chile,8,LF_HF,73,0.3473713439466865,0.0026031872860793176,0.008051094699214384,**
Chile,8,LF_norm,73,0.20532518820190057,0.08139659471222353,0.15754179621720682,
Chile,8,HF_norm,73,-0.39929655683080345,0.00046618059229051434,0.0017400307032376986,**
Chile,8,DFA_alpha1,73,-0.0004936443292607676,0.9966928566821822,0.999793302965658,
Chile,8,DFA_alpha2,73,0.040941626558064916,0.7309123971902796,0.8203701283003874,
Chile,8,SDANN,0,,,,
Chile,9,RMSSD,73,-0.581420461557448,6.896319912356469e-08,4.368847792926088e-06,***
Chile,9,SDNN,73,-0.5154572380599779,3.0621745206715197e-06,3.167766745522262e-05,***
Chile,9,pNN50,73,-0.25829939528569673,0.027355390772693323,0.06312782486006151,
Chile,9,SD1,73,-0.581420461557448,6.896319912356469e-08,4.368847792926088e-06,***
Chile,9,SD2,73,-0.4527027027027028,5.787701153865692e-05,0.00030461585020345744,***
Chile,9,SD1SD2,73,0.013390102431198323,0.9104781183109012,0.9386372353720631,
Chile,9,VLF_power,73,0.08175984203381464,0.4916719323015615,0.6250066936036799,
Chile,9,LF_power,73,0.013760335678143897,0.9080134761258871,0.9386372353720631,
Chile,9,HF_power,73,-0.26798716524743926,0.02189032167145238,0.05170942127114736,
Chile,9,Total_power,73,-0.15694804393434533,0.1848215691622305,0.30793103866864147,
Chile,9,LF_HF,73,0.3398124151548809,0.003268261219659047,0.009707706593046676,**
Chile,9,LF_norm,73,0.1981673454276194,0.09283456884609369,0.17298366865731743,
Chile,9,HF_norm,73,-0.3990805874367519,0.00046980828987417864,0.0017400307032376986,**
Chile,9,DFA_alpha1,73,0.016382821177341727,0.8905817309238266,0.9308900022988509,
Chile,9,DFA_alpha2,73,0.056275453535727514,0.6362888638611839,0.7456510123373249,
Chile,9,SDANN,0,,,,
Chile,10,RMSSD,73,-0.5635258546217451,2.0948170871953678e-07,4.488893758275789e-06,***
Chile,10,SDNN,73,-0.5010181414291004,6.344199446858289e-06,5.4992509074470246e-05,***
Chile,10,pNN50,73,-0.24839565592990256,0.03409081668235402,0.0774161087439591,
Chile,10,SD1,73,-0.5635258546217451,2.0948170871953678e-07,4.488893758275789e-06,***
Chile,10,SD2,73,-0.43829445884240414,0.00010518408559692008,0.0005259204279846004,***
Chile,10,SD1SD2,73,-3.085277057879798e-05,0.999793302965658,0.999793302965658,
Chile,10,VLF_power,73,0.10860175243736889,0.36040821730289396,0.5100116282588122,
Chile,10,LF_power,73,0.01727755152412687,0.8846458304769693,0.9279501718289889,
Chile,10,HF_power,73,-0.24808712822411455,0.0343211415431552,0.0774161087439591,
Chile,10,Total_power,73,-0.13778847340491177,0.2450321609594437,0.378915712823882,
Chile,10,LF_HF,73,0.33098852276934476,0.004233065058945571,0.01186840670732403,*
Chile,10,LF_norm,73,0.17209675428853513,0.14541927375153138,0.25268069961046113,
Chile,10,HF_norm,73,-0.39985190670122184,0.00045696934142063763,0.001735326612989763,**
Chile,10,DFA_alpha1,73,0.024558805380723192,0.8366034680751024,0.8931709623577606,
Chile,10,DFA_alpha2,73,0.07386153276564236,0.5345797586941954,0.6652505821526375,
Chile,10,SDANN,0,,,,
Chile,11,RMSSD,73,-0.5686782673084044,1.531561210205064e-07,4.368847792926088e-06,***
Chile,11,SDNN,73,-0.500308527705788,6.569845208478173e-06,5.4992509074470246e-05,***
Chile,11,pNN50,73,-0.2460199925953351,0.0358981179450632,0.08036892077252955,
Chile,11,SD1,73,-0.5686782673084044,1.531561210205064e-07,4.368847792926088e-06,***
Chile,11,SD2,73,-0.4364124398370974,0.00011349825601063438,0.0005373399849965757,***
Chile,11,SD1SD2,73,-0.008854745156115021,0.9407313975735037,0.9632062091196283,
Chile,11,VLF_power,73,0.10789213871405655,0.36357385771364514,0.5120758559347115,
Chile,11,LF_power,73,0.00657164013328397,0.9559953872075531,0.9721986988551388,
Chile,11,HF_power,73,-0.27631741330371473,0.017962942995631052,0.04345873305394609,*
Chile,11,Total_power,73,-0.152875478217944,0.19662414078837165,0.324105726574239,
Chile,11,LF_HF,73,0.3457052943354314,0.002738363459892205,0.008382745285384302,**
Chile,11,LF_norm,73,0.16848698013081576,0.15418142623952785,0.26280924927192245,
Chile,11,HF_norm,73,-0.4227138097001112,0.00019486572453760516,0.0008472422805982833,***
Chile,11,DFA_alpha1,73,0.03329013945452302,0.779784906443992,0.8593121846762432,
Chile,11,DFA_alpha2,73,0.0871899296556831,0.4632584504619408,0.6068887997318002,
Chile,11,SDANN,0,,,,
Chile,12,RMSSD,73,-0.5665185733678885,1.7475391171704354e-07,4.368847792926088e-06,***
Chile,12,SDNN,73,-0.48698013081574726,1.2486558200544868e-05,8.71155223293828e-05,***
Chile,12,pNN50,73,-0.26033567814389735,0.026119808244761768,0.06074374010409713,
Chile,12,SD1,73,-0.5665185733678885,1.7475391171704354e-07,4.368847792926088e-06,***
Chile,12,SD2,73,-0.419535974330495,0.0002201801568443004,0.0009303386908914102,***
Chile,12,SD1SD2,73,-0.03295075897815624,0.7819740880553813,0.8593121846762432,
Chile,12,VLF_power,73,0.10563988646180429,0.3737335838538324,0.5239255848418211,
Chile,12,LF_power,73,-0.007620634332963102,0.9489799086841817,0.9683468455961037,
Chile,12,HF_power,73,-0.2875169690238184,0.013645322663640665,0.03383137850489421,*
Chile,12,Total_power,73,-0.16928915216586451,0.15220114130759835,0.26241576087516955,
Chile,12,LF_HF,73,0.35122794026903625,0.002312914667372295,0.007461015056039662,**
Chile,12,LF_norm,73,0.17197334320621993,0.14571253677536591,0.25268069961046113,
Chile,12,HF_norm,73,-0.42681722818709134,0.0001661357590790774,0.0007597324656864943,***
Chile,12,DFA_alpha1,73,0.054979637171418,0.6440897824487761,0.7489416074985769,
Chile,12,DFA_alpha2,73,0.11822781685795387,0.3191513148226069,0.4716521893930151,
Chile,12,SDANN,0,,,,
Chile,13,RMSSD,73,-0.5741083549302729,1.0946145430026014e-07,4.368847792926088e-06,***
Chile,13,SDNN,73,-0.4813649265704061,1.6236496031465087e-05,0.0001082433068764339,***
Chile,13,pNN50,73,-0.26703072935949657,0.02238485084149099,0.0524644941597445,
Chile,13,SD1,73,-0.5741083549302729,1.0946145430026014e-07,4.368847792926088e-06,***
Chile,13,SD2,73,-0.4102492903862767,0.0003124729712789096,0.0012334459392588538,**
Chile,13,SD1SD2,73,-0.052141182278168594,0.6613112322920214,0.7630514218754093,
Chile,13,VLF_power,73,0.10446748117980997,0.37908957533083987,0.5269065887342174,
Chile,13,LF_power,73,-0.0259780328273479,0.827302675153541,0.8863957233787939,
Chile,13,HF_power,73,-0.30707762557077634,0.00822806971780741,0.021652815046861604,*
Chile,13,Total_power,73,-0.18743058126619774,0.1123146063166705,0.2029782041867539,
Chile,13,LF_HF,73,0.3602369492780452,0.0017446965793804002,0.0056892279762404355,**
Chile,13,LF_norm,73,0.17478094532889057,0.13914972080560697,0.24555833083342407,
Chile,13,HF_norm,73,-0.4413488831297051,9.287870977688885e-05,0.0004722646259841806,***
Chile,13,DFA_alpha1,73,0.06997408367271384,0.5563566491141112,0.6840450603862023,
Chile,13,DFA_alpha2,73,0.13815870665185737,0.24375414703876003,0.3788924565369327,
Chile,13,SDANN,0,,,,
Chile,14,RMSSD,73,-0.5361285943477725,1.016511463867968e-06,1.3258845180886538e-05,***
Chile,14,SDNN,73,-0.45979883993582626,4.269667569173175e-05,0.00024167929636829293,***
Chile,14,pNN50,73,-0.24185486856719737,0.039259625289130115,0.08534701149810894,
Chile,14,SD1,73,-0.5361285943477725,1.016511463867968e-06,1.3258845180886538e-05,***
Chile,14,SD2,73,-0.3934653831914107,0.0005736613296812279,0.0020487904631472423,**
Chile,14,SD1SD2,73,-0.047544119461927686,0.689574974082519,0.7865874229078164,
Chile,14,VLF_power,73,0.11440207330618292,0.33517126019139765,0.4904945271093624,
Chile,14,LF_power,73,-0.030143156855485628,0.8001479667389162,0.8697260508031698,
Chile,14,HF_power,73,-0.2966185363445638,0.010828203182914943,0.02766107551309166,*
Chile,14,Total_power,73,-0.1785758361100827,0.13063633242645126,0.23189881495819747,
Chile,14,LF_HF,73,0.34138590645439965,0.0031184988124217414,0.009355496437265224,**
Chile,14,LF_norm,73,0.15682463285203013,0.18517150990887887,0.30793103866864147,
Chile,14,HF_norm,73,-0.4247500925583118,0.00018008195994014448,0.0008063371340603484,***
Chile,14,DFA_alpha1,73,0.0705294335431322,0.553219920913354,0.6829875566831531,
Chile,14,DFA_alpha2,73,0.14324941379735903,0.22664520607003935,0.36166788202665856,
Chile,14,SDANN,0,,,,
Chile,15,RMSSD,73,-0.5420831790694806,7.297347466241619e-07,1.0946021199362429e-05,***
Chile,15,SDNN,73,-0.4830001234110824,1.5048271395915538e-05,0.00010260185042669685,***
Chile,15,pNN50,73,-0.24435394298408003,0.03721271188316086,0.08269491529591302,
Chile,15,SD1,73,-0.5420831790694806,7.297347466241619e-07,1.0946021199362429e-05,***
Chile,15,SD2,73,-0.4214488461063804,0.00020460319202278402,0.0008768708229547887,***
Chile,15,SD1SD2,73,-0.020054300876218685,0.8662658070755245,0.9118587442900257,
Chile,15,VLF_power,73,0.10061088485746023,0.39703144152847447,0.5438786870253075,
Chile,15,LF_power,73,-0.04556954214488462,0.7018493164307015,0.7975560413985243,
Chile,15,HF_power,73,-0.28782549672960633,0.013540348152653673,0.03383137850489421,*
Chile,15,Total_power,73,-0.1790077748981859,0.1296929652219054,0.2315945807534025,
Chile,15,LF_HF,73,0.31275453535727515,0.007060077288817099,0.01908128996977594,*
Chile,15,LF_norm,73,0.1270517092434901,0.2841054923624737,0.4282997372298598,
Chile,15,HF_norm,73,-0.40049981488337655,0.0004464330924504707,0.0017170503555787333,**
Chile,15,DFA_alpha1,73,0.03942984079970382,0.7404912173838468,0.8258266364875615,
Chile,15,DFA_alpha2,73,0.13565963223497474,0.2524699995630312,0.38676713390530654,
Chile,15,SDANN,0,,,,
Chile,16,RMSSD,73,-0.5268419104035543,1.6833869241910098e-06,2.020064309029212e-05,***
Chile,16,SDNN,73,-0.4521782056028632,5.917737433285457e-05,0.0003060898672389029,***
Chile,16,pNN50,73,-0.23688757250401088,0.0436064193047554,0.09273073805591514,
Chile,16,SD1,73,-0.5268419104035543,1.6833869241910098e-06,2.020064309029212e-05,***
Chile,16,SD2,73,-0.38578304331728996,0.0007496780444556926,0.002645922509843621,**
Chile,16,SD1SD2,73,-0.048809083055658405,0.6817532893006026,0.7806335373671022,
Chile,16,VLF_power,73,0.08209922251018142,0.48986968615156856,0.6250066936036799,
Chile,16,LF_power,73,-0.06152042453412317,0.6051222017483966,0.7261466420980759,
Chile,16,HF_power,73,-0.31115019128717764,0.00737439694444911,0.019752848958345833,*
Chile,16,Total_power,73,-0.20251758607922993,0.08574180895509925,0.16177699802848913,
Chile,16,LF_HF,73,0.3323768974453907,0.00406622675933869,0.011617790740967686,*
Chile,16,LF_norm,73,0.14371220535604098,0.22513250932502224,0.361336581274668,
Chile,16,HF_norm,73,-0.4113599901271135,0.00029981937685159295,0.0011992775074063718,**
Chile,16,DFA_alpha1,73,0.06682710107367643,0.5742899644077455,0.7003536151313969,
Chile,16,DFA_alpha2,73,0.15660866345797855,0.18578505999674702,0.30793103866864147,
Chile,16,SDANN,0,,,,
Chile,17,RMSSD,73,-0.5054609403924474,5.088290733782618e-06,4.625718848893289e-05,***
Chile,17,SDNN,73,-0.42434900654078744,0.00018290964158785737,0.0008069543011229002,***
Chile,17,pNN50,73,-0.21618536344563746,0.0662103457538841,0.1316225170584255,
Chile,17,SD1,73,-0.5054609403924474,5.088290733782618e-06,4.625718848893289e-05,***
Chile,17,SD2,73,-0.36252005430087625,0.0016222892576729256,0.005407630858909752,**
Chile,17,SD1SD2,73,-0.06380352955695423,0.5917681323155204,0.7153551763794568,
Chile,17,VLF_power,73,0.09089226212513885,0.4444114242241124,0.595193871728722,
Chile,17,LF_power,73,-0.057293594964827846,0.6301870889668443,0.7443154594096586,
Chile,17,HF_power,73,-0.3072010366530915,0.008200981329473948,0.021652815046861604,*
Chile,17,Total_power,73,-0.1897136862890288,0.10792849814549677,0.1962336329918123,
Chile,17,LF_HF,73,0.33256201406886343,0.004044428800630873,0.011617790740967686,*
Chile,17,LF_norm,73,0.14611872146118723,0.21738026544949585,0.35442434584156934,
Chile,17,HF_norm,73,-0.41148340120942867,0.00029844280033946766,0.0011992775074063718,**
Chile,17,DFA_alpha1,73,0.08635690485005555,0.4675582985899531,0.6072185695973418,
Chile,17,DFA_alpha2,73,0.15700974947550295,0.1846467784932613,0.30793103866864147,
Chile,17,SDANN,0,,,,
Chile,18,RMSSD,73,-0.4975317783536962,7.527030491920758e-06,5.645272868940568e-05,***
Chile,18,SDNN,73,-0.39642724916697525,0.0005165296999299527,0.0018669748190239255,**
Chile,18,pNN50,73,-0.20551030482537336,0.08111635941212338,0.15754179621720682,
Chile,18,SD1,73,-0.4975317783536962,7.527030491920758e-06,5.645272868940568e-05,***
Chile,18,SD2,73,-0.3354930272738493,0.0037128594775036067,0.01081415381797167,*
Chile,18,SD1SD2,73,-0.08749845736147108,0.4616714052766918,0.6068887997318002,
Chile,18,VLF_power,73,0.060286313710971255,0.6123952026422677,0.7319464573413558,
Chile,18,LF_power,73,-0.08876342095520179,0.4551956904886457,0.6068887997318002,
Chile,18,HF_power,73,-0.3372207824262619,0.0035289424464716875,0.010379242489622612,*
Chile,18,Total_power,73,-0.2258422806368012,0.05470727790357478,0.11164750592566282,
Chile,18,LF_HF,73,0.3215167222016538,0.0055425557047385715,0.015116061012923376,*
Chile,18,LF_norm,73,0.13383931877082567,0.25895084262487034,0.39434138470792435,
Chile,18,HF_norm,73,-0.41148340120942867,0.00029844280033946766,0.0011992775074063718,**
Chile,18,DFA_alpha1,73,0.10440577563865237,0.3793727438886365,0.5269065887342174,
Chile,18,DFA_alpha2,73,0.16873380229544616,0.15357007767207534,0.26280924927192245,
Chile,18,SDANN,0,,,,
Chile,19,RMSSD,73,-0.4996606195236333,6.782409452517997e-06,5.4992509074470246e-05,***
Chile,19,SDNN,73,-0.41419844502036285,0.000269585839724689,0.0011232743321862042,**
Chile,19,pNN50,73,-0.2111255090707146,0.07297410419551993,0.14308647881474496,
Chile,19,SD1,73,-0.4996606195236333,6.782409452517997e-06,5.4992509074470246e-05,***
Chile,19,SD2,73,-0.34764901888189564,0.0025812477432930673,0.008051094699214384,**
Chile,19,SD1SD2,73,-0.08027890904603234,0.4995768652339274,0.6323757787771233,
Chile,19,VLF_power,73,0.04504504504504505,0.7051226824520169,0.7982520933419059,
Chile,19,LF_power,73,-0.12180673824509441,0.3046167233023744,0.45465182582443936,
Chile,19,HF_power,73,-0.33145131432802666,0.004176789357546959,0.011821101955321583,*
Chile,19,Total_power,73,-0.24028137726767865,0.040595790151799205,0.08761681327726448,
Chile,19,LF_HF,73,0.2844008391953598,0.014745610903420888,0.03596490464248997,*
Chile,19,LF_norm,73,0.09888312970504752,0.4052292932104513,0.5476071529870964,
Chile,19,HF_norm,73,-0.37439837097371353,0.001101597163967354,0.0037986109102322555,**
Chile,19,DFA_alpha1,73,0.08305565839812416,0.48480940428252484,0.6242181171019633,
Chile,19,DFA_alpha2,73,0.20439960508453664,0.08280932349531905,0.15924869902945973,
Chile,19,SDANN,0,,,,
Chile,20,RMSSD,73,-0.4760273972602741,2.0752072727078412e-05,0.00013246003868347923,***
Chile,20,SDNN,73,-0.3771751203258053,0.0010041676033609556,0.0035029102442824035,**
Chile,20,pNN50,73,-0.2028569665555967,0.08520701572586287,0.16177699802848913,
Chile,20,SD1,73,-0.4760273972602741,2.0752072727078412e-05,0.00013246003868347923,***
Chile,20,SD2,73,-0.30482537331852405,0.008736381808870172,0.022594090885009067,*
Chile,20,SD1SD2,73,-0.1190916944341602,0.31560295221952855,0.4687172557715771,
Chile,20,VLF_power,73,0.040633098852276936,0.7328639812816794,0.8203701283003874,
Chile,20,LF_power,73,-0.14368135258546222,0.2252331356612097,0.361336581274668,
Chile,20,HF_power,73,-0.3666543255584352,0.0014201537870050399,0.00478703523709564,**
Chile,20,Total_power,73,-0.2698383314821671,0.020959559990292226,0.04990371426260054,*
Chile,20,LF_HF,73,0.29643341972109094,0.010880023035149386,0.02766107551309166,*
Chile,20,LF_norm,73,0.0992225101814143,0.40361123451835734,0.5476071529870964,
Chile,20,HF_norm,73,-0.3984635320251759,0.00048031559681564035,0.001757252183471855,**
Chile,20,DFA_alpha1,73,0.10928051339010245,0.3573961096731465,0.5097008842517609,
Chile,20,DFA_alpha2,73,0.2364247809453289,0.04403090455678512,0.09273073805591514,
Chile,20,SDANN,0,,,,
Spain,1,RMSSD,58,-0.19191608477652344,0.14895665701526967,0.18465701282884667,
Spain,1,SDNN,58,-0.21283336922083118,0.10870443205316223,0.14303214743837137,
Spain,1,pNN50,58,0.13289640310355091,0.31998120341044334,0.36639069092798854,
Spain,1,SD1,58,-0.19191608477652344,0.14895665701526967,0.18465701282884667,
Spain,1,SD2,58,-0.1893321849334031,0.1546105905794139,0.19009498841731218,
Spain,1,SD1SD2,58,-0.09354332646344089,0.48490812103483827,0.5367986579721457,
Spain,1,VLF_power,58,0.020640438032544835,0.877777427639127,0.9049251831331206,
Spain,1,LF_power,58,0.02968408748346612,0.8249407819483802,0.865322498547252,
Spain,1,HF_power,58,-0.05386200744409241,0.6880056734607747,0.73714893585083,
Spain,1,Total_power,58,-0.07256452059429698,0.5882875664636429,0.6488465806584296,
Spain,1,LF_HF,58,0.023101295025992803,0.8633374774716276,0.8931077353154768,
Spain,1,LF_norm,58,0.18354917099880036,0.16783666621816992,0.2038502018844169,
Spain,1,HF_norm,58,-0.01491894552277831,0.9114957425510534,0.9269448229332746,
Spain,1,DFA_alpha1,58,0.014365252699252517,0.9147680172391915,0.9271297472018833,
Spain,1,DFA_alpha2,58,0.18219569965240398,0.17104807631237703,0.20691299553916576,
Spain,1,SDANN,0,,,,
Spain,2,RMSSD,58,-0.3262788766187825,0.012433621469949648,0.019632033899920496,*
Spain,2,SDNN,58,-0.26038943061921316,0.04837069245963145,0.06710007548300746,
Spain,2,pNN50,58,0.016892828271324253,0.899842522482317,0.924495742276353,
Spain,2,SD1,58,-0.3262788766187825,0.012433621469949648,0.019632033899920496,*
Spain,2,SD2,58,-0.2020055984496601,0.1283442255027794,0.16384369213120775,
Spain,2,SD1SD2,58,-0.2610046448675752,0.04782390482871515,0.0668598756187898,
Spain,2,VLF_power,58,0.0012611892091420839,0.992503312760999,0.9925033127609991,
Spain,2,LF_power,58,0.0016303177581592791,0.9903092534872047,0.9925033127609991,
Spain,2,HF_power,58,-0.14386785197945187,0.2812878935734883,0.32581609294226443,
Spain,2,Total_power,58,-0.1390691808422283,0.29781368188457435,0.3436311714052781,
Spain,2,LF_HF,58,0.1711833646067243,0.19885459490186105,0.23767481462373832,
Spain,2,LF_norm,58,0.30751484204374174,0.018864681097684115,0.028439217735202187,*
Spain,2,HF_norm,58,-0.12122796763973054,0.3646732410724597,0.4128376314027845,
Spain,2,DFA_alpha1,58,0.19819127010981577,0.13586691229464062,0.1727121766457296,
Spain,2,DFA_alpha2,58,0.2207081115998647,0.09593804584293184,0.12679036895541654,
Spain,2,SDANN,0,,,,
Spain,3,RMSSD,58,-0.335999261742902,0.009919195238851788,0.016172600932910522,*
Spain,3,SDNN,58,-0.27779999384785753,0.0347414293710575,0.05010783082364063,
Spain,3,pNN50,58,-0.0360934199676928,0.7879426524563302,0.8323337878059826,
Spain,3,SD1,58,-0.335999261742902,0.009919195238851788,0.016172600932910522,*
Spain,3,SD2,58,-0.20502014826663387,0.12262514905500933,0.1581820464525854,
Spain,3,SD1SD2,58,-0.2812451936386847,0.03246424905632543,0.04727803260629917,*
Spain,3,VLF_power,58,0.052077886123842634,0.6978360462592089,0.7450206899564508,
Spain,3,LF_power,58,0.04001968685594759,0.7655004118686048,0.8114845355497577,
Spain,3,HF_power,58,-0.16632317204466457,0.21209760161042973,0.2514991323443831,
Spain,3,Total_power,58,-0.13027161709065183,0.3297172636964255,0.3761033426194968,
Spain,3,LF_HF,58,0.24746993140361134,0.061082892515936994,0.08329485343082318,
Spain,3,LF_norm,58,0.3943830939124551,0.0021886891613451935,0.004209017617971526,**
Spain,3,HF_norm,58,-0.18397982097265375,0.16682415156088112,0.20379632264626205,
Spain,3,DFA_alpha1,58,0.26106616629241136,0.04776950514709389,0.0668598756187898,
Spain,3,DFA_alpha2,58,0.1941308560706266,0.14423389179233348,0.18104672609916336,
Spain,3,SDANN,0,,,,
Spain,4,RMSSD,58,-0.4643329539512136,0.00024102082246357,0.0005831148930570242,***
Spain,4,SDNN,58,-0.3690977883047772,0.004355477238936104,0.007824210608867253,**
Spain,4,pNN50,58,-0.20871412416100624,0.1158836907078231,0.15064107765939377,
Spain,4,SD1,58,-0.4643329539512136,0.00024102082246357,0.0005831148930570242,***
Spain,4,SD2,58,-0.2833984435079517,0.03110521617157033,0.04551982854376146,*
Spain,4,SD1SD2,58,-0.39290657971638626,0.0022818198127705744,0.004332569264754255,**
Spain,4,VLF_power,58,0.028392137561905936,0.8324474610205437,0.8701541404395926,
Spain,4,LF_power,58,-0.02746931618936295,0.8378185324132984,0.8727276379305191,
Spain,4,HF_power,58,-0.30554615644898336,0.01967986737427353,0.029519801061410295,*
Spain,4,Total_power,58,-0.2272293826325018,0.08627661191675977,0.11452647599569882,
Spain,4,LF_HF,58,0.4215140422652189,0.0009832424141802852,0.00199305894766274,**
Spain,4,LF_norm,58,0.5189639792057584,2.99679996108434e-05,0.00011324375033540243,***
Spain,4,HF_norm,58,-0.36134608877541613,0.005322075754967874,0.009282690270292803,**
Spain,4,DFA_alpha1,58,0.3697745239779754,0.004278947319024156,0.007733037323537632,**
Spain,4,DFA_alpha2,58,0.29582577132486393,0.024157089345612708,0.0357457465267394,*
Spain,4,SDANN,0,,,,
Spain,5,RMSSD,58,-0.522532221846258,2.58219616098302e-05,0.0001032878464393208,***
Spain,5,SDNN,58,-0.4402165554154234,0.0005441992567025661,0.0011682206130985081,**
Spain,5,pNN50,58,-0.26779286784214024,0.042119529011130814,0.060170755730186876,
Spain,5,SD1,58,-0.522532221846258,2.58219616098302e-05,0.0001032878464393208,***
Spain,5,SD2,58,-0.35310221784736534,0.006552145313538148,0.011105331039895167,*
Spain,5,SD1SD2,58,-0.41265495708880623,0.0012862432827612097,0.0025220456524729603,**
Spain,5,VLF_power,58,-0.03251407302593128,0.8085527852742392,0.851108195025515,
Spain,5,LF_power,58,-0.06179827124796211,0.6449153879947436,0.6959518575482845,
Spain,5,HF_power,58,-0.3316312405795318,0.010988584409764166,0.017628745042402406,*
Spain,5,Total_power,58,-0.2492540527238611,0.05918199779509325,0.08107122985629212,
Spain,5,LF_HF,58,0.41210126426528043,0.001307706222852464,0.0025474796549073975,**
Spain,5,LF_norm,58,0.46888553938909233,0.0002052590104487803,0.0005174596902070092,***
Spain,5,HF_norm,58,-0.3580854532590975,0.0057819544318648795,0.009911921883196936,**
Spain,5,DFA_alpha1,58,0.37038973822633736,0.004210406517882488,0.0076552845779681595,**
Spain,5,DFA_alpha2,58,0.3567319819127011,0.005982857014302693,0.010198051728925045,*
Spain,5,SDANN,0,,,,
Spain,6,RMSSD,58,-0.6115537235842382,3.402759182848464e-07,4.197752926506405e-06,***
Spain,6,SDNN,58,-0.4706696607093421,0.0001926193239275183,0.0004897101455784363,***
Spain,6,pNN50,58,-0.3468722278736581,0.007640185741792003,0.012663291284738126,*
Spain,6,SD1,58,-0.6115537235842382,3.402759182848464e-07,4.197752926506405e-06,***
Spain,6,SD2,58,-0.36011566027869213,0.005491694729258862,0.009468439188377347,**
Spain,6,SD1SD2,58,-0.5086283798332769,4.5702238356832844e-05,0.00015580308530738468,***
Spain,6,VLF_power,58,-0.04254206527423175,0.7511818115691835,0.7991295867757272,
Spain,6,LF_power,58,-0.2048971054169615,0.12285472274484133,0.1581820464525854,
Spain,6,HF_power,58,-0.46470208250023076,0.00023792232676301552,0.0005831148930570242,***
Spain,6,Total_power,58,-0.37666492355962966,0.003564724231800115,0.006601341170000214,**
Spain,6,LF_HF,58,0.491340859454305,8.986462642954745e-05,0.00025735811197768045,***
Spain,6,LF_norm,58,0.45178258328462884,0.00037100497541557836,0.0008628022684083218,***
Spain,6,HF_norm,58,-0.4810052600818235,0.0001323676883241118,0.0003610027863384867,***
Spain,6,DFA_alpha1,58,0.44587652650035375,0.00045193261969067117,0.0009896334737751924,***
Spain,6,DFA_alpha2,58,0.4718385677812299,0.00018472825604776358,0.0004747079269211186,***
Spain,6,SDANN,0,,,,
Spain,7,RMSSD,58,-0.5890984035190255,1.146761929644997e-06,1.0425108451318153e-05,***
Spain,7,SDNN,58,-0.4717770463563937,0.00018513609149923625,0.0004747079269211186,***
Spain,7,pNN50,58,-0.36170345415194277,0.005273682146990736,0.009252073942089009,**
Spain,7,SD1,58,-0.5890984035190255,1.146761929644997e-06,1.0425108451318153e-05,***
Spain,7,SD2,58,-0.36620628133747585,0.004696233581771931,0.008386131396021306,**
Spain,7,SD1SD2,58,-0.4846350241471593,0.00011569773339754669,0.00032138259277096306,***
Spain,7,VLF_power,58,-0.07139561352240918,0.5943265349255857,0.6507224834951669,
Spain,7,LF_power,58,-0.19111630625365286,0.150690022500182,0.1860370648150395,
Spain,7,HF_power,58,-0.4464302193238796,0.0004437163779473072,0.0009787861278249422,***
Spain,7,Total_power,58,-0.3638684671937002,0.004988683491176735,0.008803559102076591,**
Spain,7,LF_HF,58,0.4836506813497801,0.00012001689469923847,0.0003303217285300141,***
Spain,7,LF_norm,58,0.44722999784675016,0.0004320877524228182,0.0009601950053840404,***
Spain,7,HF_norm,58,-0.47743701744132394,0.00015087392551036796,0.0004041265861884856,***
Spain,7,DFA_alpha1,58,0.43480267002983797,0.0006480962985503442,0.0013408888935524364,**
Spain,7,DFA_alpha2,58,0.465071211049248,0.00023486022162005766,0.0005822980701323744,***
Spain,7,SDANN,0,,,,
Spain,8,RMSSD,58,-0.575317604355717,2.3124437949523678e-06,1.5416291966349117e-05,***
Spain,8,SDNN,58,-0.45455104740225794,0.0003378116708964172,0.0007979803249521665,***
Spain,8,pNN50,58,-0.32410229541322105,0.013066474275259986,0.02031058177501552,*
Spain,8,SD1,58,-0.575317604355717,2.3124437949523678e-06,1.5416291966349117e-05,***
Spain,8,SD2,58,-0.3460272539912025,0.007799263774616127,0.012855929298817792,*
Spain,8,SD1SD2,58,-0.5008766803039159,6.216760226586963e-05,0.000202720442171314,***
Spain,8,VLF_power,58,-0.09797286905164725,0.46437638054016506,0.5159737561557389,
Spain,8,LF_power,58,-0.2910271001876404,0.026666596944687492,0.03921558374218749,*
Spain,8,HF_power,58,-0.5299147928266019,1.8873812207418028e-05,7.756361181130697e-05,***
Spain,8,Total_power,58,-0.43609461995139814,0.000621792189862961,0.0013212396096783134,**
Spain,8,LF_HF,58,0.5144113937678797,3.6150974166948516e-05,0.00012759167353040653,***
Spain,8,LF_norm,58,0.38029468762496543,0.003232683024085584,0.006023632964134628,**
Spain,8,HF_norm,58,-0.5440031991140916,1.0163933478310679e-05,5.0819667391553394e-05,***
Spain,8,DFA_alpha1,58,0.4208988280168569,0.0010019927711139491,0.002017435109625401,**
Spain,8,DFA_alpha2,58,0.5497862130486942,7.819413659891728e-06,4.115480873627225e-05,***
Spain,8,SDANN,0,,,,
Spain,9,RMSSD,58,-0.5846163311825503,1.4457027630651607e-06,1.1195208623683142e-05,***
Spain,9,SDNN,58,-0.44729839893319995,0.00043110617486625917,0.0009601950053840404,***
Spain,9,pNN50,58,-0.3653091837235926,0.004806621203085949,0.008532463674117068,**
Spain,9,SD1,58,-0.5846163311825503,1.4457027630651607e-06,1.1195208623683142e-05,***
Spain,9,SD2,58,-0.32674531280300184,0.012301493050009967,0.019630042101079735,*
Spain,9,SD1SD2,58,-0.5336758079287591,1.6042669326596003e-05,6.933270193964914e-05,***
Spain,9,VLF_power,58,-0.05952289401937569,0.657159210671012,0.7066228071731312,
Spain,9,LF_power,58,-0.30072134983639104,0.021805163487818694,0.032545020131072674,*
Spain,9,HF_power,58,-0.5307227341169451,1.822921204145288e-05,7.595505017272034e-05,***
Spain,9,Total_power,58,-0.4358859990979605,0.0006259732045636966,0.0013212396096783134,**
Spain,9,LF_HF,58,0.5057138902731455,5.135203629990993e-05,0.00016929242736234043,***
Spain,9,LF_norm,58,0.373840687864327,0.0038435992402297433,0.007074109031097687,**
Spain,9,HF_norm,58,-0.5374286725646061,1.3614482725290158e-05,6.006389437628011e-05,***
Spain,9,DFA_alpha1,58,0.44016180388798276,0.0005451696194459705,0.0011682206130985081,**
Spain,9,DFA_alpha2,58,0.5778181091782703,2.040952373509517e-06,1.4239202605880351e-05,***
Spain,9,SDANN,0,,,,
Spain,10,RMSSD,58,-0.4962010520163647,7.457950883535022e-05,0.00023065827474850583,***
Spain,10,SDNN,58,-0.32412562674951556,0.013059546342379328,0.02031058177501552,*
Spain,10,pNN50,58,-0.26090034774600795,0.047916244193466025,0.0668598756187898,
Spain,10,SD1,58,-0.4962010520163647,7.457950883535022e-05,0.00023065827474850583,***
Spain,10,SD2,58,-0.2027438555476945,0.12692533200507855,0.16272478462189557,
Spain,10,SD1SD2,58,-0.5404964778984281,1.1887768143416296e-05,5.752145875846595e-05,***
Spain,10,VLF_power,58,-0.09988003322156944,0.4556835515587623,0.5081972693963892,
Spain,10,LF_power,58,-0.32584822664492913,0.012556696367082305,0.01972255973887273,*
Spain,10,HF_power,58,-0.5695961118459505,3.0655334728027636e-06,1.9567234932783596e-05,***
Spain,10,Total_power,58,-0.46285643975514473,0.00025378650188988494,0.0006090876045357239,***
Spain,10,LF_HF,58,0.5634439693623305,4.126835974061828e-06,2.526634269833772e-05,***
Spain,10,LF_norm,58,0.4275431418991664,0.0008155310331465948,0.0016643490472379487,**
Spain,10,HF_norm,58,-0.583069303885078,1.5647888433155406e-06,1.1318260714960426e-05,***
Spain,10,DFA_alpha1,58,0.47842136023870313,0.00014554546872295963,0.0003933661316836747,***
Spain,10,DFA_alpha2,58,0.5184718078070688,3.058586218867651e-05,0.00011328097106917227,***
Spain,10,SDANN,0,,,,
Spain,11,RMSSD,58,-0.5374286725646061,1.3614482725290158e-05,6.006389437628011e-05,***
Spain,11,SDNN,58,-0.38340741656718275,0.0029700847325801363,0.005568908873587756,**
Spain,11,pNN50,58,-0.27788976063070797,0.03468045544872255,0.05010783082364063,
Spain,11,SD1,58,-0.5374286725646061,1.3614482725290158e-05,6.006389437628011e-05,***
Spain,11,SD2,58,-0.27115985053271147,0.03950518317981063,0.05670600456432148,
Spain,11,SD1SD2,58,-0.5610225018735783,4.631567894672581e-06,2.6216422045316495e-05,***
Spain,11,VLF_power,58,0.015811249367420725,0.9062254017826025,0.9252772596676982,
Spain,11,LF_power,58,-0.2638079271887162,0.04539602460654142,0.06423965746208692,
Spain,11,HF_power,58,-0.5465339834843658,9.067382958950385e-06,4.6900256684226135e-05,***
Spain,11,Total_power,58,-0.4196133319474438,0.0010422147325640184,0.002078833237957898,**
Spain,11,LF_HF,58,0.5860313457173779,1.344249841461531e-06,1.1195208623683142e-05,***
Spain,11,LF_norm,58,0.4448067429044819,0.00046819941579022184,0.001017824816935265,**
Spain,11,HF_norm,58,-0.6248212006829762,1.5862201075822926e-07,3.0705596739282833e-06,***
Spain,11,DFA_alpha1,58,0.5151883354193819,3.5018692096396844e-05,0.00012506675748713157,***
Spain,11,DFA_alpha2,58,0.5610532630591178,4.624810309183259e-06,2.6216422045316495e-05,***
Spain,11,SDANN,0,,,,
Spain,12,RMSSD,58,-0.6203512873358148,2.059480507312724e-07,3.0705596739282833e-06,***
Spain,12,SDNN,58,-0.3882309514288351,0.0026004668406113787,0.004906541208700715,**
Spain,12,pNN50,58,-0.31044033593695886,0.017706455043535463,0.026827962187174943,*
Spain,12,SD1,58,-0.6203512873358148,2.059480507312724e-07,3.0705596739282833e-06,***
Spain,12,SD2,58,-0.2602048663447045,0.04853572126604207,0.06710007548300746,
Spain,12,SD1SD2,58,-0.6215201944077026,1.9243145707642416e-07,3.0705596739282833e-06,***
Spain,12,VLF_power,58,-0.1172905964502138,0.3805705982842825,0.42921496047099533,
Spain,12,LF_power,58,-0.40859454304961706,0.0014512654425678638,0.002808900856582962,**
Spain,12,HF_power,58,-0.6480359285121043,3.8152323909141714e-08,1.271744130304724e-06,***
Spain,12,Total_power,58,-0.5448644990617983,9.777627144985784e-06,4.971674819484297e-05,***
Spain,12,LF_HF,58,0.5994340028915071,6.631545607484496e-07,7.368384008316107e-06,***
Spain,12,LF_norm,58,0.39401396536343786,0.0022116484180098647,0.004226079779636684,**
Spain,12,HF_norm,58,-0.6622473776492664,1.499709426570116e-08,6.92477752312336e-07,***
Spain,12,DFA_alpha1,58,0.5386508351533423,1.2900456325900693e-05,6.006389437628011e-05,***
Spain,12,DFA_alpha2,58,0.6212741087083578,1.9520582102358721e-07,3.0705596739282833e-06,***
Spain,12,SDANN,0,,,,
Spain,13,RMSSD,58,-0.6289642868128827,1.240661167794729e-07,2.8736053590588285e-06,***
Spain,13,SDNN,58,-0.4475991263957673,0.00042681461505824,0.0009601950053840404,***
Spain,13,pNN50,58,-0.3341949141254148,0.010349478866443808,0.016782938702341307,*
Spain,13,SD1,58,-0.6289642868128827,1.240661167794729e-07,2.8736053590588285e-06,***
Spain,13,SD2,58,-0.3222184625795934,0.013636389672755692,0.021087200524879935,*
Spain,13,SD1SD2,58,-0.5953735888523178,8.24234585203631e-07,8.831084841467475e-06,***
Spain,13,VLF_power,58,-0.1947460703189886,0.14294204890530415,0.18017905324198003,
Spain,13,LF_power,58,-0.5218554861730598,2.6565000597895008e-05,0.00010486184446537503,***
Spain,13,HF_power,58,-0.661139992002215,1.6157814220621174e-08,6.92477752312336e-07,***
Spain,13,Total_power,58,-0.6289027653880465,1.2452289889254923e-07,2.8736053590588285e-06,***
Spain,13,LF_HF,58,0.49786213048694206,6.993030917675567e-05,0.0002208325552950179,***
Spain,13,LF_norm,58,0.3124365560306377,0.016951411574098324,0.025814332346342624,*
Spain,13,HF_norm,58,-0.5828232181857332,1.5845565000944596e-06,1.1318260714960426e-05,***
Spain,13,DFA_alpha1,58,0.4663016395459719,0.00022491112973889416,0.0005622778243472355,***
Spain,13,DFA_alpha2,58,0.6299486296102619,1.169685760596028e-07,2.8736053590588285e-06,***
Spain,13,SDANN,0,,,,
Spain,14,RMSSD,58,-0.49490910209480454,7.839027218996677e-05,0.0002351708165699003,***
Spain,14,SDNN,58,-0.319942169860654,0.014353419730206636,0.02196951999521424,*
Spain,14,pNN50,58,-0.23056095125142553,0.08164503753274742,0.10945818074986617,
Spain,14,SD1,58,-0.49490910209480454,7.839027218996677e-05,0.0002351708165699003,***
Spain,14,SD2,58,-0.19776062013596238,0.1367366299360872,0.17308434169124962,
Spain,14,SD1SD2,58,-0.5510166415454183,7.3904081855221195e-06,3.959147242243993e-05,***
Spain,14,VLF_power,58,0.012827217078347535,0.9238648798549126,0.9331968483382955,
Spain,14,LF_power,58,-0.3606693531022179,0.005414787619865796,0.00938980512115456,**
Spain,14,HF_power,58,-0.5662739549047956,3.6020409861544135e-06,2.2512756163465086e-05,***
Spain,14,Total_power,58,-0.4528284475068443,0.0003581317059248293,0.0008393711857613187,***
Spain,14,LF_HF,58,0.5003845089052263,6.33782047479906e-05,0.00020444582176771164,***
Spain,14,LF_norm,58,0.23738041773047466,0.07277758816806103,0.09834809211900138,
Spain,14,HF_norm,58,-0.6230582300286074,1.75913778506043e-07,3.0705596739282833e-06,***
Spain,14,DFA_alpha1,58,0.4979236519117783,6.976335229198819e-05,0.0002208325552950179,***
Spain,14,DFA_alpha2,58,0.6196130302377802,2.1493917717497985e-07,3.0705596739282833e-06,***
Spain,14,SDANN,0,,,,
Spain,15,RMSSD,58,-0.5614137623427359,4.546297684246376e-06,2.6216422045316495e-05,***
Spain,15,SDNN,58,-0.3213571626318866,0.013903993192555406,0.02139075875777755,*
Spain,15,pNN50,58,-0.23049941089342435,0.08172877495990008,0.10945818074986617,
Spain,15,SD1,58,-0.5614137623427359,4.546297684246376e-06,2.6216422045316495e-05,***
Spain,15,SD2,58,-0.17795072133870624,0.18141030329106894,0.2185666304711674,
Spain,15,SD1SD2,58,-0.6252114798978745,1.5501646735491542e-07,3.0705596739282833e-06,***
Spain,15,VLF_power,58,-0.19259282044972165,0.14750156622820076,0.18437695778525096,
Spain,15,LF_power,58,-0.5187794149312498,3.019833342277398e-05,0.00011324375033540243,***
Spain,15,HF_power,58,-0.6555415423421207,2.344338927320952e-08,8.791270977453569e-07,***
Spain,15,Total_power,58,-0.6025100741333169,5.613062736789185e-07,6.476610850141367e-06,***
Spain,15,LF_HF,58,0.4957088806176752,7.601067138798687e-05,0.00023268572873873532,***
Spain,15,LF_norm,58,0.24297886739056876,0.0660862462446909,0.08970983653125461,
Spain,15,HF_norm,58,-0.6110615521855487,3.4981274387553373e-07,4.197752926506405e-06,***
Spain,15,DFA_alpha1,58,0.5334830354671015,1.61776304525848e-05,6.933270193964914e-05,***
Spain,15,DFA_alpha2,58,0.6658771417146021,1.1720212201665363e-08,6.92477752312336e-07,***
Spain,15,SDANN,0,,,,
Spain,16,RMSSD,58,-0.49214063797717567,8.716625718836549e-05,0.00025388230249038493,***
Spain,16,SDNN,58,-0.2551601095081362,0.053227601395782,0.07324899274648898,
Spain,16,pNN50,58,-0.17178990936029748,0.19724412151257598,0.23669294581509118,
Spain,16,SD1,58,-0.49214063797717567,8.716625718836549e-05,0.00025388230249038493,***
Spain,16,SD2,58,-0.11169214679011967,0.4038745865305806,0.45379167025907935,
Spain,16,SD1SD2,58,-0.5897751391922237,1.1070096536930817e-06,1.0425108451318153e-05,***
Spain,16,VLF_power,58,-0.07151865637208159,0.5936895572516661,0.6507224834951669,
Spain,16,LF_power,58,-0.45147497616044796,0.00037487050701780455,0.0008650857854257028,***
Spain,16,HF_power,58,-0.5876834107477931,1.234234623969453e-06,1.089030550561282e-05,***
Spain,16,Total_power,58,-0.5197637577286291,2.8988526875395313e-05,0.00011294231250154019,***
Spain,16,LF_HF,58,0.45055215478790495,0.0003866878312388516,0.0008855446516920266,***
Spain,16,LF_norm,58,0.16939924328647452,0.20364587161115594,0.2424355614418523,
Spain,16,HF_norm,58,-0.5919283890614907,9.889347349497139e-07,1.0230359327066005e-05,***
Spain,16,DFA_alpha1,58,0.49127933802946877,9.007533919218817e-05,0.00025735811197768045,***
Spain,16,DFA_alpha2,58,0.6717216770740412,7.823538982110856e-09,6.92477752312336e-07,***
Spain,16,SDANN,0,,,,
Spain,17,RMSSD,58,-0.5062290442646653,5.0308769771065595e-05,0.00016769589923688533,***
Spain,17,SDNN,58,-0.26660309452766934,0.04307673310747651,0.06124653996323674,
Spain,17,pNN50,58,-0.20982185060502748,0.11391838410726693,0.14923805778244578,
Spain,17,SD1,58,-0.5062290442646653,5.0308769771065595e-05,0.00016769589923688533,***
Spain,17,SD2,58,-0.133409209757298,0.31810064552264794,0.3656329258881011,
Spain,17,SD1SD2,58,-0.5841766895321296,1.478653439463283e-06,1.1195208623683142e-05,***
Spain,17,VLF_power,58,-0.18385677812298137,0.16711298456993487,0.20379632264626205,
Spain,17,LF_power,58,-0.5161339936632933,3.368474365794633e-05,0.00012175208551064938,***
Spain,17,HF_power,58,-0.5844842966563106,1.455525764541273e-06,1.1195208623683142e-05,***
Spain,17,Total_power,58,-0.5839921252576211,1.4926944831577522e-06,1.1195208623683142e-05,***
Spain,17,LF_HF,58,0.3716816881478976,0.004069616062617294,0.007444419626738952,**
Spain,17,LF_norm,58,0.14706696607093422,0.2706137436923844,0.3158467453497411,
Spain,17,HF_norm,58,-0.5173029007351811,3.210076954845596e-05,0.00011744183981142424,***
Spain,17,DFA_alpha1,58,0.44895259774216373,0.00040797595667763396,0.000927218083358259,***
Spain,17,DFA_alpha2,58,0.6667999630871452,1.1002179865305842e-08,6.92477752312336e-07,***
Spain,17,SDANN,0,,,,
Spain,18,RMSSD,58,-0.4892491310098743,9.728880583559192e-05,0.0002727723528100708,***
Spain,18,SDNN,58,-0.2957642499000277,0.024187955149760326,0.0357457465267394,*
Spain,18,pNN50,58,-0.20865258380300505,0.1159936297977332,0.15064107765939377,
Spain,18,SD1,58,-0.4892491310098743,9.728880583559192e-05,0.0002727723528100708,***
Spain,18,SD2,58,-0.16540035067212158,0.2146805207525231,0.2535596701801454,
Spain,18,SD1SD2,58,-0.5583992125257622,5.242903867610174e-06,2.8597657459691856e-05,***
Spain,18,VLF_power,58,-0.06745824233289244,0.6148680958328798,0.6683348867748694,
Spain,18,LF_power,58,-0.47522224614722086,0.00016352212632345954,0.00043032138506173565,***
Spain,18,HF_power,58,-0.5386508351533423,1.2900456325900693e-05,6.006389437628011e-05,***
Spain,18,Total_power,58,-0.5117659724999231,4.0264726757982705e-05,0.00014045834915575362,***
Spain,18,LF_HF,58,0.33224645482789383,0.010832184095482282,0.017471264670132713,*
Spain,18,LF_norm,58,0.06425912824141007,0.6317782263016207,0.6842363461750405,
Spain,18,HF_norm,58,-0.5086899012581132,4.558940952499797e-05,0.00015580308530738468,***
Spain,18,DFA_alpha1,58,0.4335722415331139,0.0006740794130877001,0.001385094684426781,**
Spain,18,DFA_alpha2,58,0.7367498231259036,4.3196932380976975e-11,1.2959079714293093e-08,***
Spain,18,SDANN,0,,,,
Spain,19,RMSSD,58,-0.4354794057030361,0.0006341950126455904,0.0013212396096783134,**
Spain,19,SDNN,58,-0.15980190101202743,0.23082336753427185,0.2715569029814963,
Spain,19,pNN50,58,-0.10914182491509494,0.41476006865769954,0.4642836589451861,
Spain,19,SD1,58,-0.4354794057030361,0.0006341950126455904,0.0013212396096783134,**
Spain,19,SD2,58,-0.015718724045648898,0.9067717144743443,0.9252772596676982,
Spain,19,SD1SD2,58,-0.58983666061706,1.1034604839123055e-06,1.0425108451318153e-05,***
Spain,19,VLF_power,58,-0.06825802085576303,0.6106710362600805,0.6661865850109969,
Spain,19,LF_power,58,-0.46014949706235203,0.00027880347502399127,0.0006638177976761697,***
Spain,19,HF_power,58,-0.5710726260420192,2.851873445779072e-06,1.859917464638525e-05,***
Spain,19,Total_power,58,-0.54289581346704,1.068144875334121e-05,5.253171518036661e-05,***
Spain,19,LF_HF,58,0.41856101387308137,0.00107621612646358,0.00212411077591496,**
Spain,19,LF_norm,58,0.2298748039004584,0.08258251266838469,0.1101100168911796,
Spain,19,HF_norm,58,-0.5587683410747795,5.152560702387184e-06,2.8597657459691856e-05,***
Spain,19,DFA_alpha1,58,0.4728844320034452,0.00017791954430006638,0.00046413794165234707,***
Spain,19,DFA_alpha2,58,0.6859946476360392,2.8037201612885483e-09,4.2055802419328226e-07,***
Spain,19,SDANN,0,,,,
Spain,20,RMSSD,58,-0.3508874465532622,0.006922317288770483,0.011537195481284138,*
Spain,20,SDNN,58,-0.12953335999261745,0.33248894321185873,0.3778283445589304,
Spain,20,pNN50,58,-0.025016155527480176,0.8521317560735359,0.8845658367545355,
Spain,20,SD1,58,-0.3508874465532622,0.006922317288770483,0.011537195481284138,*
Spain,20,SD2,58,0.0071057245685810086,0.9577811487052499,0.9642092101059563,
Spain,20,SD1SD2,58,-0.5193946291796119,2.9436854270296847e-05,0.00011321867027037247,***
Spain,20,VLF_power,58,-0.1467593589467532,0.27162820100077734,0.3158467453497411,
Spain,20,LF_power,58,-0.47589898182041906,0.00015955810282395713,0.0004236055827184703,***
Spain,20,HF_power,58,-0.5381586637546526,1.3183713524517054e-05,6.006389437628011e-05,***
Spain,20,Total_power,58,-0.5330523854932481,1.6482941396326082e-05,6.964623125208204e-05,***
Spain,20,LF_HF,58,0.35224091789965856,0.00669399071634413,0.011282006825299097,*
Spain,20,LF_norm,58,0.15900212248915685,0.23319621607735488,0.27327681571565027,
Spain,20,HF_norm,58,-0.49306345934971857,8.41453716514859e-05,0.0002499367474796611,***
Spain,20,DFA_alpha1,58,0.4194838352456243,0.0010463460631054756,0.002078833237957898,**
Spain,20,DFA_alpha2,58,0.6132148020548156,3.098597508793533e-07,4.197752926506405e-06,***
Spain,20,SDANN,0,,,,
Japan-morning,1,RMSSD,39,0.6439271255060729,9.745568326920033e-06,0.0027287591315376092,**
Japan-morning,1,SDNN,39,0.35728744939271256,0.025552749369763948,0.07300785534218271,
Japan-morning,1,pNN50,39,0.6125506072874494,3.40233169632513e-05,0.0031755095832367883,**
Japan-morning,1,SD1,39,0.19595141700404858,0.23187830265410275,0.4337582266230212,
Japan-morning,1,SD2,39,0.3736842105263158,0.019112293681267777,0.05860719693829171,
Japan-morning,1,SD1SD2,0,,,,
Japan-morning,1,VLF_power,39,0.08947368421052633,0.5880446315998711,0.8498758714236434,
Japan-morning,1,LF_power,39,0.03461538461538462,0.834290331665916,0.9196901293954981,
Japan-morning,1,HF_power,39,-0.021255060728744942,0.8978059211841669,0.958745527305035,
Japan-morning,1,Total_power,39,0.013157894736842106,0.9366342156425476,0.9677401490033701,
Japan-morning,1,LF_HF,39,-0.10850202429149798,0.5108630397082896,0.8284727954995049,
Japan-morning,1,LF_norm,39,0.16356275303643728,0.3197670189474072,0.5631117314797108,
Japan-morning,1,HF_norm,39,-0.017408906882591096,0.9162256550339736,0.958745527305035,
Japan-morning,1,DFA_alpha1,39,-0.032388663967611336,0.8448156314294282,0.9199745808126049,
Japan-morning,1,DFA_alpha2,0,,,,
Japan-morning,1,SDANN,39,0.1848178137651822,0.2600082057201122,0.46668139488225263,
Japan-morning,2,RMSSD,39,0.6178137651821862,2.7846937941808132e-05,0.0031755095832367883,**
Japan-morning,2,SDNN,39,0.4789473684210526,0.0020383745526059848,0.011191075975091681,*
Japan-morning,2,pNN50,39,0.5819838056680162,0.00010178523135197831,0.0071249661946384815,**
Japan-morning,2,SD1,39,0.2882591093117409,0.07514174162306314,0.18137661771084207,
Japan-morning,2,SD2,39,0.49716599190283395,0.0012825664054300569,0.00980053856087301,**
Japan-morning,2,SD1SD2,0,,,,
Japan-morning,2,VLF_power,39,0.22327935222672063,0.17183428326532924,0.3729736380952883,
Japan-morning,2,LF_power,39,0.12267206477732795,0.4568894356617813,0.7848407483760661,
Japan-morning,2,HF_power,39,0.057287449392712554,0.729038513846012,0.8914008029558225,
Japan-morning,2,Total_power,39,0.09493927125506073,0.5653545023127097,0.8498758714236434,
Japan-morning,2,LF_HF,39,-0.0548582995951417,0.7401206631625528,0.8943665256380273,
Japan-morning,2,LF_norm,39,0.3631578947368421,0.023066434138593807,0.0672770995708986,
Japan-morning,2,HF_norm,39,0.041700404858299595,0.800998049190706,0.9094169964774147,
Japan-morning,2,DFA_alpha1,39,-0.09635627530364373,0.5595384664059493,0.8498758714236434,
Japan-morning,2,DFA_alpha2,0,,,,
Japan-morning,2,SDANN,39,0.22874493927125508,0.1613082382769003,0.35846275172644515,
Japan-morning,3,RMSSD,39,0.5603238866396761,0.0002075737011152035,0.00980053856087301,**
Japan-morning,3,SDNN,39,0.4803643724696357,0.001968003872421376,0.011191075975091681,*
Japan-morning,3,pNN50,39,0.5141700404858299,0.0008129041200560385,0.00980053856087301,**
Japan-morning,3,SD1,39,0.29777327935222675,0.06560622070826962,0.1597368852027434,
Japan-morning,3,SD2,39,0.4967611336032389,0.0012961996129812828,0.00980053856087301,**
Japan-morning,3,SD1SD2,0,,,,
Japan-morning,3,VLF_power,39,0.2204453441295547,0.17748221188941557,0.3793512925880638,
Japan-morning,3,LF_power,39,0.1311740890688259,0.4260450241789814,0.7455787923132174,
Japan-morning,3,HF_power,39,0.07186234817813765,0.663749860897032,0.8604164863480045,
Japan-morning,3,Total_power,39,0.10647773279352227,0.5188256291240803,0.8301210065985284,
Japan-morning,3,LF_HF,39,0.0010121457489878543,0.995120814627118,0.9951208146271181,
Japan-morning,3,LF_norm,39,0.4109311740890689,0.009358057508196538,0.03359302695250039,*
Japan-morning,3,HF_norm,39,0.02874493927125506,0.862095478385444,0.9319951117680475,
Japan-morning,3,DFA_alpha1,39,-0.09129554655870445,0.5804365118142072,0.8498758714236434,
Japan-morning,3,DFA_alpha2,0,,,,
Japan-morning,3,SDANN,39,0.21396761133603237,0.1908866444628453,0.3815047786745402,
Japan-morning,4,RMSSD,39,0.5103238866396761,0.0009030959518788232,0.00980053856087301,**
Japan-morning,4,SDNN,39,0.46781376518218626,0.002672699622052228,0.014391459503358153,*
Japan-morning,4,pNN50,39,0.4572874493927126,0.0034250909625993978,0.017759730917182064,*
Japan-morning,4,SD1,39,0.2732793522267207,0.09231401836167488,0.2190502130616014,
Japan-morning,4,SD2,39,0.48724696356275304,0.0016557239496346257,0.010302282353282115,*
Japan-morning,4,SD1SD2,0,,,,
Japan-morning,4,VLF_power,39,0.20465587044534414,0.21138313129868036,0.40818811561124485,
Japan-morning,4,LF_power,39,0.11437246963562754,0.48812288700535567,0.8087243098313585,
Japan-morning,4,HF_power,39,0.04433198380566801,0.7887167916580728,0.9094169964774147,
Japan-morning,4,Total_power,39,0.08299595141700405,0.6154465156580862,0.8498758714236434,
Japan-morning,4,LF_HF,39,0.060121457489878544,0.7161777595363048,0.8872998790715281,
Japan-morning,4,LF_norm,39,0.4410931174089069,0.004942902577411387,0.023969317893225775,*
Japan-morning,4,HF_norm,39,-0.009109311740890687,0.9561083164397127,0.9784535932335011,
Japan-morning,4,DFA_alpha1,39,-0.0645748987854251,0.6961242683866835,0.8798698918807233,
Japan-morning,4,DFA_alpha2,0,,,,
Japan-morning,4,SDANN,39,0.21275303643724694,0.19347742347065966,0.3815047786745402,
Japan-morning,5,RMSSD,39,0.5115384615384616,0.000873699072190521,0.00980053856087301,**
Japan-morning,5,SDNN,39,0.4789473684210526,0.0020383745526059848,0.011191075975091681,*
Japan-morning,5,pNN50,39,0.44817813765182185,0.004219106247394025,0.02109553123697012,*
Japan-morning,5,SD1,39,0.28542510121457493,0.07818235039758226,0.18710306078053876,
Japan-morning,5,SD2,39,0.5002024291497976,0.0011842955348117833,0.00980053856087301,**
Japan-morning,5,SD1SD2,0,,,,
Japan-morning,5,VLF_power,39,0.21376518218623483,0.19131673193685791,0.3815047786745402,
Japan-morning,5,LF_power,39,0.11477732793522268,0.48657414568860313,0.8087243098313585,
Japan-morning,5,HF_power,39,0.04635627530364373,0.7793036455764478,0.9094169964774147,
Japan-morning,5,Total_power,39,0.08340080971659919,0.6137182167076759,0.8498758714236434,
Japan-morning,5,LF_HF,39,0.0562753036437247,0.7336496283078431,0.8931386779399829,
Japan-morning,5,LF_norm,39,0.4248987854251013,0.007012399939290617,0.02930555198509512,*
Japan-morning,5,HF_norm,39,-0.0054655870445344135,0.9736568321403511,0.9806615575514329,
Japan-morning,5,DFA_alpha1,39,-0.06275303643724696,0.7043042778920969,0.8798698918807233,
Japan-morning,5,DFA_alpha2,0,,,,
Japan-morning,5,SDANN,39,0.22732793522267206,0.1639912340924934,0.3587308245773293,
Japan-morning,6,RMSSD,39,0.5048582995951416,0.0010465377200354904,0.00980053856087301,**
Japan-morning,6,SDNN,39,0.4959514170040486,0.0013238510642904734,0.00980053856087301,**
Japan-morning,6,pNN50,39,0.43765182186234824,0.005331702461986951,0.024800624512443147,*
Japan-morning,6,SD1,39,0.30748987854251014,0.05688168809155912,0.13970940934768905,
Japan-morning,6,SD2,39,0.5151821862348178,0.0007905421640901435,0.00980053856087301,**
Japan-morning,6,SD1SD2,0,,,,
Japan-morning,6,VLF_power,39,0.2147773279352227,0.18917311815395108,0.3815047786745402,
Japan-morning,6,LF_power,39,0.11842105263157895,0.47275083578300636,0.7986971610954751,
Japan-morning,6,HF_power,39,0.05809716599190284,0.7253563681447627,0.8914008029558225,
Japan-morning,6,Total_power,39,0.09129554655870445,0.5804365118142072,0.8498758714236434,
Japan-morning,6,LF_HF,39,0.04412955465587045,0.7896597590575523,0.9094169964774147,
Japan-morning,6,LF_norm,39,0.42125506072874497,0.007569298225055419,0.030715992797326338,*
Japan-morning,6,HF_norm,39,0.007085020242914981,0.9658554968834423,0.9798534026353762,
Japan-morning,6,DFA_alpha1,39,-0.062145748987854244,0.7070383059755813,0.8798698918807233,
Japan-morning,6,DFA_alpha2,0,,,,
Japan-morning,6,SDANN,39,0.24392712550607287,0.13453087750586173,0.3113111215011677,
Japan-morning,7,RMSSD,39,0.4961538461538462,0.0013168897507926031,0.00980053856087301,**
Japan-morning,7,SDNN,39,0.4923076923076924,0.0014548422999251234,0.00980053856087301,**
Japan-morning,7,pNN50,39,0.43178137651821863,0.006056178672297086,0.026916349654653712,*
Japan-morning,7,SD1,39,0.30870445344129555,0.05585951793031937,0.13841296478309226,
Japan-morning,7,SD2,39,0.5103238866396761,0.0009030959518788232,0.00980053856087301,**
Japan-morning,7,SD1SD2,0,,,,
Japan-morning,7,VLF_power,39,0.21315789473684213,0.19261109453349887,0.3815047786745402,
Japan-morning,7,LF_power,39,0.12044534412955467,0.46516179099341015,0.7941786675497245,
Japan-morning,7,HF_power,39,0.06639676113360325,0.6879780120707084,0.879606590775335,
Japan-morning,7,Total_power,39,0.0965587044534413,0.558709882116865,0.8498758714236434,
Japan-morning,7,LF_HF,39,0.03866396761133603,0.815227378985111,0.9094169964774147,
Japan-morning,7,LF_norm,39,0.42327935222672064,0.007255396895268613,0.02987516368640017,*
Japan-morning,7,HF_norm,39,0.016599190283400813,0.9201093193161122,0.958745527305035,
Japan-morning,7,DFA_alpha1,39,-0.062145748987854244,0.7070383059755813,0.8798698918807233,
Japan-morning,7,DFA_alpha2,0,,,,
Japan-morning,7,SDANN,39,0.23623481781376518,0.14765311370479411,0.33887599866674056,
Japan-morning,8,RMSSD,39,0.4919028340080972,0.0014700807841309517,0.00980053856087301,**
Japan-morning,8,SDNN,39,0.5006072874493928,0.0011717098171171577,0.00980053856087301,**
Japan-morning,8,pNN50,39,0.4297570850202429,0.006324969825141675,0.027671742984994828,*
Japan-morning,8,SD1,39,0.32753036437246963,0.04181020845538064,0.1045255211384516,
Japan-morning,8,SD2,39,0.5176113360323887,0.0007390900685065347,0.00980053856087301,**
Japan-morning,8,SD1SD2,0,,,,
Japan-morning,8,VLF_power,39,0.22145748987854252,0.17545008146497826,0.37789248315533774,
Japan-morning,8,LF_power,39,0.12672064777327935,0.4420540006640632,0.7687895663722838,
Japan-morning,8,HF_power,39,0.07793522267206478,0.6372205202834722,0.8498758714236434,
Japan-morning,8,Total_power,39,0.10748987854251013,0.5148366657746923,0.8284727954995049,
Japan-morning,8,LF_HF,39,0.020040485829959515,0.9036174362735486,0.958745527305035,
Japan-morning,8,LF_norm,39,0.41862348178137654,0.007994761583623963,0.03197904633449585,*
Japan-morning,8,HF_norm,39,0.032995951417004045,0.8419423798804412,0.9199745808126049,
Japan-morning,8,DFA_alpha1,39,-0.07226720647773278,0.6619681515815925,0.8604164863480045,
Japan-morning,8,DFA_alpha2,0,,,,
Japan-morning,8,SDANN,39,0.23299595141700405,0.15345015109568064,0.34650034118379497,
Japan-morning,9,RMSSD,39,0.48360323886639683,0.0018151253184405074,0.011048588894855261,*
Japan-morning,9,SDNN,39,0.5076923076923078,0.0009698210014648324,0.00980053856087301,**
Japan-morning,9,pNN50,39,0.415587044534413,0.008511032332077282,0.0322039061213735,*
Japan-morning,9,SD1,39,0.33947368421052637,0.03449176223907656,0.08860269199028842,
Japan-morning,9,SD2,39,0.524493927125506,0.0006091076794378296,0.00980053856087301,**
Japan-morning,9,SD1SD2,0,,,,
Japan-morning,9,VLF_power,39,0.21113360323886643,0.19697016724128488,0.38567585194097737,
Japan-morning,9,LF_power,39,0.12267206477732795,0.4568894356617813,0.7848407483760661,
Japan-morning,9,HF_power,39,0.08016194331983806,0.6276015147122037,0.8498758714236434,
Japan-morning,9,Total_power,39,0.10161943319838057,0.5381832861301228,0.8431243117992901,
Japan-morning,9,LF_HF,39,0.019635627530364373,0.9055557237283193,0.958745527305035,
Japan-morning,9,LF_norm,39,0.41659919028340087,0.008335856510740569,0.0322039061213735,*
Japan-morning,9,HF_norm,39,0.04048582995951417,0.8066824602029422,0.9094169964774147,
Japan-morning,9,DFA_alpha1,39,-0.0702429149797571,0.6708948592103328,0.8656707860778488,
Japan-morning,9,DFA_alpha2,0,,,,
Japan-morning,9,SDANN,39,0.2354251012145749,0.1490870934845374,0.33938525346073556,
Japan-morning,10,RMSSD,39,0.4813765182186235,0.001919056227529687,0.011191075975091681,*
Japan-morning,10,SDNN,39,0.5161943319838057,0.0007687289296723661,0.00980053856087301,**
Japan-morning,10,pNN50,39,0.4137651821862348,0.008834305361401906,0.03254744080516492,*
Japan-morning,10,SD1,39,0.3447368421052632,0.031618186521049176,0.08408453746110535,
Japan-morning,10,SD2,39,0.5323886639676113,0.00048542214657112595,0.00980053856087301,**
Japan-morning,10,SD1SD2,0,,,,
Japan-morning,10,VLF_power,39,0.19453441295546559,0.23533845823627858,0.4363891940805166,
Japan-morning,10,LF_power,39,0.11457489878542511,0.4873481978624701,0.8087243098313585,
Japan-morning,10,HF_power,39,0.07854251012145749,0.6345912512335647,0.8498758714236434,
Japan-morning,10,Total_power,39,0.09534412955465586,0.5636899386350676,0.8498758714236434,
Japan-morning,10,LF_HF,39,0.014574898785425103,0.9298262836207907,0.9642642941252645,
Japan-morning,10,LF_norm,39,0.4097165991902834,0.009590520859743741,0.03399171950288921,*
Japan-morning,10,HF_norm,39,0.042105263157894736,0.7991054730213875,0.9094169964774147,
Japan-morning,10,DFA_alpha1,39,-0.06336032388663967,0.701573908472639,0.8798698918807233,
Japan-morning,10,DFA_alpha2,0,,,,
Japan-morning,10,SDANN,39,0.24574898785425103,0.13155372176496447,0.3095381688587399,
Japan-morning,11,RMSSD,39,0.48097165991902835,0.0019385052139018397,0.011191075975091681,*
Japan-morning,11,SDNN,39,0.519838056680162,0.000694566337827297,0.00980053856087301,**
Japan-morning,11,pNN50,39,0.4137651821862348,0.008834305361401906,0.03254744080516492,*
Japan-morning,11,SD1,39,0.35101214574898787,0.028452241534412046,0.08047098615793306,
Japan-morning,11,SD2,39,0.5368421052631579,0.00042603127253833457,0.00980053856087301,**
Japan-morning,11,SD1SD2,0,,,,
Japan-morning,11,VLF_power,39,0.20222672064777328,0.21697182133267445,0.41417543173553245,
Japan-morning,11,LF_power,39,0.11821862348178139,0.4735133169351745,0.7986971610954751,
Japan-morning,11,HF_power,39,0.08178137651821864,0.6206436689197451,0.8498758714236434,
Japan-morning,11,Total_power,39,0.09777327935222672,0.5537504169678318,0.8498758714236434,
Japan-morning,11,LF_HF,39,0.008502024291497975,0.9590318736303869,0.9784535932335011,
Japan-morning,11,LF_norm,39,0.41720647773279357,0.00823224205816967,0.0322039061213735,*
Japan-morning,11,HF_norm,39,0.04615384615384616,0.7802435889791159,0.9094169964774147,
Japan-morning,11,DFA_alpha1,39,-0.06902834008097167,0.6762724365651366,0.8686067992579736,
Japan-morning,11,DFA_alpha2,0,,,,
Japan-morning,11,SDANN,39,0.244331983805668,0.133865011214243,0.3113111215011677,
Japan-morning,12,RMSSD,39,0.46295546558704453,0.0029997578138955348,0.015847777130014146,*
Japan-morning,12,SDNN,39,0.5105263157894737,0.0008981363001237621,0.00980053856087301,**
Japan-morning,12,pNN50,39,0.3937246963562753,0.013142211683198478,0.04487584477189724,*
Japan-morning,12,SD1,39,0.34433198380566804,0.031832003467418456,0.08408453746110535,
Japan-morning,12,SD2,39,0.5253036437246964,0.0005952426177447164,0.00980053856087301,**
Japan-morning,12,SD1SD2,0,,,,
Japan-morning,12,VLF_power,39,0.19635627530364372,0.2308960808390126,0.4337582266230212,
Japan-morning,12,LF_power,39,0.11275303643724698,0.4943432546583052,0.8142124194372086,
Japan-morning,12,HF_power,39,0.07935222672064778,0.6310924283649562,0.8498758714236434,
Japan-morning,12,Total_power,39,0.09230769230769233,0.5762289796386124,0.8498758714236434,
Japan-morning,12,LF_HF,39,0.016599190283400813,0.9201093193161122,0.958745527305035,
Japan-morning,12,LF_norm,39,0.41194331983805665,0.00916803480872536,0.03333830839536494,*
Japan-morning,12,HF_norm,39,0.03866396761133603,0.815227378985111,0.9094169964774147,
Japan-morning,12,DFA_alpha1,39,-0.06396761133603239,0.6988472284398308,0.8798698918807233,
Japan-morning,12,DFA_alpha2,0,,,,
Japan-morning,12,SDANN,39,0.23137651821862348,0.1564101105197959,0.35035864756434276,
Japan-morning,13,RMSSD,39,0.4516194331983806,0.0039021106370095973,0.019865290515685224,*
Japan-morning,13,SDNN,39,0.5048582995951416,0.0010465377200354904,0.00980053856087301,**
Japan-morning,13,pNN50,39,0.3852226720647773,0.015446841101255222,0.04971397136036164,*
Japan-morning,13,SD1,39,0.3431174089068826,0.0324805947352036,0.08499594883978512,
Japan-morning,13,SD2,39,0.5190283400809717,0.000710472498358991,0.00980053856087301,**
Japan-morning,13,SD1SD2,0,,,,
Japan-morning,13,VLF_power,39,0.19190283400809716,0.2418570317891353,0.44057009096239524,
Japan-morning,13,LF_power,39,0.10748987854251013,0.5148366657746923,0.8284727954995049,
Japan-morning,13,HF_power,39,0.07975708502024292,0.6293459789010019,0.8498758714236434,
Japan-morning,13,Total_power,39,0.08866396761133602,0.5914401430200318,0.8498758714236434,
Japan-morning,13,LF_HF,39,0.017408906882591096,0.9162256550339736,0.958745527305035,
Japan-morning,13,LF_norm,39,0.40242914979757083,0.01109149031915979,0.038340954189688164,*
Japan-morning,13,HF_norm,39,0.03866396761133603,0.815227378985111,0.9094169964774147,
Japan-morning,13,DFA_alpha1,39,-0.05748987854251012,0.7281174117201299,0.8914008029558225,
Japan-morning,13,DFA_alpha2,0,,,,
Japan-morning,13,SDANN,39,0.22732793522267206,0.1639912340924934,0.3587308245773293,
Japan-morning,14,RMSSD,39,0.4380566801619433,0.005284628882661199,0.024800624512443147,*
Japan-morning,14,SDNN,39,0.48785425101214575,0.0016303929792282562,0.010302282353282115,*
Japan-morning,14,pNN50,39,0.3736842105263158,0.019112293681267777,0.05860719693829171,
Japan-morning,14,SD1,39,0.32935222672064773,0.040618717934032336,0.10246163082458608,
Japan-morning,14,SD2,39,0.5024291497975709,0.0011165276260332623,0.00980053856087301,**
Japan-morning,14,SD1SD2,0,,,,
Japan-morning,14,VLF_power,39,0.2020242914979757,0.21744210166115455,0.41417543173553245,
Japan-morning,14,LF_power,39,0.1111336032388664,0.5006040180528316,0.819702485700543,
Japan-morning,14,HF_power,39,0.08076923076923077,0.6249885581658714,0.8498758714236434,
Japan-morning,14,Total_power,39,0.09230769230769233,0.5762289796386124,0.8498758714236434,
Japan-morning,14,LF_HF,39,0.026923076923076925,0.8707597090266801,0.9377412251056555,
Japan-morning,14,LF_norm,39,0.40627530364372466,0.010276144177327947,0.035966504620647814,*
Japan-morning,14,HF_norm,39,0.03178137651821863,0.8476908637487574,0.9199745808126049,
Japan-morning,14,DFA_alpha1,39,-0.05465587044534413,0.7410465498143655,0.8943665256380273,
Japan-morning,14,DFA_alpha2,0,,,,
Japan-morning,14,SDANN,39,0.20668016194331987,0.20680274113694308,0.40211644109961153,
Japan-morning,15,RMSSD,39,0.4408906882591094,0.004965072992168197,0.023969317893225775,*
Japan-morning,15,SDNN,39,0.49271255060728747,0.0014397434822222496,0.00980053856087301,**
Japan-morning,15,pNN50,39,0.37307692307692314,0.019323842496012083,0.05860719693829171,
Japan-morning,15,SD1,39,0.3350202429149797,0.037087178383019295,0.09440372679314002,
Japan-morning,15,SD2,39,0.5080971659919029,0.000959279087020694,0.00980053856087301,**
Japan-morning,15,SD1SD2,0,,,,
Japan-morning,15,VLF_power,39,0.19251012145748989,0.24034204624681274,0.44057009096239524,
Japan-morning,15,LF_power,39,0.10222672064777329,0.5357447158479924,0.8431243117992901,
Japan-morning,15,HF_power,39,0.07631578947368423,0.6442532712286102,0.8498758714236434,
Japan-morning,15,Total_power,39,0.08421052631578947,0.6102677931840466,0.8498758714236434,
Japan-morning,15,LF_HF,39,0.017813765182186237,0.9142845359496885,0.958745527305035,
Japan-morning,15,LF_norm,39,0.3925101214574899,0.01345242018926572,0.04535607376252519,*
Japan-morning,15,HF_norm,39,0.033198380566801626,0.840985075727874,0.9199745808126049,
Japan-morning,15,DFA_alpha1,39,-0.048582995951417005,0.7689849588514905,0.9094169964774147,
Japan-morning,15,DFA_alpha2,0,,,,
Japan-morning,15,SDANN,39,0.21518218623481783,0.18832044383117705,0.3815047786745402,
Japan-morning,16,RMSSD,39,0.43603238866396765,0.0055236445514532,0.024945491522691873,*
Japan-morning,16,SDNN,39,0.49311740890688266,0.0014247832368109994,0.00980053856087301,**
Japan-morning,16,pNN50,39,0.3680161943319838,0.021164209597309826,0.06304232646007182,
Japan-morning,16,SD1,39,0.3412955465587045,0.03347379450307969,0.08678391167465105,
Japan-morning,16,SD2,39,0.5072874493927126,0.0009804655868988685,0.00980053856087301,**
Japan-morning,16,SD1SD2,0,,,,
Japan-morning,16,VLF_power,39,0.19109311740890692,0.24388701463989737,0.44057009096239524,
Japan-morning,16,LF_power,39,0.101417004048583,0.5389973279002604,0.8431243117992901,
Japan-morning,16,HF_power,39,0.07672064777327935,0.6424921881164584,0.8498758714236434,
Japan-morning,16,Total_power,39,0.0840080971659919,0.6111296248763908,0.8498758714236434,
Japan-morning,16,LF_HF,39,0.01639676113360324,0.9210805244466229,0.958745527305035,
Japan-morning,16,LF_norm,39,0.39149797570850203,0.013715643587347292,0.04535607376252519,*
Japan-morning,16,HF_norm,39,0.03724696356275304,0.8218880798426935,0.9132089776029928,
Japan-morning,16,DFA_alpha1,39,-0.05020242914979757,0.7615049162276163,0.9094169964774147,
Japan-morning,16,DFA_alpha2,0,,,,
Japan-morning,16,SDANN,39,0.21578947368421053,0.1870465347540012,0.3815047786745402,
Japan-morning,17,RMSSD,39,0.43704453441295543,0.0054029931973536855,0.024800624512443147,*
Japan-morning,17,SDNN,39,0.49453441295546563,0.0013734979977796326,0.00980053856087301,**
Japan-morning,17,pNN50,39,0.37267206477732795,0.01946596184021832,0.05860719693829171,
Japan-morning,17,SD1,39,0.34574898785425107,0.03108880525773803,0.08370062954006394,
Japan-morning,17,SD2,39,0.5068825910931174,0.0009912137026002227,0.00980053856087301,**
Japan-morning,17,SD1SD2,0,,,,
Japan-morning,17,VLF_power,39,0.19574898785425102,0.23237047854804707,0.4337582266230212,
Japan-morning,17,LF_power,39,0.10445344129554655,0.5268492086857304,0.8381691956363891,
Japan-morning,17,HF_power,39,0.0825910931174089,0.617176862494496,0.8498758714236434,
Japan-morning,17,Total_power,39,0.08866396761133602,0.5914401430200318,0.8498758714236434,
Japan-morning,17,LF_HF,39,0.008097165991902834,0.9609812076400457,0.9784535932335011,
Japan-morning,17,LF_norm,39,0.39129554655870447,0.013768808106480863,0.04535607376252519,*
Japan-morning,17,HF_norm,39,0.04433198380566801,0.7887167916580728,0.9094169964774147,
Japan-morning,17,DFA_alpha1,39,-0.053643724696356275,0.745681354267005,0.8960977647843836,
Japan-morning,17,DFA_alpha2,0,,,,
Japan-morning,17,SDANN,39,0.21295546558704453,0.19304391670088633,0.3815047786745402,
Japan-morning,18,RMSSD,39,0.42894736842105263,0.006435332572977029,0.027721432622054894,*
Japan-morning,18,SDNN,39,0.49251012145748996,0.0014472755013103331,0.00980053856087301,**
Japan-morning,18,pNN50,39,0.3637651821862348,0.02282114166298808,0.06726231226985961,
Japan-morning,18,SD1,39,0.34574898785425107,0.03108880525773803,0.08370062954006394,
Japan-morning,18,SD2,39,0.5046558704453442,0.0010522178981954206,0.00980053856087301,**
Japan-morning,18,SD1SD2,0,,,,
Japan-morning,18,VLF_power,39,0.19129554655870448,0.24337844668441713,0.44057009096239524,
Japan-morning,18,LF_power,39,0.09878542510121457,0.5496333867830421,0.8498758714236434,
Japan-morning,18,HF_power,39,0.07773279352226721,0.6380979192473565,0.8498758714236434,
Japan-morning,18,Total_power,39,0.0825910931174089,0.617176862494496,0.8498758714236434,
Japan-morning,18,LF_HF,39,0.009514170040485829,0.9541595904607778,0.9784535932335011,
Japan-morning,18,LF_norm,39,0.3898785425101215,0.014145865916584444,0.04605630763539121,*
Japan-morning,18,HF_norm,39,0.042510121457489884,0.7972140276929861,0.9094169964774147,
Japan-morning,18,DFA_alpha1,39,-0.04797570850202429,0.7717953392235957,0.9094169964774147,
Japan-morning,18,DFA_alpha2,0,,,,
Japan-morning,18,SDANN,39,0.21639676113360326,0.18577873925329877,0.3815047786745402,
Japan-morning,19,RMSSD,39,0.4261133603238867,0.006834779746356213,0.028996035287571813,*
Japan-morning,19,SDNN,39,0.4937246963562753,0.0014026003150480989,0.00980053856087301,**
Japan-morning,19,pNN50,39,0.359919028340081,0.02441202063324068,0.0704676884258494,
Japan-morning,19,SD1,39,0.34635627530364377,0.03077469164850216,0.08370062954006394,
Japan-morning,19,SD2,39,0.5064777327935223,0.0010020662136840228,0.00980053856087301,**
Japan-morning,19,SD1SD2,0,,,,
Japan-morning,19,VLF_power,39,0.1791497975708502,0.27516389420466913,0.4907381552694736,
Japan-morning,19,LF_power,39,0.0965587044534413,0.558709882116865,0.8498758714236434,
Japan-morning,19,HF_power,39,0.07692307692307694,0.6416123678561514,0.8498758714236434,
Japan-morning,19,Total_power,39,0.07914979757085021,0.6319663950876567,0.8498758714236434,
Japan-morning,19,LF_HF,39,0.006275303643724696,0.9697558176463255,0.9802585882345528,
Japan-morning,19,LF_norm,39,0.38279352226720653,0.016164751749808196,0.05143330102211699,
Japan-morning,19,HF_norm,39,0.042510121457489884,0.7972140276929861,0.9094169964774147,
Japan-morning,19,DFA_alpha1,39,-0.04534412955465587,0.784006430707116,0.9094169964774147,
Japan-morning,19,DFA_alpha2,0,,,,
Japan-morning,19,SDANN,39,0.21963562753036436,0.17911997276896413,0.3799514573887118,
Japan-morning,20,RMSSD,39,0.41599190283400816,0.008440587094086953,0.0322039061213735,*
Japan-morning,20,SDNN,39,0.4892712550607287,0.0015726120079802694,0.010240264238011056,*
Japan-morning,20,pNN50,39,0.34797570850202436,0.029949804637652105,0.08370062954006394,
Japan-morning,20,SD1,39,0.3461538461538462,0.030879104646771616,0.08370062954006394,
Japan-morning,20,SD2,39,0.5010121457489878,0.0011592426715854576,0.00980053856087301,**
Japan-morning,20,SD1SD2,0,,,,
Japan-morning,20,VLF_power,39,0.17469635627530367,0.28746947930617583,0.5094395835805648,
Japan-morning,20,LF_power,39,0.09008097165991902,0.5855036835007423,0.8498758714236434,
Japan-morning,20,HF_power,39,0.07510121457489878,0.6495479874452131,0.8498758714236434,
Japan-morning,20,Total_power,39,0.07550607287449394,0.6477811791244521,0.8498758714236434,
Japan-morning,20,LF_HF,39,0.0016194331983805667,0.9921933761796196,0.9951208146271181,
Japan-morning,20,LF_norm,39,0.3732793522267207,0.019253109375637876,0.05860719693829171,
Japan-morning,20,HF_norm,39,0.03967611336032389,0.81047753344651,0.9094169964774147,
Japan-morning,20,DFA_alpha1,39,-0.03623481781376518,0.8266532999745628,0.9148732173631525,
Japan-morning,20,DFA_alpha2,0,,,,
Japan-morning,20,SDANN,39,0.21417004048582997,0.190457239725772,0.3815047786745402,
Japan-afternoon,1,RMSSD,40,0.7808630393996248,2.789263818441502e-09,2.6033128972120686e-07,***
Japan-afternoon,1,SDNN,40,0.5495309568480301,0.00024005116550988262,0.0008961910179035618,***
Japan-afternoon,1,pNN50,40,0.6228893058161351,1.7677357901745347e-05,8.838678950872674e-05,***
Japan-afternoon,1,SD1,40,0.3287054409005629,0.038365236308731857,0.08951888472037432,
Japan-afternoon,1,SD2,40,0.6116322701688557,2.7525307051274074e-05,0.0001261194955997444,***
Japan-afternoon,1,SD1SD2,0,,,,
Japan-afternoon,1,VLF_power,40,0.03414634146341464,0.8343130319836046,0.8403152840122636,
Japan-afternoon,1,LF_power,40,-0.07879924953095685,0.6288688074082995,0.752492590061213,
Japan-afternoon,1,HF_power,40,-0.05590994371482177,0.7318535681147116,0.8020749230408526,
Japan-afternoon,1,Total_power,40,-0.08742964352720452,0.5916485886591233,0.7472308346482138,
Japan-afternoon,1,LF_HF,40,-0.09587242026266417,0.5562093016839182,0.7356417736729182,
Japan-afternoon,1,LF_norm,40,0.20806754221388368,0.19762052839336153,0.35021359462114704,
Japan-afternoon,1,HF_norm,40,0.09662288930581615,0.5531079316898116,0.7356417736729182,
Japan-afternoon,1,DFA_alpha1,40,0.005253283302063791,0.9743354352174323,0.9743354352174322,
Japan-afternoon,1,DFA_alpha2,0,,,,
Japan-afternoon,1,SDANN,40,0.5821763602251407,8.122580748963803e-05,0.00032032712812814993,***
Japan-afternoon,2,RMSSD,40,0.8106941838649158,2.2909130421109643e-10,6.4145565179107e-08,***
Japan-afternoon,2,SDNN,40,0.6442776735459663,7.253784432099209e-06,4.4153470456256053e-05,***
Japan-afternoon,2,pNN50,40,0.6816135084427768,1.2847945276953799e-06,1.7130593702605064e-05,***
Japan-afternoon,2,SD1,40,0.43452157598499064,0.005083588600266266,0.01437782634418742,*
Japan-afternoon,2,SD2,40,0.6954971857410882,6.321808665599745e-07,1.0412390743340756e-05,***
Japan-afternoon,2,SD1SD2,0,,,,
Japan-afternoon,2,VLF_power,40,0.16454033771106943,0.31030517207069697,0.539235259869462,
Japan-afternoon,2,LF_power,40,0.036210131332082555,0.8244511945651924,0.8363997626023691,
Japan-afternoon,2,HF_power,40,0.04803001876172608,0.768524175162375,0.8169674265298438,
Japan-afternoon,2,Total_power,40,0.033395872420262665,0.837905449415709,0.8409086947541166,
Japan-afternoon,2,LF_HF,40,-0.150656660412758,0.3534421576418253,0.5971908973296369,
Japan-afternoon,2,LF_norm,40,0.25253283302063795,0.11592408574633714,0.21495856959585694,
Japan-afternoon,2,HF_norm,40,0.17767354596622892,0.2727162570128553,0.47725344977249673,
Japan-afternoon,2,DFA_alpha1,40,-0.09099437148217637,0.5765641131533156,0.7439536943913749,
Japan-afternoon,2,DFA_alpha2,0,,,,
Japan-afternoon,2,SDANN,40,0.5358348968105066,0.00036615990116573434,0.0013144201580308412,**
Japan-afternoon,3,RMSSD,40,0.7834896810506569,2.2740508611294875e-09,2.6033128972120686e-07,***
Japan-afternoon,3,SDNN,40,0.654784240150094,4.564888861581165e-06,3.27735610575058e-05,***
Japan-afternoon,3,pNN50,40,0.6673545966228894,2.560768980030808e-06,2.280574363358688e-05,***
Japan-afternoon,3,SD1,40,0.4482176360225142,0.0037256983965720967,0.011591061678224301,*
Japan-afternoon,3,SD2,40,0.6984990619136962,5.394971953892236e-07,9.441200919311412e-06,***
Japan-afternoon,3,SD1SD2,0,,,,
Japan-afternoon,3,VLF_power,40,0.2212007504690432,0.17015825993156036,0.30346696038749615,
Japan-afternoon,3,LF_power,40,0.07354596622889306,0.6519841937363078,0.7664772349980912,
Japan-afternoon,3,HF_power,40,0.06923076923076925,0.6712161907118168,0.7766137743773087,
Japan-afternoon,3,Total_power,40,0.07242026266416511,0.656980487141221,0.7664772349980912,
Japan-afternoon,3,LF_HF,40,-0.13452157598499065,0.4079072944568597,0.6452770759769532,
Japan-afternoon,3,LF_norm,40,0.2388367729831145,0.13775253938390422,0.2472481476121358,
Japan-afternoon,3,HF_norm,40,0.18236397748592875,0.26004963687618743,0.4579490460712734,
Japan-afternoon,3,DFA_alpha1,40,-0.12701688555347093,0.434788939910168,0.6726016749991549,
Japan-afternoon,3,DFA_alpha2,0,,,,
Japan-afternoon,3,SDANN,40,0.47448405253283304,0.001979385101770658,0.006677443716816677,**
Japan-afternoon,4,RMSSD,40,0.7480300187617263,2.8916620266460265e-08,2.0241634186522184e-06,***
Japan-afternoon,4,SDNN,40,0.6589118198874298,3.786853151276111e-06,2.9453302287703086e-05,***
Japan-afternoon,4,pNN50,40,0.6354596622889306,1.0558533608200128e-05,5.888660898586086e-05,***
Japan-afternoon,4,SD1,40,0.4410881801125704,0.004386757305678558,0.013351000495543436,*
Japan-afternoon,4,SD2,40,0.7028142589118199,4.2809723525981587e-07,9.006548463748898e-06,***
Japan-afternoon,4,SD1SD2,0,,,,
Japan-afternoon,4,VLF_power,40,0.26772983114446536,0.09487479297368835,0.19390468636958205,
Japan-afternoon,4,LF_power,40,0.09193245778611633,0.5726236594336075,0.7422899288954171,
Japan-afternoon,4,HF_power,40,0.06116322701688557,0.7077235496671945,0.79679753399887,
Japan-afternoon,4,Total_power,40,0.09230769230769233,0.5710509221950562,0.7422899288954171,
Japan-afternoon,4,LF_HF,40,-0.07467166979362101,0.6470028501821441,0.7643915529578074,
Japan-afternoon,4,LF_norm,40,0.2577861163227017,0.10828305710602247,0.2086878722648871,
Japan-afternoon,4,HF_norm,40,0.14352720450281425,0.3769401651215838,0.6136235246165318,
Japan-afternoon,4,DFA_alpha1,40,-0.12157598499061914,0.4548761565535585,0.6998094716208593,
Japan-afternoon,4,DFA_alpha2,0,,,,
Japan-afternoon,4,SDANN,40,0.43189493433395876,0.005388100627862742,0.014647263842733666,*
Japan-afternoon,5,RMSSD,40,0.7397748592870544,4.92624264937325e-08,2.75869588364902e-06,***
Japan-afternoon,5,SDNN,40,0.678236397748593,1.517958179448621e-06,1.7709512093567244e-05,***
Japan-afternoon,5,pNN50,40,0.626829268292683,1.5077252667811683e-05,7.817834716643095e-05,***
Japan-afternoon,5,SD1,40,0.4440900562851783,0.00409692510914096,0.012605923412741414,*
Japan-afternoon,5,SD2,40,0.7255159474671671,1.1817708870492157e-07,5.514930806229673e-06,***
Japan-afternoon,5,SD1SD2,0,,,,
Japan-afternoon,5,VLF_power,40,0.2592870544090057,0.10617180392722698,0.20849009955129025,
Japan-afternoon,5,LF_power,40,0.08724202626641653,0.5924473046139409,0.7472308346482138,
Japan-afternoon,5,HF_power,40,0.05590994371482177,0.7318535681147116,0.8020749230408526,
Japan-afternoon,5,Total_power,40,0.08911819887429645,0.5844816166436049,0.7472308346482138,
Japan-afternoon,5,LF_HF,40,-0.057035647279549725,0.7266604559799583,0.8020749230408526,
Japan-afternoon,5,LF_norm,40,0.2596622889305817,0.1056489187652745,0.20849009955129025,
Japan-afternoon,5,HF_norm,40,0.1405253283302064,0.38710423158269935,0.6260215742587176,
Japan-afternoon,5,DFA_alpha1,40,-0.11519699812382742,0.4790516575911141,0.721570486000977,
Japan-afternoon,5,DFA_alpha2,0,,,,
Japan-afternoon,5,SDANN,40,0.4572232645403378,0.0030160428099201887,0.009706804445720148,**
Japan-afternoon,6,RMSSD,40,0.7200750469043153,1.6271379094653628e-07,5.820394878735719e-06,***
Japan-afternoon,6,SDNN,40,0.6712945590994372,2.1243307655571506e-06,2.280574363358688e-05,***
Japan-afternoon,6,pNN50,40,0.6138836772983115,2.5226714052482658e-05,0.00011772466557825241,***
Japan-afternoon,6,SD1,40,0.4332082551594747,0.005233925259322953,0.01442744862412111,*
Japan-afternoon,6,SD2,40,0.7196998123827393,1.6629699653530625e-07,5.820394878735719e-06,***
Japan-afternoon,6,SD1SD2,0,,,,
Japan-afternoon,6,VLF_power,40,0.2532833020637899,0.11480828452568659,0.21430879778128162,
Japan-afternoon,6,LF_power,40,0.0726078799249531,0.6561467413211428,0.7664772349980912,
Japan-afternoon,6,HF_power,40,0.035272045028142594,0.8289306460066383,0.837908234230537,
Japan-afternoon,6,Total_power,40,0.07016885553470921,0.6670171719922171,0.7749577101984265,
Japan-afternoon,6,LF_HF,40,-0.04671669793621014,0.7746870195733238,0.8185372282284175,
Japan-afternoon,6,LF_norm,40,0.26228893058161357,0.10204345426523427,0.2055551596709755,
Japan-afternoon,6,HF_norm,40,0.13095684803001878,0.42055558148310923,0.6578523062305619,
Japan-afternoon,6,DFA_alpha1,40,-0.09568480300187618,0.5569859143523523,0.7356417736729182,
Japan-afternoon,6,DFA_alpha2,0,,,,
Japan-afternoon,6,SDANN,40,0.4641651031894935,0.002552730472776342,0.008408994498557362,**
Japan-afternoon,7,RMSSD,40,0.703189493433396,4.1949279548225904e-07,9.006548463748898e-06,***
Japan-afternoon,7,SDNN,40,0.6692307692307693,2.3435745557707056e-06,2.280574363358688e-05,***
Japan-afternoon,7,pNN50,40,0.6033771106941839,3.768286001650047e-05,0.0001623261662249251,***
Japan-afternoon,7,SD1,40,0.4367729831144466,0.00483457207860502,0.014100835229264641,*
Japan-afternoon,7,SD2,40,0.7166979362101313,1.9770826078243967e-07,5.903581929389408e-06,***
Japan-afternoon,7,SD1SD2,0,,,,
Japan-afternoon,7,VLF_power,40,0.25121951219512195,0.11789639436094673,0.21627749554188053,
Japan-afternoon,7,LF_power,40,0.08499061913696061,0.6020686818684864,0.7476091739957607,
Japan-afternoon,7,HF_power,40,0.04033771106941839,0.8048085483321273,0.8233419735323801,
Japan-afternoon,7,Total_power,40,0.07673545966228894,0.637909829735134,0.7600627758546277,
Japan-afternoon,7,LF_HF,40,-0.04915572232645404,0.763252875480823,0.815690095933704,
Japan-afternoon,7,LF_norm,40,0.27485928705440904,0.08607525675315482,0.17985874545435335,
Japan-afternoon,7,HF_norm,40,0.13996247654784244,0.3890276925750602,0.6260215742587176,
Japan-afternoon,7,DFA_alpha1,40,-0.10225140712945593,0.5301107241717837,0.721570486000977,
Japan-afternoon,7,DFA_alpha2,0,,,,
Japan-afternoon,7,SDANN,40,0.46491557223264546,0.00250659686291423,0.008355322876380767,**
Japan-afternoon,8,RMSSD,40,0.70187617260788,4.503274231874449e-07,9.006548463748898e-06,***
Japan-afternoon,8,SDNN,40,0.6673545966228894,2.560768980030808e-06,2.280574363358688e-05,***
Japan-afternoon,8,pNN50,40,0.6052532833020638,3.511354091163407e-05,0.00015606018182948476,***
Japan-afternoon,8,SD1,40,0.4371482176360226,0.004794115959817573,0.014100835229264641,*
Japan-afternoon,8,SD2,40,0.7155722326454035,2.1084221176390744e-07,5.903581929389408e-06,***
Japan-afternoon,8,SD1SD2,0,,,,
Japan-afternoon,8,VLF_power,40,0.25984990619136966,0.10538821256705193,0.20849009955129025,
Japan-afternoon,8,LF_power,40,0.09362101313320827,0.5655619456089227,0.7422899288954171,
Japan-afternoon,8,HF_power,40,0.040150093808630404,0.8056989312424007,0.8233419735323801,
Japan-afternoon,8,Total_power,40,0.08236397748592872,0.6133781964912152,0.7499820743124028,
Japan-afternoon,8,LF_HF,40,-0.04465290806754222,0.7843989449011584,0.8195212857176282,
Japan-afternoon,8,LF_norm,40,0.28667917448405256,0.07289628533532594,0.1534658638638441,
Japan-afternoon,8,HF_norm,40,0.1382739212007505,0.3948314784098307,0.6281409883792761,
Japan-afternoon,8,DFA_alpha1,40,-0.10544090056285181,0.5172894060004158,0.721570486000977,
Japan-afternoon,8,DFA_alpha2,0,,,,
Japan-afternoon,8,SDANN,40,0.45984990619136973,0.002832736401982726,0.009222862704129807,**
Japan-afternoon,9,RMSSD,40,0.6939962476547843,6.838459967918078e-07,1.0637604394539233e-05,***
Japan-afternoon,9,SDNN,40,0.6619136960600376,3.2997232384992956e-06,2.7174191375876552e-05,***
Japan-afternoon,9,pNN50,40,0.599624765478424,4.3341621553080906e-05,0.00018387354598276747,***
Japan-afternoon,9,SD1,40,0.4395872420262665,0.004538245085832062,0.013663533591752444,*
Japan-afternoon,9,SD2,40,0.7090056285178238,3.050003685085508e-07,7.76364574385402e-06,***
Japan-afternoon,9,SD1SD2,0,,,,
Japan-afternoon,9,VLF_power,40,0.27035647279549724,0.09155577084277754,0.18989345063687194,
Japan-afternoon,9,LF_power,40,0.11013133208255162,0.49871875230644236,0.721570486000977,
Japan-afternoon,9,HF_power,40,0.052908067542213895,0.7457590575787085,0.8093509152016991,
Japan-afternoon,9,Total_power,40,0.09793621013133211,0.5477001986036869,0.7337610316221642,
Japan-afternoon,9,LF_HF,40,-0.04934333958724203,0.7623753419174327,0.815690095933704,
Japan-afternoon,9,LF_norm,40,0.30000000000000004,0.060001789548761744,0.12727652328525219,
Japan-afternoon,9,HF_norm,40,0.1457786116322702,0.36942186447854186,0.6136235246165318,
Japan-afternoon,9,DFA_alpha1,40,-0.11594746716697937,0.47617300841341337,0.721570486000977,
Japan-afternoon,9,DFA_alpha2,0,,,,
Japan-afternoon,9,SDANN,40,0.45065666041275804,0.0035204209030977747,0.011075481492891875,*
Japan-afternoon,10,RMSSD,40,0.6861163227016887,1.025129181521979e-06,1.5107166885587058e-05,***
Japan-afternoon,10,SDNN,40,0.6504690431519701,5.533099705668169e-06,3.602948645551366e-05,***
Japan-afternoon,10,pNN50,40,0.5906191369606004,6.0209371400858465e-05,0.0002443278839455126,***
Japan-afternoon,10,SD1,40,0.4294559099437149,0.005684885729246908,0.015305461578741675,*
Japan-afternoon,10,SD2,40,0.6994371482176361,5.132179823074196e-07,9.441200919311412e-06,***
Japan-afternoon,10,SD1SD2,0,,,,
Japan-afternoon,10,VLF_power,40,0.2574108818011257,0.10881581910954828,0.2086878722648871,
Japan-afternoon,10,LF_power,40,0.10000000000000002,0.5392533802544704,0.72942486217996,
Japan-afternoon,10,HF_power,40,0.04296435272045029,0.7923691812787439,0.8214338355371241,
Japan-afternoon,10,Total_power,40,0.08461538461538462,0.6036787938449706,0.7476091739957607,
Japan-afternoon,10,LF_HF,40,-0.04296435272045029,0.7923691812787439,0.8214338355371241,
Japan-afternoon,10,LF_norm,40,0.30093808630394,0.05916706246440169,0.12727652328525219,
Japan-afternoon,10,HF_norm,40,0.13864915572232647,0.39353742456885843,0.6281409883792761,
Japan-afternoon,10,DFA_alpha1,40,-0.10656660412757975,0.5128013336213801,0.721570486000977,
Japan-afternoon,10,DFA_alpha2,0,,,,
Japan-afternoon,10,SDANN,40,0.45272045028142593,0.0033545076399088217,0.010673433399709888,*
Japan-afternoon,11,RMSSD,40,0.6836772983114447,1.1590576818956077e-06,1.6226807546538507e-05,***
Japan-afternoon,11,SDNN,40,0.6324577861163228,1.1966079978824624e-05,6.443273834751721e-05,***
Japan-afternoon,11,pNN50,40,0.5887429643527206,6.439804255391912e-05,0.00025759217021567647,***
Japan-afternoon,11,SD1,40,0.4185741088180113,0.007187838935779243,0.017710863189847,*
Japan-afternoon,11,SD2,40,0.6806754221388369,1.3460056153234546e-06,1.713098055866215e-05,***
Japan-afternoon,11,SD1SD2,0,,,,
Japan-afternoon,11,VLF_power,40,0.2681050656660413,0.0943950633289428,0.19390468636958205,
Japan-afternoon,11,LF_power,40,0.10656660412757975,0.5128013336213801,0.721570486000977,
Japan-afternoon,11,HF_power,40,0.0476547842401501,0.7702835735852812,0.8169674265298438,
Japan-afternoon,11,Total_power,40,0.08742964352720452,0.5916485886591233,0.7472308346482138,
Japan-afternoon,11,LF_HF,40,-0.04540337711069419,0.780863520955924,0.8188830931372987,
Japan-afternoon,11,LF_norm,40,0.30037523452157605,0.0596667811580378,0.12727652328525219,
Japan-afternoon,11,HF_norm,40,0.13320825515947468,0.41254166179396234,0.6489419399006149,
Japan-afternoon,11,DFA_alpha1,40,-0.10206378986866795,0.5308697147007188,0.721570486000977,
Japan-afternoon,11,DFA_alpha2,0,,,,
Japan-afternoon,11,SDANN,40,0.4354596622889307,0.00497851160245608,0.01422431886416023,*
Japan-afternoon,12,RMSSD,40,0.6662288930581614,2.699823681808665e-06,2.290759487595231e-05,***
Japan-afternoon,12,SDNN,40,0.630018761726079,1.323393070370285e-05,6.991510560446789e-05,***
Japan-afternoon,12,pNN50,40,0.5684803001876173,0.00012976504771550448,0.0005046418522269619,***
Japan-afternoon,12,SD1,40,0.41482176360225154,0.007779972808279765,0.01861873834460115,*
Japan-afternoon,12,SD2,40,0.678611632270169,1.4902493733711374e-06,1.7709512093567244e-05,***
Japan-afternoon,12,SD1SD2,0,,,,
Japan-afternoon,12,VLF_power,40,0.25497185741088185,0.1123274044167527,0.21211441986715698,
Japan-afternoon,12,LF_power,40,0.09887429643527205,0.5438529617232974,0.7321097561659773,
Japan-afternoon,12,HF_power,40,0.04540337711069419,0.780863520955924,0.8188830931372987,
Japan-afternoon,12,Total_power,40,0.07992495309568483,0.6239596537085267,0.752492590061213,
Japan-afternoon,12,LF_HF,40,-0.037335834896810506,0.819083100404856,0.833975520412217,
Japan-afternoon,12,LF_norm,40,0.30000000000000004,0.060001789548761744,0.12727652328525219,
Japan-afternoon,12,HF_norm,40,0.12908067542213886,0.42730034223557156,0.6646894212553336,
Japan-afternoon,12,DFA_alpha1,40,-0.09193245778611633,0.5726236594336075,0.7422899288954171,
Japan-afternoon,12,DFA_alpha2,0,,,,
Japan-afternoon,12,SDANN,40,0.43339587242026273,0.005212215430269337,0.01442744862412111,*
Japan-afternoon,13,RMSSD,40,0.6581613508442777,3.918548434061028e-06,2.9653880041542917e-05,***
Japan-afternoon,13,SDNN,40,0.6219512195121952,1.8353960591190587e-05,9.015980641286604e-05,***
Japan-afternoon,13,pNN50,40,0.5525328330206379,0.0002182973108159152,0.0008309303859580405,***
Japan-afternoon,13,SD1,40,0.41801125703564734,0.007274104524401447,0.017710863189847,*
Japan-afternoon,13,SD2,40,0.6696060037523454,2.3022248740069545e-06,2.280574363358688e-05,***
Japan-afternoon,13,SD1SD2,0,,,,
Japan-afternoon,13,VLF_power,40,0.2545966228893059,0.11287517342930854,0.21211441986715698,
Japan-afternoon,13,LF_power,40,0.10938086303939965,0.5016670098049575,0.721570486000977,
Japan-afternoon,13,HF_power,40,0.05609756097560976,0.7309872230846155,0.8020749230408526,
Japan-afternoon,13,Total_power,40,0.08536585365853659,0.6004604308200437,0.7476091739957607,
Japan-afternoon,13,LF_HF,40,-0.04071294559099438,0.8030285124191046,0.8233419735323801,
Japan-afternoon,13,LF_norm,40,0.31726078799249535,0.04606766860851455,0.10486948951531767,
Japan-afternoon,13,HF_norm,40,0.14465290806754225,0.37316976112315814,0.6136235246165318,
Japan-afternoon,13,DFA_alpha1,40,-0.10675422138836774,0.5120552200421544,0.721570486000977,
Japan-afternoon,13,DFA_alpha2,0,,,,
Japan-afternoon,13,SDANN,40,0.4330206378986867,0.005255713427358404,0.01442744862412111,*
Japan-afternoon,14,RMSSD,40,0.6596622889305817,3.659236610764669e-06,2.9273892886117354e-05,***
Japan-afternoon,14,SDNN,40,0.6228893058161351,1.7677357901745347e-05,8.838678950872674e-05,***
Japan-afternoon,14,pNN50,40,0.5523452157598501,0.000219603030574625,0.0008309303859580405,***
Japan-afternoon,14,SD1,40,0.4189493433395873,0.007130819292037927,0.017710863189847,*
Japan-afternoon,14,SD2,40,0.6703564727954973,2.2215330478644928e-06,2.280574363358688e-05,***
Japan-afternoon,14,SD1SD2,0,,,,
Japan-afternoon,14,VLF_power,40,0.24990619136960604,0.1198938662450105,0.2179888477182009,
Japan-afternoon,14,LF_power,40,0.10300187617260789,0.5270800636061516,0.721570486000977,
Japan-afternoon,14,HF_power,40,0.05140712945590995,0.7527420432328508,0.8137751818733522,
Japan-afternoon,14,Total_power,40,0.07879924953095685,0.6288688074082995,0.752492590061213,
Japan-afternoon,14,LF_HF,40,-0.042401500938086305,0.7950306051091451,0.8214338355371241,
Japan-afternoon,14,LF_norm,40,0.31819887429643534,0.04539266006167392,0.10417987555138276,
Japan-afternoon,14,HF_norm,40,0.14371482176360226,0.37631020349679845,0.6136235246165318,
Japan-afternoon,14,DFA_alpha1,40,-0.1050656660412758,0.5187897553905243,0.721570486000977,
Japan-afternoon,14,DFA_alpha2,0,,,,
Japan-afternoon,14,SDANN,40,0.43583489681050663,0.004937011485770346,0.01422431886416023,*
Japan-afternoon,15,RMSSD,40,0.6540337711069419,4.721210433185422e-06,3.3048473032297956e-05,***
Japan-afternoon,15,SDNN,40,0.6206378986866793,1.934097971001968e-05,9.247532849359219e-05,***
Japan-afternoon,15,pNN50,40,0.5414634146341465,0.0003085070908714516,0.0011218439668052786,**
Japan-afternoon,15,SD1,40,0.42195121951219516,0.006688522337571125,0.017340613467776992,*
Japan-afternoon,15,SD2,40,0.6675422138836774,2.538244499718789e-06,2.280574363358688e-05,***
Japan-afternoon,15,SD1SD2,0,,,,
Japan-afternoon,15,VLF_power,40,0.24559099437148219,0.1266362455558637,0.22876225003639894,
Japan-afternoon,15,LF_power,40,0.10412757973733584,0.5225500452812593,0.721570486000977,
Japan-afternoon,15,HF_power,40,0.05497185741088181,0.7361901972196397,0.8020749230408526,
Japan-afternoon,15,Total_power,40,0.07954971857410884,0.625594271766996,0.752492590061213,
Japan-afternoon,15,LF_HF,40,-0.05065666041275797,0.756240871623167,0.8144132463634106,
Japan-afternoon,15,LF_norm,40,0.32007504690431526,0.04406664414947702,0.10197239968474021,
Japan-afternoon,15,HF_norm,40,0.15140712945590995,0.35102154732746227,0.5971908973296369,
Japan-afternoon,15,DFA_alpha1,40,-0.10975609756097562,0.5001917749348543,0.721570486000977,
Japan-afternoon,15,DFA_alpha2,0,,,,
Japan-afternoon,15,SDANN,40,0.43789868667917453,0.004714084743815973,0.014041954556047577,*
Japan-afternoon,16,RMSSD,40,0.653470919324578,4.841661171097799e-06,3.3065003119692285e-05,***
Japan-afternoon,16,SDNN,40,0.6204502814258913,1.948587278972121e-05,9.247532849359219e-05,***
Japan-afternoon,16,pNN50,40,0.5431519699812384,0.00029287819079104567,0.0010790249134406944,**
Japan-afternoon,16,SD1,40,0.42532833020637906,0.006219414550143903,0.01627510349570367,*
Japan-afternoon,16,SD2,40,0.6669793621013134,2.6063707009813577e-06,2.280574363358688e-05,***
Japan-afternoon,16,SD1SD2,0,,,,
Japan-afternoon,16,VLF_power,40,0.251031894934334,0.118180202921099,0.21627749554188053,
Japan-afternoon,16,LF_power,40,0.10863039399624766,0.5046240984754595,0.721570486000977,
Japan-afternoon,16,HF_power,40,0.06097560975609758,0.7085806641632808,0.79679753399887,
Japan-afternoon,16,Total_power,40,0.0851782363977486,0.6012643233419839,0.7476091739957607,
Japan-afternoon,16,LF_HF,40,-0.06247654784240151,0.7017337507961532,0.7954876527243843,
Japan-afternoon,16,LF_norm,40,0.3136960600375235,0.0487070515741373,0.10998366484482616,
Japan-afternoon,16,HF_norm,40,0.15497185741088182,0.3396619144920149,0.5834683193727863,
Japan-afternoon,16,DFA_alpha1,40,-0.11088180112570359,0.49577936140161294,0.721570486000977,
Japan-afternoon,16,DFA_alpha2,0,,,,
Japan-afternoon,16,SDANN,40,0.4281425891181989,0.005850475947735321,0.015517465145857126,*
Japan-afternoon,17,RMSSD,40,0.6461538461538462,6.6866208114737894e-06,4.255122334574229e-05,***
Japan-afternoon,17,SDNN,40,0.6112570356472796,2.7926459739943404e-05,0.0001261194955997444,***
Japan-afternoon,17,pNN50,40,0.5343339587242026,0.0003830829350168923,0.0013577623013256942,**
Japan-afternoon,17,SD1,40,0.42795497185741094,0.005874468948074483,0.015517465145857126,*
Japan-afternoon,17,SD2,40,0.6564727954971858,4.230392081513519e-06,3.1171310074310144e-05,***
Japan-afternoon,17,SD1SD2,0,,,,
Japan-afternoon,17,VLF_power,40,0.25666041275797374,0.10988731027207298,0.20930916242299616,
Japan-afternoon,17,LF_power,40,0.11088180112570359,0.49577936140161294,0.721570486000977,
Japan-afternoon,17,HF_power,40,0.06491557223264542,0.6906571371704275,0.7893224424804886,
Japan-afternoon,17,Total_power,40,0.08799249530956849,0.5892552946927676,0.7472308346482138,
Japan-afternoon,17,LF_HF,40,-0.07560975609756097,0.642863284531711,0.7627191511393182,
Japan-afternoon,17,LF_norm,40,0.3110694183864916,0.05072876772858546,0.11363243971203142,
Japan-afternoon,17,HF_norm,40,0.16397748592870548,0.3119861146387602,0.539235259869462,
Japan-afternoon,17,DFA_alpha1,40,-0.11726078799249533,0.47115735038891227,0.7208964923983356,
Japan-afternoon,17,DFA_alpha2,0,,,,
Japan-afternoon,17,SDANN,40,0.4187617260787993,0.007159280221366343,0.017710863189847,*
Japan-afternoon,18,RMSSD,40,0.6407129455909945,8.454582673884344e-06,4.9318398930992e-05,***
Japan-afternoon,18,SDNN,40,0.6046904315196998,3.58670584202075e-05,0.00015691838058840783,***
Japan-afternoon,18,pNN50,40,0.5311444652908068,0.0004213926571568746,0.001474874300049061,**
Japan-afternoon,18,SD1,40,0.42045028142589125,0.006906619512382845,0.017710863189847,*
Japan-afternoon,18,SD2,40,0.6510318949343341,5.3969275501456305e-06,3.5979517000970866e-05,***
Japan-afternoon,18,SD1SD2,0,,,,
Japan-afternoon,18,VLF_power,40,0.2589118198874297,0.1066966562199055,0.20849009955129025,
Japan-afternoon,18,LF_power,40,0.1028142589118199,0.5278369322750038,0.721570486000977,
Japan-afternoon,18,HF_power,40,0.05590994371482177,0.7318535681147116,0.8020749230408526,
Japan-afternoon,18,Total_power,40,0.0827392120075047,0.6117570499253207,0.7499820743124028,
Japan-afternoon,18,LF_HF,40,-0.06735459662288931,0.6796437442954635,0.7818585925067894,
Japan-afternoon,18,LF_norm,40,0.301313320825516,0.05883577282326136,0.12727652328525219,
Japan-afternoon,18,HF_norm,40,0.15046904315197,0.35404888913114185,0.5971908973296369,
Japan-afternoon,18,DFA_alpha1,40,-0.10581613508442779,0.5157912160910878,0.721570486000977,
Japan-afternoon,18,DFA_alpha2,0,,,,
Japan-afternoon,18,SDANN,40,0.4151969981238275,0.0077189311358287285,0.01861873834460115,*
Japan-afternoon,19,RMSSD,40,0.6382739212007505,9.378323862930926e-06,5.359042207389101e-05,***
Japan-afternoon,19,SDNN,40,0.5984990619136962,4.5184042715657176e-05,0.00018882883522961208,***
Japan-afternoon,19,pNN50,40,0.5285178236397748,0.0004554809208384905,0.0015745019485774979,**
Japan-afternoon,19,SD1,40,0.41801125703564734,0.007274104524401447,0.017710863189847,*
Japan-afternoon,19,SD2,40,0.6444652908067544,7.1951455102701816e-06,4.4153470456256053e-05,***
Japan-afternoon,19,SD1SD2,0,,,,
Japan-afternoon,19,VLF_power,40,0.2630393996247655,0.10103078901411544,0.20499000669530668,
Japan-afternoon,19,LF_power,40,0.10412757973733584,0.5225500452812593,0.721570486000977,
Japan-afternoon,19,HF_power,40,0.05534709193245779,0.7344545687309751,0.8020749230408526,
Japan-afternoon,19,Total_power,40,0.08405253283302065,0.6060974374894202,0.7476091739957607,
Japan-afternoon,19,LF_HF,40,-0.06360225140712947,0.696613741654717,0.7928936896882958,
Japan-afternoon,19,LF_norm,40,0.30187617260787997,0.05834161155741463,0.12727652328525219,
Japan-afternoon,19,HF_norm,40,0.14352720450281425,0.3769401651215838,0.6136235246165318,
Japan-afternoon,19,DFA_alpha1,40,-0.10356472795497187,0.5248126521222694,0.721570486000977,
Japan-afternoon,19,DFA_alpha2,0,,,,
Japan-afternoon,19,SDANN,40,0.40956848030018767,0.00867913269804337,0.02042148870127852,*
Japan-afternoon,20,RMSSD,40,0.6350844277673547,1.0725775208138943e-05,5.888660898586086e-05,***
Japan-afternoon,20,SDNN,40,0.5954971857410883,5.0450722191456797e-05,0.00020773826784717506,***
Japan-afternoon,20,pNN50,40,0.5213883677298312,0.0005607862163489554,0.0019148797631427746,**
Japan-afternoon,20,SD1,40,0.4181988742964353,0.007245250813268659,0.017710863189847,*
Japan-afternoon,20,SD2,40,0.6410881801125705,8.320112148965109e-06,4.9318398930992e-05,***
Japan-afternoon,20,SD1SD2,0,,,,
Japan-afternoon,20,VLF_power,40,0.25853658536585367,0.10722347976923498,0.20849009955129025,
Japan-afternoon,20,LF_power,40,0.10206378986866795,0.5308697147007188,0.721570486000977,
Japan-afternoon,20,HF_power,40,0.05572232645403378,0.7327202413890777,0.8020749230408526,
Japan-afternoon,20,Total_power,40,0.0804878048780488,0.6215110571820475,0.752492590061213,
Japan-afternoon,20,LF_HF,40,-0.06697936210131332,0.6813339163273451,0.7818585925067894,
Japan-afternoon,20,LF_norm,40,0.300562851782364,0.059499836293283634,0.12727652328525219,
Japan-afternoon,20,HF_norm,40,0.14709193245778612,0.36507782741047756,0.612106536975651,
Japan-afternoon,20,DFA_alpha1,40,-0.10431519699812385,0.5217969135408711,0.721570486000977,
Japan-afternoon,20,DFA_alpha2,0,,,,
Japan-afternoon,20,SDANN,40,0.4112570356472796,0.00838086863500718,0.01988680693052551,*
