TestCenter,Model,AUC
Japan,RF,0.5282738095238095
Chile,LogReg,0.37873754152823924
Chile,RF,0.534468438538206
Chile,SVM,0.5099667774086378
Spain,LogReg,0.6499402628434887
Spain,RF,0.6547192353643967
Spain,SVM,0.6332138590203106
